Recipe_ID,Recipe_Name,Meal_Type,Cuisine,Diet,Ingredients,Preparation,Prep_Time_Min
R00001,Poha,Breakfast,Maharashtrian,Vegan,Poha | Peanuts | Onion/Pyaz | Potato/Aloo,Prepare the ingredients and serve as breakfast.,25
R00002,Kanda Poha,Breakfast,Maharashtrian,Vegan,Poha | Onion/Pyaz | Peanuts,Prepare the ingredients and serve as breakfast.,25
R00003,Vegetable Poha,Breakfast,Maharashtrian,Vegan,Poha | Carrot/Gajar | Green Peas Fresh | Onion/Pyaz,Prepare the ingredients and serve as breakfast.,25
R00004,Sabudana Khichdi,Breakfast,Maharashtrian,Vegetarian,Sabudana | Potato/Aloo | Peanuts,Prepare the ingredients and serve as breakfast.,25
R00005,Upma,Breakfast,South Indian,Vegan,Carrot/Gajar | Green Peas Fresh | Onion/Pyaz,Prepare the ingredients and serve as breakfast.,25
R00006,Vegetable Upma,Breakfast,South Indian,Vegan,Carrot/Gajar | Green Peas Fresh,Prepare the ingredients and serve as breakfast.,25
R00007,Oats Upma,Breakfast,Indian,Vegan,Rolled Oats | Carrot/Gajar | Green Peas Fresh | Onion/Pyaz,Prepare the ingredients and serve as breakfast.,25
R00008,Vegetable Idli,Breakfast,South Indian,Vegetarian,Idli Batter | Carrot/Gajar | Green Peas Fresh,Prepare the ingredients and serve as breakfast.,25
R00009,Ragi Idli,Breakfast,South Indian,Vegan,Ragi Flour | Idli Batter,Prepare the ingredients and serve as breakfast.,25
R00010,Masala Dosa,Breakfast,South Indian,Vegetarian,Dosa Batter | Potato/Aloo | Onion/Pyaz,Prepare the ingredients and serve as breakfast.,25
R00011,Paneer Dosa,Breakfast,South Indian,Vegetarian,Dosa Batter | Paneer | Onion/Pyaz,Prepare the ingredients and serve as breakfast.,25
R00012,Vegetable Dosa,Breakfast,South Indian,Vegan,Dosa Batter | Carrot/Gajar | Capsicum/Bell Pepper | Onion/Pyaz,Prepare the ingredients and serve as breakfast.,25
R00013,Ragi Dosa,Breakfast,South Indian,Vegan,Ragi Flour | Dosa Batter,Prepare the ingredients and serve as breakfast.,25
R00014,Uttapam,Breakfast,South Indian,Vegan,Dosa Batter | Onion/Pyaz | Tomato/Tamatar,Prepare the ingredients and serve as breakfast.,25
R00015,Vegetable Uttapam,Breakfast,South Indian,Vegan,Dosa Batter | Onion/Pyaz | Tomato/Tamatar | Capsicum/Bell Pepper,Prepare the ingredients and serve as breakfast.,25
R00016,Pesarattu,Breakfast,Andhra,Vegan,Green Moong Whole | Onion/Pyaz | Green Chilli,Prepare the ingredients and serve as breakfast.,25
R00017,Moong Chilla,Breakfast,North Indian,Vegan,Moong Dal | Onion/Pyaz | Green Chilli,Prepare the ingredients and serve as breakfast.,25
R00018,Besan Chilla,Breakfast,North Indian,Vegan,Besan | Onion/Pyaz | Tomato/Tamatar,Prepare the ingredients and serve as breakfast.,25
R00019,Paneer Chilla,Breakfast,North Indian,Vegetarian,Besan | Paneer | Onion/Pyaz,Prepare the ingredients and serve as breakfast.,25
R00020,Spinach Chilla,Breakfast,North Indian,Vegan,Besan | Spinach/Palak | Onion/Pyaz,Prepare the ingredients and serve as breakfast.,25
R00021,Oats Chilla,Breakfast,Indian,Vegan,Rolled Oats | Besan | Onion/Pyaz,Prepare the ingredients and serve as breakfast.,25
R00022,Aloo Paratha,Breakfast,North Indian,Vegetarian,Whole Wheat Flour | Potato/Aloo | Onion/Pyaz | Curd/Dahi,Prepare the ingredients and serve as breakfast.,25
R00023,Paneer Paratha,Breakfast,North Indian,Vegetarian,Whole Wheat Flour | Paneer | Onion/Pyaz | Curd/Dahi,Prepare the ingredients and serve as breakfast.,25
R00024,Gobi Paratha,Breakfast,North Indian,Vegetarian,Whole Wheat Flour | Cauliflower/Gobhi | Onion/Pyaz,Prepare the ingredients and serve as breakfast.,25
R00025,Methi Paratha,Breakfast,North Indian,Vegetarian,Whole Wheat Flour | Methi Leaves | Curd/Dahi,Prepare the ingredients and serve as breakfast.,25
R00026,Mooli Paratha,Breakfast,North Indian,Vegetarian,Whole Wheat Flour | Radish/Mooli | Onion/Pyaz,Prepare the ingredients and serve as breakfast.,25
R00027,Thepla,Breakfast,Gujarati,Vegetarian,Whole Wheat Flour | Methi Leaves | Curd/Dahi,Prepare the ingredients and serve as breakfast.,25
R00028,Methi Thepla,Breakfast,Gujarati,Vegetarian,Whole Wheat Flour | Methi Leaves | Curd/Dahi,Prepare the ingredients and serve as breakfast.,25
R00029,Bajra Roti Breakfast,Breakfast,Rajasthani,Vegan,Bajra Flour | Onion/Pyaz,Prepare the ingredients and serve as breakfast.,25
R00030,Jowar Bhakri,Breakfast,Maharashtrian,Vegan,Jowar Flour | Onion/Pyaz,Prepare the ingredients and serve as breakfast.,25
R00031,Thalipeeth,Breakfast,Maharashtrian,Vegan,Thalipeeth Flour | Onion/Pyaz,Prepare the ingredients and serve as breakfast.,25
R00032,Dhokla,Breakfast,Gujarati,Vegetarian,Besan | Idli Batter,Prepare the ingredients and serve as breakfast.,25
R00033,Handvo,Breakfast,Gujarati,Vegetarian,Green Peas Fresh | Carrot/Gajar,Prepare the ingredients and serve as breakfast.,25
R00034,Khandvi,Breakfast,Gujarati,Vegetarian,Besan | Toned Milk,Prepare the ingredients and serve as breakfast.,25
R00035,Misal Pav,Breakfast,Maharashtrian,Vegan,Matki | Onion/Pyaz | Tomato/Tamatar,Prepare the ingredients and serve as breakfast.,25
R00036,Usal Pav,Breakfast,Maharashtrian,Vegan,Matki | Onion/Pyaz,Prepare the ingredients and serve as breakfast.,25
R00037,Vegetable Sandwich,Breakfast,Indian,Vegetarian,Cucumber/Kheera | Tomato/Tamatar | Carrot/Gajar,Prepare the ingredients and serve as breakfast.,25
R00038,Paneer Sandwich,Breakfast,Indian,Vegetarian,Paneer | Tomato/Tamatar | Onion/Pyaz,Prepare the ingredients and serve as breakfast.,25
R00039,Egg Sandwich,Breakfast,Indian,Non-Vegetarian,Eggs | Tomato/Tamatar | Onion/Pyaz,Prepare the ingredients and serve as breakfast.,25
R00040,Masala Omelette,Breakfast,Indian,Non-Vegetarian,Eggs | Onion/Pyaz | Tomato/Tamatar | Capsicum/Bell Pepper,Prepare the ingredients and serve as breakfast.,25
R00041,Egg Bhurji Toast,Breakfast,Indian,Non-Vegetarian,Eggs | Onion/Pyaz | Tomato/Tamatar,Prepare the ingredients and serve as breakfast.,25
R00042,Paneer Bhurji Toast,Breakfast,Indian,Vegetarian,Paneer | Onion/Pyaz | Tomato/Tamatar,Prepare the ingredients and serve as breakfast.,25
R00043,Sprout Breakfast Bowl,Breakfast,Indian,Vegan,Sprouted Moong | Tomato/Tamatar | Cucumber/Kheera | Peanuts,Prepare the ingredients and serve as breakfast.,10
R00044,Curd Fruit Bowl,Breakfast,Indian,Vegetarian,Curd/Dahi | Banana/Kela | Apple/Seb | Chia Seeds,Prepare the ingredients and serve as breakfast.,10
R00045,Oats Banana Bowl,Breakfast,Indian,Vegetarian,Rolled Oats | Banana/Kela | Toned Milk | Chia Seeds,Prepare the ingredients and serve as breakfast.,10
R00046,Rajma Chawal,Lunch,North Indian,Vegetarian,Rajma | Rice | Tomato/Tamatar | Onion/Pyaz,Cook the main dish and serve with the accompanying rice or flatbread.,35
R00047,Chole Chawal,Lunch,North Indian,Vegan,Chickpeas/Kabuli Chana | Rice | Tomato/Tamatar | Onion/Pyaz,Cook the main dish and serve with the accompanying rice or flatbread.,35
R00048,Dal Tadka Rice,Lunch,North Indian,Vegetarian,Toor Dal | Rice | Tomato/Tamatar | Onion/Pyaz,Cook the main dish and serve with the accompanying rice or flatbread.,35
R00049,Dal Makhani Rice,Lunch,Punjabi,Vegetarian,Rice | Tomato/Tamatar | Onion/Pyaz,Cook the main dish and serve with the accompanying rice or flatbread.,35
R00050,Kadhi Chawal,Lunch,North Indian,Vegetarian,Besan | Curd/Dahi | Rice,Cook the main dish and serve with the accompanying rice or flatbread.,35
R00051,Palak Paneer Rice,Lunch,North Indian,Vegetarian,Spinach/Palak | Paneer | Rice,Cook the main dish and serve with the accompanying rice or flatbread.,35
R00052,Matar Paneer Rice,Lunch,North Indian,Vegetarian,Paneer | Green Peas Fresh | Rice,Cook the main dish and serve with the accompanying rice or flatbread.,35
R00053,Aloo Gobi Roti,Lunch,North Indian,Vegan,Potato/Aloo | Cauliflower/Gobhi | Whole Wheat Flour,Cook the main dish and serve with the accompanying rice or flatbread.,35
R00054,Bhindi Roti,Lunch,North Indian,Vegan,Okra/Bhindi | Whole Wheat Flour | Onion/Pyaz,Cook the main dish and serve with the accompanying rice or flatbread.,35
R00055,Baingan Bharta Roti,Lunch,North Indian,Vegan,Brinjal/Baingan | Whole Wheat Flour | Tomato/Tamatar,Cook the main dish and serve with the accompanying rice or flatbread.,35
R00056,Dal Paratha Meal,Lunch,North Indian,Vegetarian,Toor Dal | Whole Wheat Flour | Onion/Pyaz,Cook the main dish and serve with the accompanying rice or flatbread.,35
R00057,Sambar Rice,Lunch,South Indian,Vegan,Toor Dal | Rice | Carrot/Gajar | Green Beans,Cook the main dish and serve with the accompanying rice or flatbread.,35
R00058,Rasam Rice,Lunch,South Indian,Vegan,Toor Dal | Rice | Tomato/Tamatar,Cook the main dish and serve with the accompanying rice or flatbread.,35
R00059,Curd Rice,Lunch,South Indian,Vegetarian,Rice | Curd/Dahi | Cucumber/Kheera,Cook the main dish and serve with the accompanying rice or flatbread.,35
R00060,Lemon Rice,Lunch,South Indian,Vegan,Rice | Peanuts,Cook the main dish and serve with the accompanying rice or flatbread.,35
R00061,Coconut Rice,Lunch,South Indian,Vegan,Rice | Coconut | Peanuts,Cook the main dish and serve with the accompanying rice or flatbread.,35
R00062,Vegetable Pulao,Lunch,Indian,Vegan,Basmati Rice | Carrot/Gajar | Green Peas Fresh,Cook the main dish and serve with the accompanying rice or flatbread.,35
R00063,Veg Biryani,Lunch,Indian,Vegetarian,Basmati Rice | Carrot/Gajar | Green Peas Fresh | Cauliflower/Gobhi,Cook the main dish and serve with the accompanying rice or flatbread.,35
R00064,Chicken Biryani,Lunch,Indian,Non-Vegetarian,Basmati Rice | Chicken Curry Cut | Onion/Pyaz | Tomato/Tamatar,Cook the main dish and serve with the accompanying rice or flatbread.,35
R00065,Egg Biryani,Lunch,Indian,Non-Vegetarian,Basmati Rice | Eggs | Onion/Pyaz | Tomato/Tamatar,Cook the main dish and serve with the accompanying rice or flatbread.,35
R00066,Chicken Curry Rice,Lunch,Indian,Non-Vegetarian,Chicken Curry Cut | Rice | Tomato/Tamatar | Onion/Pyaz,Cook the main dish and serve with the accompanying rice or flatbread.,35
R00067,Fish Curry Rice,Lunch,Indian,Non-Vegetarian,Rohu Fish | Rice | Tomato/Tamatar | Coconut Milk,Cook the main dish and serve with the accompanying rice or flatbread.,35
R00068,Prawn Rice,Lunch,Indian,Non-Vegetarian,Prawns | Rice | Capsicum/Bell Pepper | Onion/Pyaz,Cook the main dish and serve with the accompanying rice or flatbread.,35
R00069,Pithla Bhakri,Lunch,Maharashtrian,Vegan,Besan | Bajra Flour | Onion/Pyaz,Cook the main dish and serve with the accompanying rice or flatbread.,35
R00070,Varan Bhaat,Lunch,Maharashtrian,Vegetarian,Toor Dal | Rice | Ghee,Cook the main dish and serve with the accompanying rice or flatbread.,35
R00071,Dal Baati,Lunch,Rajasthani,Vegetarian,Panchmel Dal | Whole Wheat Flour | Ghee,Cook the main dish and serve with the accompanying rice or flatbread.,35
R00072,Gatte Rice,Lunch,Rajasthani,Vegetarian,Besan | Rice | Curd/Dahi,Cook the main dish and serve with the accompanying rice or flatbread.,35
R00073,Gujarati Dal Rice,Lunch,Gujarati,Vegetarian,Toor Dal | Rice,Cook the main dish and serve with the accompanying rice or flatbread.,35
R00074,Khichdi Kadhi,Lunch,Gujarati,Vegetarian,Rice | Moong Dal | Curd/Dahi | Besan,Cook the main dish and serve with the accompanying rice or flatbread.,35
R00075,Sarson Saag Makki Roti,Lunch,Punjabi,Vegetarian,Makki Atta | Ghee,Cook the main dish and serve with the accompanying rice or flatbread.,35
R00076,Khichuri,Lunch,Bengali,Vegetarian,Rice | Moong Dal | Potato/Aloo | Green Peas Fresh,Cook the main dish and serve with the accompanying rice or flatbread.,35
R00077,Cholar Dal Rice,Lunch,Bengali,Vegetarian,Chana Dal | Rice | Coconut,Cook the main dish and serve with the accompanying rice or flatbread.,35
R00078,Palak Paneer Roti,Dinner,North Indian,Vegetarian,Spinach/Palak | Paneer | Whole Wheat Flour | Tomato/Tamatar,Cook the protein and vegetables and serve as a complete dinner.,30
R00079,Matar Paneer Roti,Dinner,North Indian,Vegetarian,Paneer | Green Peas Fresh | Whole Wheat Flour | Tomato/Tamatar,Cook the protein and vegetables and serve as a complete dinner.,30
R00080,Shahi Paneer Roti,Dinner,North Indian,Vegetarian,Paneer | Toned Milk | Whole Wheat Flour | Tomato/Tamatar,Cook the protein and vegetables and serve as a complete dinner.,30
R00081,Paneer Tikka,Dinner,North Indian,Vegetarian,Paneer | Curd/Dahi | Capsicum/Bell Pepper | Onion/Pyaz,Cook the protein and vegetables and serve as a complete dinner.,30
R00082,Tofu Tikka,Dinner,Indian,Vegan,Tofu | Capsicum/Bell Pepper | Onion/Pyaz | Tomato/Tamatar,Cook the protein and vegetables and serve as a complete dinner.,30
R00083,Soya Chunk Curry Roti,Dinner,Indian,Vegan,Soya Chunks | Tomato/Tamatar | Onion/Pyaz | Whole Wheat Flour,Cook the protein and vegetables and serve as a complete dinner.,30
R00084,Mixed Veg Roti,Dinner,Indian,Vegan,Carrot/Gajar | Green Peas Fresh | Cauliflower/Gobhi | Whole Wheat Flour,Cook the protein and vegetables and serve as a complete dinner.,30
R00085,Bhindi Masala Roti,Dinner,North Indian,Vegan,Okra/Bhindi | Whole Wheat Flour | Tomato/Tamatar,Cook the protein and vegetables and serve as a complete dinner.,30
R00086,Dal Roti,Dinner,Indian,Vegetarian,Toor Dal | Whole Wheat Flour | Onion/Pyaz,Cook the protein and vegetables and serve as a complete dinner.,30
R00087,Moong Dal Khichdi,Dinner,Indian,Vegetarian,Rice | Moong Dal | Carrot/Gajar | Green Peas Fresh,Cook the protein and vegetables and serve as a complete dinner.,30
R00088,Vegetable Khichdi,Dinner,Indian,Vegan,Rice | Moong Dal | Carrot/Gajar | Green Beans,Cook the protein and vegetables and serve as a complete dinner.,30
R00089,Chicken Roti Roll,Dinner,Indian,Non-Vegetarian,Chicken Breast | Whole Wheat Flour | Onion/Pyaz | Cucumber/Kheera,Cook the protein and vegetables and serve as a complete dinner.,30
R00090,Chicken Tikka,Dinner,North Indian,Non-Vegetarian,Chicken Breast | Curd/Dahi | Capsicum/Bell Pepper | Onion/Pyaz,Cook the protein and vegetables and serve as a complete dinner.,30
R00091,Chicken Curry Roti,Dinner,North Indian,Non-Vegetarian,Chicken Curry Cut | Whole Wheat Flour | Tomato/Tamatar | Onion/Pyaz,Cook the protein and vegetables and serve as a complete dinner.,30
R00092,Fish Tikka,Dinner,Indian,Non-Vegetarian,Rohu Fish | Curd/Dahi | Onion/Pyaz,Cook the protein and vegetables and serve as a complete dinner.,30
R00093,Egg Curry Roti,Dinner,Indian,Non-Vegetarian,Eggs | Whole Wheat Flour | Tomato/Tamatar | Onion/Pyaz,Cook the protein and vegetables and serve as a complete dinner.,30
R00094,Egg Bhurji Roti,Dinner,Indian,Non-Vegetarian,Eggs | Whole Wheat Flour | Tomato/Tamatar | Onion/Pyaz,Cook the protein and vegetables and serve as a complete dinner.,30
R00095,Prawn Stir Fry Rice,Dinner,Indian,Non-Vegetarian,Prawns | Rice | Capsicum/Bell Pepper | Green Peas Fresh,Cook the protein and vegetables and serve as a complete dinner.,30
R00096,Vegetable Pasta,Dinner,Italian,Vegetarian,Whole Wheat Pasta | Tomato/Tamatar | Broccoli | Mushroom,Cook the protein and vegetables and serve as a complete dinner.,30
R00097,Chicken Pasta,Dinner,Italian,Non-Vegetarian,Whole Wheat Pasta | Chicken Breast | Tomato/Tamatar | Spinach/Palak,Cook the protein and vegetables and serve as a complete dinner.,30
R00098,Tofu Noodle Bowl,Dinner,Asian,Vegan,Rice Noodles | Tofu | Carrot/Gajar | Bean Sprouts,Cook the protein and vegetables and serve as a complete dinner.,30
R00099,Chicken Noodle Bowl,Dinner,Asian,Non-Vegetarian,Rice Noodles | Chicken Breast | Carrot/Gajar | Bean Sprouts,Cook the protein and vegetables and serve as a complete dinner.,30
R00100,Chickpea Quinoa Bowl,Dinner,Mediterranean,Vegan,Quinoa | Chickpeas/Kabuli Chana | Cucumber/Kheera | Tomato/Tamatar,Cook the protein and vegetables and serve as a complete dinner.,30
R00101,Tofu Quinoa Bowl,Dinner,International,Vegan,Quinoa | Tofu | Broccoli | Carrot/Gajar,Cook the protein and vegetables and serve as a complete dinner.,30
R00102,Sprout Chaat,Snack,Indian,Vegan,Sprouted Moong | Tomato/Tamatar | Onion/Pyaz | Cucumber/Kheera,Prepare or combine the ingredients and portion as a snack.,10
R00103,Chana Chaat,Snack,Indian,Vegan,Chickpeas/Kabuli Chana | Tomato/Tamatar | Onion/Pyaz | Cucumber/Kheera,Prepare or combine the ingredients and portion as a snack.,10
R00104,Corn Chaat,Snack,Indian,Vegan,Corn | Tomato/Tamatar | Onion/Pyaz,Prepare or combine the ingredients and portion as a snack.,10
R00105,Fruit Chaat,Snack,Indian,Vegan,Apple/Seb | Banana/Kela | Pomegranate/Anar | Papaya/Papita,Prepare or combine the ingredients and portion as a snack.,10
R00106,Makhana Roasted,Snack,Indian,Vegetarian,Makhana | Pumpkin Seeds,Prepare or combine the ingredients and portion as a snack.,10
R00107,Roasted Chana Mix,Snack,Indian,Vegan,Roasted Chana | Peanuts | Raisins,Prepare or combine the ingredients and portion as a snack.,10
R00108,Dahi Fruit Bowl,Snack,Indian,Vegetarian,Curd/Dahi | Banana/Kela | Apple/Seb | Chia Seeds,Prepare or combine the ingredients and portion as a snack.,10
R00109,Hummus Veggie Plate,Snack,Middle Eastern,Vegan,Hummus | Cucumber/Kheera | Carrot/Gajar | Whole Grain Crackers,Prepare or combine the ingredients and portion as a snack.,10
R00110,Greek Yogurt Berries,Snack,Mediterranean,Vegetarian,Greek Yogurt | Strawberries | Blueberries | Chia Seeds,Prepare or combine the ingredients and portion as a snack.,10
R00111,Peanut Butter Banana Toast,Snack,International,Vegetarian,Peanut Butter | Banana/Kela,Prepare or combine the ingredients and portion as a snack.,10
R00112,Edamame Snack,Snack,Japanese,Vegan,Edamame | Sesame Seeds | Soy Sauce,Prepare or combine the ingredients and portion as a snack.,10
R00113,Indian Toor Dal Potato/Aloo Paratha,Breakfast,North Indian,Vegan,Whole Wheat Flour | Toor Dal | Potato/Aloo,Prepare the matched ingredients together and serve as a balanced meal.,30
R00114,Indian Toor Dal Carrot/Gajar Paratha,Breakfast,North Indian,Vegan,Whole Wheat Flour | Toor Dal | Carrot/Gajar,Prepare the matched ingredients together and serve as a balanced meal.,30
R00115,Indian Toor Dal Green Peas Fresh Paratha,Breakfast,North Indian,Vegan,Whole Wheat Flour | Toor Dal | Green Peas Fresh,Prepare the matched ingredients together and serve as a balanced meal.,30
R00116,Indian Toor Dal Spinach/Palak Paratha,Breakfast,North Indian,Vegan,Whole Wheat Flour | Toor Dal | Spinach/Palak,Prepare the matched ingredients together and serve as a balanced meal.,30
R00117,Indian Toor Dal Cauliflower/Gobhi Paratha,Breakfast,North Indian,Vegan,Whole Wheat Flour | Toor Dal | Cauliflower/Gobhi,Prepare the matched ingredients together and serve as a balanced meal.,30
R00118,Indian Toor Dal Okra/Bhindi Paratha,Breakfast,North Indian,Vegan,Whole Wheat Flour | Toor Dal | Okra/Bhindi,Prepare the matched ingredients together and serve as a balanced meal.,30
R00119,Indian Toor Dal Brinjal/Baingan Paratha,Breakfast,North Indian,Vegan,Whole Wheat Flour | Toor Dal | Brinjal/Baingan,Prepare the matched ingredients together and serve as a balanced meal.,30
R00120,Indian Toor Dal Capsicum/Bell Pepper Paratha,Breakfast,North Indian,Vegan,Whole Wheat Flour | Toor Dal | Capsicum/Bell Pepper,Prepare the matched ingredients together and serve as a balanced meal.,30
R00121,Indian Toor Dal Tomato/Tamatar Paratha,Breakfast,North Indian,Vegan,Whole Wheat Flour | Toor Dal | Tomato/Tamatar,Prepare the matched ingredients together and serve as a balanced meal.,30
R00122,Indian Toor Dal Onion/Pyaz Paratha,Breakfast,North Indian,Vegan,Whole Wheat Flour | Toor Dal | Onion/Pyaz,Prepare the matched ingredients together and serve as a balanced meal.,30
R00123,Indian Toor Dal Cucumber/Kheera Paratha,Breakfast,North Indian,Vegan,Whole Wheat Flour | Toor Dal | Cucumber/Kheera,Prepare the matched ingredients together and serve as a balanced meal.,30
R00124,Indian Toor Dal Broccoli Paratha,Breakfast,North Indian,Vegan,Whole Wheat Flour | Toor Dal | Broccoli,Prepare the matched ingredients together and serve as a balanced meal.,30
R00125,Indian Toor Dal Mushroom Paratha,Breakfast,North Indian,Vegan,Whole Wheat Flour | Toor Dal | Mushroom,Prepare the matched ingredients together and serve as a balanced meal.,30
R00126,Indian Toor Dal Corn Paratha,Breakfast,North Indian,Vegan,Whole Wheat Flour | Toor Dal | Corn,Prepare the matched ingredients together and serve as a balanced meal.,30
R00127,Indian Toor Dal Methi Leaves Paratha,Breakfast,North Indian,Vegan,Whole Wheat Flour | Toor Dal | Methi Leaves,Prepare the matched ingredients together and serve as a balanced meal.,30
R00128,Indian Moong Dal Potato/Aloo Paratha,Breakfast,North Indian,Vegan,Whole Wheat Flour | Moong Dal | Potato/Aloo,Prepare the matched ingredients together and serve as a balanced meal.,30
R00129,Indian Moong Dal Carrot/Gajar Paratha,Breakfast,North Indian,Vegan,Whole Wheat Flour | Moong Dal | Carrot/Gajar,Prepare the matched ingredients together and serve as a balanced meal.,30
R00130,Indian Moong Dal Green Peas Fresh Paratha,Breakfast,North Indian,Vegan,Whole Wheat Flour | Moong Dal | Green Peas Fresh,Prepare the matched ingredients together and serve as a balanced meal.,30
R00131,Indian Moong Dal Spinach/Palak Paratha,Breakfast,North Indian,Vegan,Whole Wheat Flour | Moong Dal | Spinach/Palak,Prepare the matched ingredients together and serve as a balanced meal.,30
R00132,Indian Moong Dal Cauliflower/Gobhi Paratha,Breakfast,North Indian,Vegan,Whole Wheat Flour | Moong Dal | Cauliflower/Gobhi,Prepare the matched ingredients together and serve as a balanced meal.,30
R00133,Indian Moong Dal Okra/Bhindi Paratha,Breakfast,North Indian,Vegan,Whole Wheat Flour | Moong Dal | Okra/Bhindi,Prepare the matched ingredients together and serve as a balanced meal.,30
R00134,Indian Moong Dal Brinjal/Baingan Paratha,Breakfast,North Indian,Vegan,Whole Wheat Flour | Moong Dal | Brinjal/Baingan,Prepare the matched ingredients together and serve as a balanced meal.,30
R00135,Indian Moong Dal Capsicum/Bell Pepper Paratha,Breakfast,North Indian,Vegan,Whole Wheat Flour | Moong Dal | Capsicum/Bell Pepper,Prepare the matched ingredients together and serve as a balanced meal.,30
R00136,Indian Moong Dal Tomato/Tamatar Paratha,Breakfast,North Indian,Vegan,Whole Wheat Flour | Moong Dal | Tomato/Tamatar,Prepare the matched ingredients together and serve as a balanced meal.,30
R00137,Indian Moong Dal Onion/Pyaz Paratha,Breakfast,North Indian,Vegan,Whole Wheat Flour | Moong Dal | Onion/Pyaz,Prepare the matched ingredients together and serve as a balanced meal.,30
R00138,Indian Moong Dal Cucumber/Kheera Paratha,Breakfast,North Indian,Vegan,Whole Wheat Flour | Moong Dal | Cucumber/Kheera,Prepare the matched ingredients together and serve as a balanced meal.,30
R00139,Indian Moong Dal Broccoli Paratha,Breakfast,North Indian,Vegan,Whole Wheat Flour | Moong Dal | Broccoli,Prepare the matched ingredients together and serve as a balanced meal.,30
R00140,Indian Moong Dal Mushroom Paratha,Breakfast,North Indian,Vegan,Whole Wheat Flour | Moong Dal | Mushroom,Prepare the matched ingredients together and serve as a balanced meal.,30
R00141,Indian Moong Dal Corn Paratha,Breakfast,North Indian,Vegan,Whole Wheat Flour | Moong Dal | Corn,Prepare the matched ingredients together and serve as a balanced meal.,30
R00142,Indian Moong Dal Methi Leaves Paratha,Breakfast,North Indian,Vegan,Whole Wheat Flour | Moong Dal | Methi Leaves,Prepare the matched ingredients together and serve as a balanced meal.,30
R00143,Indian Masoor Dal Potato/Aloo Paratha,Breakfast,North Indian,Vegan,Whole Wheat Flour | Masoor Dal | Potato/Aloo,Prepare the matched ingredients together and serve as a balanced meal.,30
R00144,Indian Masoor Dal Carrot/Gajar Paratha,Breakfast,North Indian,Vegan,Whole Wheat Flour | Masoor Dal | Carrot/Gajar,Prepare the matched ingredients together and serve as a balanced meal.,30
R00145,Indian Masoor Dal Green Peas Fresh Paratha,Breakfast,North Indian,Vegan,Whole Wheat Flour | Masoor Dal | Green Peas Fresh,Prepare the matched ingredients together and serve as a balanced meal.,30
R00146,Indian Masoor Dal Spinach/Palak Paratha,Breakfast,North Indian,Vegan,Whole Wheat Flour | Masoor Dal | Spinach/Palak,Prepare the matched ingredients together and serve as a balanced meal.,30
R00147,Indian Masoor Dal Cauliflower/Gobhi Paratha,Breakfast,North Indian,Vegan,Whole Wheat Flour | Masoor Dal | Cauliflower/Gobhi,Prepare the matched ingredients together and serve as a balanced meal.,30
R00148,Indian Masoor Dal Okra/Bhindi Paratha,Breakfast,North Indian,Vegan,Whole Wheat Flour | Masoor Dal | Okra/Bhindi,Prepare the matched ingredients together and serve as a balanced meal.,30
R00149,Indian Masoor Dal Brinjal/Baingan Paratha,Breakfast,North Indian,Vegan,Whole Wheat Flour | Masoor Dal | Brinjal/Baingan,Prepare the matched ingredients together and serve as a balanced meal.,30
R00150,Indian Masoor Dal Capsicum/Bell Pepper Paratha,Breakfast,North Indian,Vegan,Whole Wheat Flour | Masoor Dal | Capsicum/Bell Pepper,Prepare the matched ingredients together and serve as a balanced meal.,30
R00151,Indian Masoor Dal Tomato/Tamatar Paratha,Breakfast,North Indian,Vegan,Whole Wheat Flour | Masoor Dal | Tomato/Tamatar,Prepare the matched ingredients together and serve as a balanced meal.,30
R00152,Indian Masoor Dal Onion/Pyaz Paratha,Breakfast,North Indian,Vegan,Whole Wheat Flour | Masoor Dal | Onion/Pyaz,Prepare the matched ingredients together and serve as a balanced meal.,30
R00153,Indian Masoor Dal Cucumber/Kheera Paratha,Breakfast,North Indian,Vegan,Whole Wheat Flour | Masoor Dal | Cucumber/Kheera,Prepare the matched ingredients together and serve as a balanced meal.,30
R00154,Indian Masoor Dal Broccoli Paratha,Breakfast,North Indian,Vegan,Whole Wheat Flour | Masoor Dal | Broccoli,Prepare the matched ingredients together and serve as a balanced meal.,30
R00155,Indian Masoor Dal Mushroom Paratha,Breakfast,North Indian,Vegan,Whole Wheat Flour | Masoor Dal | Mushroom,Prepare the matched ingredients together and serve as a balanced meal.,30
R00156,Indian Masoor Dal Corn Paratha,Breakfast,North Indian,Vegan,Whole Wheat Flour | Masoor Dal | Corn,Prepare the matched ingredients together and serve as a balanced meal.,30
R00157,Indian Masoor Dal Methi Leaves Paratha,Breakfast,North Indian,Vegan,Whole Wheat Flour | Masoor Dal | Methi Leaves,Prepare the matched ingredients together and serve as a balanced meal.,30
R00158,Indian Chana Dal Potato/Aloo Paratha,Breakfast,North Indian,Vegan,Whole Wheat Flour | Chana Dal | Potato/Aloo,Prepare the matched ingredients together and serve as a balanced meal.,30
R00159,Indian Chana Dal Carrot/Gajar Paratha,Breakfast,North Indian,Vegan,Whole Wheat Flour | Chana Dal | Carrot/Gajar,Prepare the matched ingredients together and serve as a balanced meal.,30
R00160,Indian Chana Dal Green Peas Fresh Paratha,Breakfast,North Indian,Vegan,Whole Wheat Flour | Chana Dal | Green Peas Fresh,Prepare the matched ingredients together and serve as a balanced meal.,30
R00161,Indian Chana Dal Spinach/Palak Paratha,Breakfast,North Indian,Vegan,Whole Wheat Flour | Chana Dal | Spinach/Palak,Prepare the matched ingredients together and serve as a balanced meal.,30
R00162,Indian Chana Dal Cauliflower/Gobhi Paratha,Breakfast,North Indian,Vegan,Whole Wheat Flour | Chana Dal | Cauliflower/Gobhi,Prepare the matched ingredients together and serve as a balanced meal.,30
R00163,Indian Chana Dal Okra/Bhindi Paratha,Breakfast,North Indian,Vegan,Whole Wheat Flour | Chana Dal | Okra/Bhindi,Prepare the matched ingredients together and serve as a balanced meal.,30
R00164,Indian Chana Dal Brinjal/Baingan Paratha,Breakfast,North Indian,Vegan,Whole Wheat Flour | Chana Dal | Brinjal/Baingan,Prepare the matched ingredients together and serve as a balanced meal.,30
R00165,Indian Chana Dal Capsicum/Bell Pepper Paratha,Breakfast,North Indian,Vegan,Whole Wheat Flour | Chana Dal | Capsicum/Bell Pepper,Prepare the matched ingredients together and serve as a balanced meal.,30
R00166,Indian Chana Dal Tomato/Tamatar Paratha,Breakfast,North Indian,Vegan,Whole Wheat Flour | Chana Dal | Tomato/Tamatar,Prepare the matched ingredients together and serve as a balanced meal.,30
R00167,Indian Chana Dal Onion/Pyaz Paratha,Breakfast,North Indian,Vegan,Whole Wheat Flour | Chana Dal | Onion/Pyaz,Prepare the matched ingredients together and serve as a balanced meal.,30
R00168,Indian Chana Dal Cucumber/Kheera Paratha,Breakfast,North Indian,Vegan,Whole Wheat Flour | Chana Dal | Cucumber/Kheera,Prepare the matched ingredients together and serve as a balanced meal.,30
R00169,Indian Chana Dal Broccoli Paratha,Breakfast,North Indian,Vegan,Whole Wheat Flour | Chana Dal | Broccoli,Prepare the matched ingredients together and serve as a balanced meal.,30
R00170,Indian Chana Dal Mushroom Paratha,Breakfast,North Indian,Vegan,Whole Wheat Flour | Chana Dal | Mushroom,Prepare the matched ingredients together and serve as a balanced meal.,30
R00171,Indian Chana Dal Corn Paratha,Breakfast,North Indian,Vegan,Whole Wheat Flour | Chana Dal | Corn,Prepare the matched ingredients together and serve as a balanced meal.,30
R00172,Indian Chana Dal Methi Leaves Paratha,Breakfast,North Indian,Vegan,Whole Wheat Flour | Chana Dal | Methi Leaves,Prepare the matched ingredients together and serve as a balanced meal.,30
R00173,Indian Rajma Potato/Aloo Paratha,Breakfast,North Indian,Vegan,Whole Wheat Flour | Rajma | Potato/Aloo,Prepare the matched ingredients together and serve as a balanced meal.,30
R00174,Indian Rajma Carrot/Gajar Paratha,Breakfast,North Indian,Vegan,Whole Wheat Flour | Rajma | Carrot/Gajar,Prepare the matched ingredients together and serve as a balanced meal.,30
R00175,Indian Rajma Green Peas Fresh Paratha,Breakfast,North Indian,Vegan,Whole Wheat Flour | Rajma | Green Peas Fresh,Prepare the matched ingredients together and serve as a balanced meal.,30
R00176,Indian Rajma Spinach/Palak Paratha,Breakfast,North Indian,Vegan,Whole Wheat Flour | Rajma | Spinach/Palak,Prepare the matched ingredients together and serve as a balanced meal.,30
R00177,Indian Rajma Cauliflower/Gobhi Paratha,Breakfast,North Indian,Vegan,Whole Wheat Flour | Rajma | Cauliflower/Gobhi,Prepare the matched ingredients together and serve as a balanced meal.,30
R00178,Indian Rajma Okra/Bhindi Paratha,Breakfast,North Indian,Vegan,Whole Wheat Flour | Rajma | Okra/Bhindi,Prepare the matched ingredients together and serve as a balanced meal.,30
R00179,Indian Rajma Brinjal/Baingan Paratha,Breakfast,North Indian,Vegan,Whole Wheat Flour | Rajma | Brinjal/Baingan,Prepare the matched ingredients together and serve as a balanced meal.,30
R00180,Indian Rajma Capsicum/Bell Pepper Paratha,Breakfast,North Indian,Vegan,Whole Wheat Flour | Rajma | Capsicum/Bell Pepper,Prepare the matched ingredients together and serve as a balanced meal.,30
R00181,Indian Rajma Tomato/Tamatar Paratha,Breakfast,North Indian,Vegan,Whole Wheat Flour | Rajma | Tomato/Tamatar,Prepare the matched ingredients together and serve as a balanced meal.,30
R00182,Indian Rajma Onion/Pyaz Paratha,Breakfast,North Indian,Vegan,Whole Wheat Flour | Rajma | Onion/Pyaz,Prepare the matched ingredients together and serve as a balanced meal.,30
R00183,Indian Rajma Cucumber/Kheera Paratha,Breakfast,North Indian,Vegan,Whole Wheat Flour | Rajma | Cucumber/Kheera,Prepare the matched ingredients together and serve as a balanced meal.,30
R00184,Indian Rajma Broccoli Paratha,Breakfast,North Indian,Vegan,Whole Wheat Flour | Rajma | Broccoli,Prepare the matched ingredients together and serve as a balanced meal.,30
R00185,Indian Rajma Mushroom Paratha,Breakfast,North Indian,Vegan,Whole Wheat Flour | Rajma | Mushroom,Prepare the matched ingredients together and serve as a balanced meal.,30
R00186,Indian Rajma Corn Paratha,Breakfast,North Indian,Vegan,Whole Wheat Flour | Rajma | Corn,Prepare the matched ingredients together and serve as a balanced meal.,30
R00187,Indian Rajma Methi Leaves Paratha,Breakfast,North Indian,Vegan,Whole Wheat Flour | Rajma | Methi Leaves,Prepare the matched ingredients together and serve as a balanced meal.,30
R00188,Indian Chickpeas/Kabuli Chana Potato/Aloo Paratha,Breakfast,North Indian,Vegan,Whole Wheat Flour | Chickpeas/Kabuli Chana | Potato/Aloo,Prepare the matched ingredients together and serve as a balanced meal.,30
R00189,Indian Chickpeas/Kabuli Chana Carrot/Gajar Paratha,Breakfast,North Indian,Vegan,Whole Wheat Flour | Chickpeas/Kabuli Chana | Carrot/Gajar,Prepare the matched ingredients together and serve as a balanced meal.,30
R00190,Indian Chickpeas/Kabuli Chana Green Peas Fresh Paratha,Breakfast,North Indian,Vegan,Whole Wheat Flour | Chickpeas/Kabuli Chana | Green Peas Fresh,Prepare the matched ingredients together and serve as a balanced meal.,30
R00191,Indian Chickpeas/Kabuli Chana Spinach/Palak Paratha,Breakfast,North Indian,Vegan,Whole Wheat Flour | Chickpeas/Kabuli Chana | Spinach/Palak,Prepare the matched ingredients together and serve as a balanced meal.,30
R00192,Indian Chickpeas/Kabuli Chana Cauliflower/Gobhi Paratha,Breakfast,North Indian,Vegan,Whole Wheat Flour | Chickpeas/Kabuli Chana | Cauliflower/Gobhi,Prepare the matched ingredients together and serve as a balanced meal.,30
R00193,Indian Chickpeas/Kabuli Chana Okra/Bhindi Paratha,Breakfast,North Indian,Vegan,Whole Wheat Flour | Chickpeas/Kabuli Chana | Okra/Bhindi,Prepare the matched ingredients together and serve as a balanced meal.,30
R00194,Indian Chickpeas/Kabuli Chana Brinjal/Baingan Paratha,Breakfast,North Indian,Vegan,Whole Wheat Flour | Chickpeas/Kabuli Chana | Brinjal/Baingan,Prepare the matched ingredients together and serve as a balanced meal.,30
R00195,Indian Chickpeas/Kabuli Chana Capsicum/Bell Pepper Paratha,Breakfast,North Indian,Vegan,Whole Wheat Flour | Chickpeas/Kabuli Chana | Capsicum/Bell Pepper,Prepare the matched ingredients together and serve as a balanced meal.,30
R00196,Indian Chickpeas/Kabuli Chana Tomato/Tamatar Paratha,Breakfast,North Indian,Vegan,Whole Wheat Flour | Chickpeas/Kabuli Chana | Tomato/Tamatar,Prepare the matched ingredients together and serve as a balanced meal.,30
R00197,Indian Chickpeas/Kabuli Chana Onion/Pyaz Paratha,Breakfast,North Indian,Vegan,Whole Wheat Flour | Chickpeas/Kabuli Chana | Onion/Pyaz,Prepare the matched ingredients together and serve as a balanced meal.,30
R00198,Indian Chickpeas/Kabuli Chana Cucumber/Kheera Paratha,Breakfast,North Indian,Vegan,Whole Wheat Flour | Chickpeas/Kabuli Chana | Cucumber/Kheera,Prepare the matched ingredients together and serve as a balanced meal.,30
R00199,Indian Chickpeas/Kabuli Chana Broccoli Paratha,Breakfast,North Indian,Vegan,Whole Wheat Flour | Chickpeas/Kabuli Chana | Broccoli,Prepare the matched ingredients together and serve as a balanced meal.,30
R00200,Indian Chickpeas/Kabuli Chana Mushroom Paratha,Breakfast,North Indian,Vegan,Whole Wheat Flour | Chickpeas/Kabuli Chana | Mushroom,Prepare the matched ingredients together and serve as a balanced meal.,30
R00201,Indian Chickpeas/Kabuli Chana Corn Paratha,Breakfast,North Indian,Vegan,Whole Wheat Flour | Chickpeas/Kabuli Chana | Corn,Prepare the matched ingredients together and serve as a balanced meal.,30
R00202,Indian Chickpeas/Kabuli Chana Methi Leaves Paratha,Breakfast,North Indian,Vegan,Whole Wheat Flour | Chickpeas/Kabuli Chana | Methi Leaves,Prepare the matched ingredients together and serve as a balanced meal.,30
R00203,Indian Lobia Potato/Aloo Paratha,Breakfast,North Indian,Vegan,Whole Wheat Flour | Lobia | Potato/Aloo,Prepare the matched ingredients together and serve as a balanced meal.,30
R00204,Indian Lobia Carrot/Gajar Paratha,Breakfast,North Indian,Vegan,Whole Wheat Flour | Lobia | Carrot/Gajar,Prepare the matched ingredients together and serve as a balanced meal.,30
R00205,Indian Lobia Green Peas Fresh Paratha,Breakfast,North Indian,Vegan,Whole Wheat Flour | Lobia | Green Peas Fresh,Prepare the matched ingredients together and serve as a balanced meal.,30
R00206,Indian Lobia Spinach/Palak Paratha,Breakfast,North Indian,Vegan,Whole Wheat Flour | Lobia | Spinach/Palak,Prepare the matched ingredients together and serve as a balanced meal.,30
R00207,Indian Lobia Cauliflower/Gobhi Paratha,Breakfast,North Indian,Vegan,Whole Wheat Flour | Lobia | Cauliflower/Gobhi,Prepare the matched ingredients together and serve as a balanced meal.,30
R00208,Indian Lobia Okra/Bhindi Paratha,Breakfast,North Indian,Vegan,Whole Wheat Flour | Lobia | Okra/Bhindi,Prepare the matched ingredients together and serve as a balanced meal.,30
R00209,Indian Lobia Brinjal/Baingan Paratha,Breakfast,North Indian,Vegan,Whole Wheat Flour | Lobia | Brinjal/Baingan,Prepare the matched ingredients together and serve as a balanced meal.,30
R00210,Indian Lobia Capsicum/Bell Pepper Paratha,Breakfast,North Indian,Vegan,Whole Wheat Flour | Lobia | Capsicum/Bell Pepper,Prepare the matched ingredients together and serve as a balanced meal.,30
R00211,Indian Lobia Tomato/Tamatar Paratha,Breakfast,North Indian,Vegan,Whole Wheat Flour | Lobia | Tomato/Tamatar,Prepare the matched ingredients together and serve as a balanced meal.,30
R00212,Indian Lobia Onion/Pyaz Paratha,Breakfast,North Indian,Vegan,Whole Wheat Flour | Lobia | Onion/Pyaz,Prepare the matched ingredients together and serve as a balanced meal.,30
R00213,Indian Lobia Cucumber/Kheera Paratha,Breakfast,North Indian,Vegan,Whole Wheat Flour | Lobia | Cucumber/Kheera,Prepare the matched ingredients together and serve as a balanced meal.,30
R00214,Indian Lobia Broccoli Paratha,Breakfast,North Indian,Vegan,Whole Wheat Flour | Lobia | Broccoli,Prepare the matched ingredients together and serve as a balanced meal.,30
R00215,Indian Lobia Mushroom Paratha,Breakfast,North Indian,Vegan,Whole Wheat Flour | Lobia | Mushroom,Prepare the matched ingredients together and serve as a balanced meal.,30
R00216,Indian Lobia Corn Paratha,Breakfast,North Indian,Vegan,Whole Wheat Flour | Lobia | Corn,Prepare the matched ingredients together and serve as a balanced meal.,30
R00217,Indian Lobia Methi Leaves Paratha,Breakfast,North Indian,Vegan,Whole Wheat Flour | Lobia | Methi Leaves,Prepare the matched ingredients together and serve as a balanced meal.,30
R00218,Indian Paneer Potato/Aloo Paratha,Breakfast,North Indian,Vegetarian,Whole Wheat Flour | Paneer | Potato/Aloo,Prepare the matched ingredients together and serve as a balanced meal.,30
R00219,Indian Paneer Carrot/Gajar Paratha,Breakfast,North Indian,Vegetarian,Whole Wheat Flour | Paneer | Carrot/Gajar,Prepare the matched ingredients together and serve as a balanced meal.,30
R00220,Indian Paneer Green Peas Fresh Paratha,Breakfast,North Indian,Vegetarian,Whole Wheat Flour | Paneer | Green Peas Fresh,Prepare the matched ingredients together and serve as a balanced meal.,30
R00221,Indian Paneer Spinach/Palak Paratha,Breakfast,North Indian,Vegetarian,Whole Wheat Flour | Paneer | Spinach/Palak,Prepare the matched ingredients together and serve as a balanced meal.,30
R00222,Indian Paneer Cauliflower/Gobhi Paratha,Breakfast,North Indian,Vegetarian,Whole Wheat Flour | Paneer | Cauliflower/Gobhi,Prepare the matched ingredients together and serve as a balanced meal.,30
R00223,Indian Paneer Okra/Bhindi Paratha,Breakfast,North Indian,Vegetarian,Whole Wheat Flour | Paneer | Okra/Bhindi,Prepare the matched ingredients together and serve as a balanced meal.,30
R00224,Indian Paneer Brinjal/Baingan Paratha,Breakfast,North Indian,Vegetarian,Whole Wheat Flour | Paneer | Brinjal/Baingan,Prepare the matched ingredients together and serve as a balanced meal.,30
R00225,Indian Paneer Capsicum/Bell Pepper Paratha,Breakfast,North Indian,Vegetarian,Whole Wheat Flour | Paneer | Capsicum/Bell Pepper,Prepare the matched ingredients together and serve as a balanced meal.,30
R00226,Indian Paneer Tomato/Tamatar Paratha,Breakfast,North Indian,Vegetarian,Whole Wheat Flour | Paneer | Tomato/Tamatar,Prepare the matched ingredients together and serve as a balanced meal.,30
R00227,Indian Paneer Onion/Pyaz Paratha,Breakfast,North Indian,Vegetarian,Whole Wheat Flour | Paneer | Onion/Pyaz,Prepare the matched ingredients together and serve as a balanced meal.,30
R00228,Indian Paneer Cucumber/Kheera Paratha,Breakfast,North Indian,Vegetarian,Whole Wheat Flour | Paneer | Cucumber/Kheera,Prepare the matched ingredients together and serve as a balanced meal.,30
R00229,Indian Paneer Broccoli Paratha,Breakfast,North Indian,Vegetarian,Whole Wheat Flour | Paneer | Broccoli,Prepare the matched ingredients together and serve as a balanced meal.,30
R00230,Indian Paneer Mushroom Paratha,Breakfast,North Indian,Vegetarian,Whole Wheat Flour | Paneer | Mushroom,Prepare the matched ingredients together and serve as a balanced meal.,30
R00231,Indian Paneer Corn Paratha,Breakfast,North Indian,Vegetarian,Whole Wheat Flour | Paneer | Corn,Prepare the matched ingredients together and serve as a balanced meal.,30
R00232,Indian Paneer Methi Leaves Paratha,Breakfast,North Indian,Vegetarian,Whole Wheat Flour | Paneer | Methi Leaves,Prepare the matched ingredients together and serve as a balanced meal.,30
R00233,Indian Tofu Potato/Aloo Paratha,Breakfast,North Indian,Vegan,Whole Wheat Flour | Tofu | Potato/Aloo,Prepare the matched ingredients together and serve as a balanced meal.,30
R00234,Indian Tofu Carrot/Gajar Paratha,Breakfast,North Indian,Vegan,Whole Wheat Flour | Tofu | Carrot/Gajar,Prepare the matched ingredients together and serve as a balanced meal.,30
R00235,Indian Tofu Green Peas Fresh Paratha,Breakfast,North Indian,Vegan,Whole Wheat Flour | Tofu | Green Peas Fresh,Prepare the matched ingredients together and serve as a balanced meal.,30
R00236,Indian Tofu Spinach/Palak Paratha,Breakfast,North Indian,Vegan,Whole Wheat Flour | Tofu | Spinach/Palak,Prepare the matched ingredients together and serve as a balanced meal.,30
R00237,Indian Tofu Cauliflower/Gobhi Paratha,Breakfast,North Indian,Vegan,Whole Wheat Flour | Tofu | Cauliflower/Gobhi,Prepare the matched ingredients together and serve as a balanced meal.,30
R00238,Indian Tofu Okra/Bhindi Paratha,Breakfast,North Indian,Vegan,Whole Wheat Flour | Tofu | Okra/Bhindi,Prepare the matched ingredients together and serve as a balanced meal.,30
R00239,Indian Tofu Brinjal/Baingan Paratha,Breakfast,North Indian,Vegan,Whole Wheat Flour | Tofu | Brinjal/Baingan,Prepare the matched ingredients together and serve as a balanced meal.,30
R00240,Indian Tofu Capsicum/Bell Pepper Paratha,Breakfast,North Indian,Vegan,Whole Wheat Flour | Tofu | Capsicum/Bell Pepper,Prepare the matched ingredients together and serve as a balanced meal.,30
R00241,Indian Tofu Tomato/Tamatar Paratha,Breakfast,North Indian,Vegan,Whole Wheat Flour | Tofu | Tomato/Tamatar,Prepare the matched ingredients together and serve as a balanced meal.,30
R00242,Indian Tofu Onion/Pyaz Paratha,Breakfast,North Indian,Vegan,Whole Wheat Flour | Tofu | Onion/Pyaz,Prepare the matched ingredients together and serve as a balanced meal.,30
R00243,Indian Tofu Cucumber/Kheera Paratha,Breakfast,North Indian,Vegan,Whole Wheat Flour | Tofu | Cucumber/Kheera,Prepare the matched ingredients together and serve as a balanced meal.,30
R00244,Indian Tofu Broccoli Paratha,Breakfast,North Indian,Vegan,Whole Wheat Flour | Tofu | Broccoli,Prepare the matched ingredients together and serve as a balanced meal.,30
R00245,Indian Tofu Mushroom Paratha,Breakfast,North Indian,Vegan,Whole Wheat Flour | Tofu | Mushroom,Prepare the matched ingredients together and serve as a balanced meal.,30
R00246,Indian Tofu Corn Paratha,Breakfast,North Indian,Vegan,Whole Wheat Flour | Tofu | Corn,Prepare the matched ingredients together and serve as a balanced meal.,30
R00247,Indian Tofu Methi Leaves Paratha,Breakfast,North Indian,Vegan,Whole Wheat Flour | Tofu | Methi Leaves,Prepare the matched ingredients together and serve as a balanced meal.,30
R00248,Indian Soya Chunks Potato/Aloo Paratha,Breakfast,North Indian,Vegan,Whole Wheat Flour | Soya Chunks | Potato/Aloo,Prepare the matched ingredients together and serve as a balanced meal.,30
R00249,Indian Soya Chunks Carrot/Gajar Paratha,Breakfast,North Indian,Vegan,Whole Wheat Flour | Soya Chunks | Carrot/Gajar,Prepare the matched ingredients together and serve as a balanced meal.,30
R00250,Indian Soya Chunks Green Peas Fresh Paratha,Breakfast,North Indian,Vegan,Whole Wheat Flour | Soya Chunks | Green Peas Fresh,Prepare the matched ingredients together and serve as a balanced meal.,30
R00251,Indian Soya Chunks Spinach/Palak Paratha,Breakfast,North Indian,Vegan,Whole Wheat Flour | Soya Chunks | Spinach/Palak,Prepare the matched ingredients together and serve as a balanced meal.,30
R00252,Indian Soya Chunks Cauliflower/Gobhi Paratha,Breakfast,North Indian,Vegan,Whole Wheat Flour | Soya Chunks | Cauliflower/Gobhi,Prepare the matched ingredients together and serve as a balanced meal.,30
R00253,Indian Soya Chunks Okra/Bhindi Paratha,Breakfast,North Indian,Vegan,Whole Wheat Flour | Soya Chunks | Okra/Bhindi,Prepare the matched ingredients together and serve as a balanced meal.,30
R00254,Indian Soya Chunks Brinjal/Baingan Paratha,Breakfast,North Indian,Vegan,Whole Wheat Flour | Soya Chunks | Brinjal/Baingan,Prepare the matched ingredients together and serve as a balanced meal.,30
R00255,Indian Soya Chunks Capsicum/Bell Pepper Paratha,Breakfast,North Indian,Vegan,Whole Wheat Flour | Soya Chunks | Capsicum/Bell Pepper,Prepare the matched ingredients together and serve as a balanced meal.,30
R00256,Indian Soya Chunks Tomato/Tamatar Paratha,Breakfast,North Indian,Vegan,Whole Wheat Flour | Soya Chunks | Tomato/Tamatar,Prepare the matched ingredients together and serve as a balanced meal.,30
R00257,Indian Soya Chunks Onion/Pyaz Paratha,Breakfast,North Indian,Vegan,Whole Wheat Flour | Soya Chunks | Onion/Pyaz,Prepare the matched ingredients together and serve as a balanced meal.,30
R00258,Indian Soya Chunks Cucumber/Kheera Paratha,Breakfast,North Indian,Vegan,Whole Wheat Flour | Soya Chunks | Cucumber/Kheera,Prepare the matched ingredients together and serve as a balanced meal.,30
R00259,Indian Soya Chunks Broccoli Paratha,Breakfast,North Indian,Vegan,Whole Wheat Flour | Soya Chunks | Broccoli,Prepare the matched ingredients together and serve as a balanced meal.,30
R00260,Indian Soya Chunks Mushroom Paratha,Breakfast,North Indian,Vegan,Whole Wheat Flour | Soya Chunks | Mushroom,Prepare the matched ingredients together and serve as a balanced meal.,30
R00261,Indian Soya Chunks Corn Paratha,Breakfast,North Indian,Vegan,Whole Wheat Flour | Soya Chunks | Corn,Prepare the matched ingredients together and serve as a balanced meal.,30
R00262,Indian Soya Chunks Methi Leaves Paratha,Breakfast,North Indian,Vegan,Whole Wheat Flour | Soya Chunks | Methi Leaves,Prepare the matched ingredients together and serve as a balanced meal.,30
R00263,Indian Eggs Potato/Aloo Paratha,Breakfast,North Indian,Non-Vegetarian,Whole Wheat Flour | Eggs | Potato/Aloo,Prepare the matched ingredients together and serve as a balanced meal.,30
R00264,Indian Eggs Carrot/Gajar Paratha,Breakfast,North Indian,Non-Vegetarian,Whole Wheat Flour | Eggs | Carrot/Gajar,Prepare the matched ingredients together and serve as a balanced meal.,30
R00265,Indian Eggs Green Peas Fresh Paratha,Breakfast,North Indian,Non-Vegetarian,Whole Wheat Flour | Eggs | Green Peas Fresh,Prepare the matched ingredients together and serve as a balanced meal.,30
R00266,Indian Eggs Spinach/Palak Paratha,Breakfast,North Indian,Non-Vegetarian,Whole Wheat Flour | Eggs | Spinach/Palak,Prepare the matched ingredients together and serve as a balanced meal.,30
R00267,Indian Eggs Cauliflower/Gobhi Paratha,Breakfast,North Indian,Non-Vegetarian,Whole Wheat Flour | Eggs | Cauliflower/Gobhi,Prepare the matched ingredients together and serve as a balanced meal.,30
R00268,Indian Eggs Okra/Bhindi Paratha,Breakfast,North Indian,Non-Vegetarian,Whole Wheat Flour | Eggs | Okra/Bhindi,Prepare the matched ingredients together and serve as a balanced meal.,30
R00269,Indian Eggs Brinjal/Baingan Paratha,Breakfast,North Indian,Non-Vegetarian,Whole Wheat Flour | Eggs | Brinjal/Baingan,Prepare the matched ingredients together and serve as a balanced meal.,30
R00270,Indian Eggs Capsicum/Bell Pepper Paratha,Breakfast,North Indian,Non-Vegetarian,Whole Wheat Flour | Eggs | Capsicum/Bell Pepper,Prepare the matched ingredients together and serve as a balanced meal.,30
R00271,Indian Eggs Tomato/Tamatar Paratha,Breakfast,North Indian,Non-Vegetarian,Whole Wheat Flour | Eggs | Tomato/Tamatar,Prepare the matched ingredients together and serve as a balanced meal.,30
R00272,Indian Eggs Onion/Pyaz Paratha,Breakfast,North Indian,Non-Vegetarian,Whole Wheat Flour | Eggs | Onion/Pyaz,Prepare the matched ingredients together and serve as a balanced meal.,30
R00273,Indian Eggs Cucumber/Kheera Paratha,Breakfast,North Indian,Non-Vegetarian,Whole Wheat Flour | Eggs | Cucumber/Kheera,Prepare the matched ingredients together and serve as a balanced meal.,30
R00274,Indian Eggs Broccoli Paratha,Breakfast,North Indian,Non-Vegetarian,Whole Wheat Flour | Eggs | Broccoli,Prepare the matched ingredients together and serve as a balanced meal.,30
R00275,Indian Eggs Mushroom Paratha,Breakfast,North Indian,Non-Vegetarian,Whole Wheat Flour | Eggs | Mushroom,Prepare the matched ingredients together and serve as a balanced meal.,30
R00276,Indian Eggs Corn Paratha,Breakfast,North Indian,Non-Vegetarian,Whole Wheat Flour | Eggs | Corn,Prepare the matched ingredients together and serve as a balanced meal.,30
R00277,Indian Eggs Methi Leaves Paratha,Breakfast,North Indian,Non-Vegetarian,Whole Wheat Flour | Eggs | Methi Leaves,Prepare the matched ingredients together and serve as a balanced meal.,30
R00278,Indian Chicken Breast Potato/Aloo Paratha,Breakfast,North Indian,Non-Vegetarian,Whole Wheat Flour | Chicken Breast | Potato/Aloo,Prepare the matched ingredients together and serve as a balanced meal.,30
R00279,Indian Chicken Breast Carrot/Gajar Paratha,Breakfast,North Indian,Non-Vegetarian,Whole Wheat Flour | Chicken Breast | Carrot/Gajar,Prepare the matched ingredients together and serve as a balanced meal.,30
R00280,Indian Chicken Breast Green Peas Fresh Paratha,Breakfast,North Indian,Non-Vegetarian,Whole Wheat Flour | Chicken Breast | Green Peas Fresh,Prepare the matched ingredients together and serve as a balanced meal.,30
R00281,Indian Chicken Breast Spinach/Palak Paratha,Breakfast,North Indian,Non-Vegetarian,Whole Wheat Flour | Chicken Breast | Spinach/Palak,Prepare the matched ingredients together and serve as a balanced meal.,30
R00282,Indian Chicken Breast Cauliflower/Gobhi Paratha,Breakfast,North Indian,Non-Vegetarian,Whole Wheat Flour | Chicken Breast | Cauliflower/Gobhi,Prepare the matched ingredients together and serve as a balanced meal.,30
R00283,Indian Chicken Breast Okra/Bhindi Paratha,Breakfast,North Indian,Non-Vegetarian,Whole Wheat Flour | Chicken Breast | Okra/Bhindi,Prepare the matched ingredients together and serve as a balanced meal.,30
R00284,Indian Chicken Breast Brinjal/Baingan Paratha,Breakfast,North Indian,Non-Vegetarian,Whole Wheat Flour | Chicken Breast | Brinjal/Baingan,Prepare the matched ingredients together and serve as a balanced meal.,30
R00285,Indian Chicken Breast Capsicum/Bell Pepper Paratha,Breakfast,North Indian,Non-Vegetarian,Whole Wheat Flour | Chicken Breast | Capsicum/Bell Pepper,Prepare the matched ingredients together and serve as a balanced meal.,30
R00286,Indian Chicken Breast Tomato/Tamatar Paratha,Breakfast,North Indian,Non-Vegetarian,Whole Wheat Flour | Chicken Breast | Tomato/Tamatar,Prepare the matched ingredients together and serve as a balanced meal.,30
R00287,Indian Chicken Breast Onion/Pyaz Paratha,Breakfast,North Indian,Non-Vegetarian,Whole Wheat Flour | Chicken Breast | Onion/Pyaz,Prepare the matched ingredients together and serve as a balanced meal.,30
R00288,Indian Chicken Breast Cucumber/Kheera Paratha,Breakfast,North Indian,Non-Vegetarian,Whole Wheat Flour | Chicken Breast | Cucumber/Kheera,Prepare the matched ingredients together and serve as a balanced meal.,30
R00289,Indian Chicken Breast Broccoli Paratha,Breakfast,North Indian,Non-Vegetarian,Whole Wheat Flour | Chicken Breast | Broccoli,Prepare the matched ingredients together and serve as a balanced meal.,30
R00290,Indian Chicken Breast Mushroom Paratha,Breakfast,North Indian,Non-Vegetarian,Whole Wheat Flour | Chicken Breast | Mushroom,Prepare the matched ingredients together and serve as a balanced meal.,30
R00291,Indian Chicken Breast Corn Paratha,Breakfast,North Indian,Non-Vegetarian,Whole Wheat Flour | Chicken Breast | Corn,Prepare the matched ingredients together and serve as a balanced meal.,30
R00292,Indian Chicken Breast Methi Leaves Paratha,Breakfast,North Indian,Non-Vegetarian,Whole Wheat Flour | Chicken Breast | Methi Leaves,Prepare the matched ingredients together and serve as a balanced meal.,30
R00293,Indian Rohu Fish Potato/Aloo Paratha,Breakfast,North Indian,Non-Vegetarian,Whole Wheat Flour | Rohu Fish | Potato/Aloo,Prepare the matched ingredients together and serve as a balanced meal.,30
R00294,Indian Rohu Fish Carrot/Gajar Paratha,Breakfast,North Indian,Non-Vegetarian,Whole Wheat Flour | Rohu Fish | Carrot/Gajar,Prepare the matched ingredients together and serve as a balanced meal.,30
R00295,Indian Rohu Fish Green Peas Fresh Paratha,Breakfast,North Indian,Non-Vegetarian,Whole Wheat Flour | Rohu Fish | Green Peas Fresh,Prepare the matched ingredients together and serve as a balanced meal.,30
R00296,Indian Rohu Fish Spinach/Palak Paratha,Breakfast,North Indian,Non-Vegetarian,Whole Wheat Flour | Rohu Fish | Spinach/Palak,Prepare the matched ingredients together and serve as a balanced meal.,30
R00297,Indian Rohu Fish Cauliflower/Gobhi Paratha,Breakfast,North Indian,Non-Vegetarian,Whole Wheat Flour | Rohu Fish | Cauliflower/Gobhi,Prepare the matched ingredients together and serve as a balanced meal.,30
R00298,Indian Rohu Fish Okra/Bhindi Paratha,Breakfast,North Indian,Non-Vegetarian,Whole Wheat Flour | Rohu Fish | Okra/Bhindi,Prepare the matched ingredients together and serve as a balanced meal.,30
R00299,Indian Rohu Fish Brinjal/Baingan Paratha,Breakfast,North Indian,Non-Vegetarian,Whole Wheat Flour | Rohu Fish | Brinjal/Baingan,Prepare the matched ingredients together and serve as a balanced meal.,30
R00300,Indian Rohu Fish Capsicum/Bell Pepper Paratha,Breakfast,North Indian,Non-Vegetarian,Whole Wheat Flour | Rohu Fish | Capsicum/Bell Pepper,Prepare the matched ingredients together and serve as a balanced meal.,30
R00301,Indian Rohu Fish Tomato/Tamatar Paratha,Breakfast,North Indian,Non-Vegetarian,Whole Wheat Flour | Rohu Fish | Tomato/Tamatar,Prepare the matched ingredients together and serve as a balanced meal.,30
R00302,Indian Rohu Fish Onion/Pyaz Paratha,Breakfast,North Indian,Non-Vegetarian,Whole Wheat Flour | Rohu Fish | Onion/Pyaz,Prepare the matched ingredients together and serve as a balanced meal.,30
R00303,Indian Rohu Fish Cucumber/Kheera Paratha,Breakfast,North Indian,Non-Vegetarian,Whole Wheat Flour | Rohu Fish | Cucumber/Kheera,Prepare the matched ingredients together and serve as a balanced meal.,30
R00304,Indian Rohu Fish Broccoli Paratha,Breakfast,North Indian,Non-Vegetarian,Whole Wheat Flour | Rohu Fish | Broccoli,Prepare the matched ingredients together and serve as a balanced meal.,30
R00305,Indian Rohu Fish Mushroom Paratha,Breakfast,North Indian,Non-Vegetarian,Whole Wheat Flour | Rohu Fish | Mushroom,Prepare the matched ingredients together and serve as a balanced meal.,30
R00306,Indian Rohu Fish Corn Paratha,Breakfast,North Indian,Non-Vegetarian,Whole Wheat Flour | Rohu Fish | Corn,Prepare the matched ingredients together and serve as a balanced meal.,30
R00307,Indian Rohu Fish Methi Leaves Paratha,Breakfast,North Indian,Non-Vegetarian,Whole Wheat Flour | Rohu Fish | Methi Leaves,Prepare the matched ingredients together and serve as a balanced meal.,30
R00308,Indian Prawns Potato/Aloo Paratha,Breakfast,North Indian,Non-Vegetarian,Whole Wheat Flour | Prawns | Potato/Aloo,Prepare the matched ingredients together and serve as a balanced meal.,30
R00309,Indian Prawns Carrot/Gajar Paratha,Breakfast,North Indian,Non-Vegetarian,Whole Wheat Flour | Prawns | Carrot/Gajar,Prepare the matched ingredients together and serve as a balanced meal.,30
R00310,Indian Prawns Green Peas Fresh Paratha,Breakfast,North Indian,Non-Vegetarian,Whole Wheat Flour | Prawns | Green Peas Fresh,Prepare the matched ingredients together and serve as a balanced meal.,30
R00311,Indian Prawns Spinach/Palak Paratha,Breakfast,North Indian,Non-Vegetarian,Whole Wheat Flour | Prawns | Spinach/Palak,Prepare the matched ingredients together and serve as a balanced meal.,30
R00312,Indian Prawns Cauliflower/Gobhi Paratha,Breakfast,North Indian,Non-Vegetarian,Whole Wheat Flour | Prawns | Cauliflower/Gobhi,Prepare the matched ingredients together and serve as a balanced meal.,30
R00313,Indian Prawns Okra/Bhindi Paratha,Breakfast,North Indian,Non-Vegetarian,Whole Wheat Flour | Prawns | Okra/Bhindi,Prepare the matched ingredients together and serve as a balanced meal.,30
R00314,Indian Prawns Brinjal/Baingan Paratha,Breakfast,North Indian,Non-Vegetarian,Whole Wheat Flour | Prawns | Brinjal/Baingan,Prepare the matched ingredients together and serve as a balanced meal.,30
R00315,Indian Prawns Capsicum/Bell Pepper Paratha,Breakfast,North Indian,Non-Vegetarian,Whole Wheat Flour | Prawns | Capsicum/Bell Pepper,Prepare the matched ingredients together and serve as a balanced meal.,30
R00316,Indian Prawns Tomato/Tamatar Paratha,Breakfast,North Indian,Non-Vegetarian,Whole Wheat Flour | Prawns | Tomato/Tamatar,Prepare the matched ingredients together and serve as a balanced meal.,30
R00317,Indian Prawns Onion/Pyaz Paratha,Breakfast,North Indian,Non-Vegetarian,Whole Wheat Flour | Prawns | Onion/Pyaz,Prepare the matched ingredients together and serve as a balanced meal.,30
R00318,Indian Prawns Cucumber/Kheera Paratha,Breakfast,North Indian,Non-Vegetarian,Whole Wheat Flour | Prawns | Cucumber/Kheera,Prepare the matched ingredients together and serve as a balanced meal.,30
R00319,Indian Prawns Broccoli Paratha,Breakfast,North Indian,Non-Vegetarian,Whole Wheat Flour | Prawns | Broccoli,Prepare the matched ingredients together and serve as a balanced meal.,30
R00320,Indian Prawns Mushroom Paratha,Breakfast,North Indian,Non-Vegetarian,Whole Wheat Flour | Prawns | Mushroom,Prepare the matched ingredients together and serve as a balanced meal.,30
R00321,Indian Prawns Corn Paratha,Breakfast,North Indian,Non-Vegetarian,Whole Wheat Flour | Prawns | Corn,Prepare the matched ingredients together and serve as a balanced meal.,30
R00322,Indian Prawns Methi Leaves Paratha,Breakfast,North Indian,Non-Vegetarian,Whole Wheat Flour | Prawns | Methi Leaves,Prepare the matched ingredients together and serve as a balanced meal.,30
R00323,Indian Toor Dal Potato/Aloo Chilla,Breakfast,Indian,Vegan,Besan | Toor Dal | Potato/Aloo,Prepare the matched ingredients together and serve as a balanced meal.,30
R00324,Indian Toor Dal Carrot/Gajar Chilla,Breakfast,Indian,Vegan,Besan | Toor Dal | Carrot/Gajar,Prepare the matched ingredients together and serve as a balanced meal.,30
R00325,Indian Toor Dal Green Peas Fresh Chilla,Breakfast,Indian,Vegan,Besan | Toor Dal | Green Peas Fresh,Prepare the matched ingredients together and serve as a balanced meal.,30
R00326,Indian Toor Dal Spinach/Palak Chilla,Breakfast,Indian,Vegan,Besan | Toor Dal | Spinach/Palak,Prepare the matched ingredients together and serve as a balanced meal.,30
R00327,Indian Toor Dal Cauliflower/Gobhi Chilla,Breakfast,Indian,Vegan,Besan | Toor Dal | Cauliflower/Gobhi,Prepare the matched ingredients together and serve as a balanced meal.,30
R00328,Indian Toor Dal Okra/Bhindi Chilla,Breakfast,Indian,Vegan,Besan | Toor Dal | Okra/Bhindi,Prepare the matched ingredients together and serve as a balanced meal.,30
R00329,Indian Toor Dal Brinjal/Baingan Chilla,Breakfast,Indian,Vegan,Besan | Toor Dal | Brinjal/Baingan,Prepare the matched ingredients together and serve as a balanced meal.,30
R00330,Indian Toor Dal Capsicum/Bell Pepper Chilla,Breakfast,Indian,Vegan,Besan | Toor Dal | Capsicum/Bell Pepper,Prepare the matched ingredients together and serve as a balanced meal.,30
R00331,Indian Toor Dal Tomato/Tamatar Chilla,Breakfast,Indian,Vegan,Besan | Toor Dal | Tomato/Tamatar,Prepare the matched ingredients together and serve as a balanced meal.,30
R00332,Indian Toor Dal Onion/Pyaz Chilla,Breakfast,Indian,Vegan,Besan | Toor Dal | Onion/Pyaz,Prepare the matched ingredients together and serve as a balanced meal.,30
R00333,Indian Toor Dal Cucumber/Kheera Chilla,Breakfast,Indian,Vegan,Besan | Toor Dal | Cucumber/Kheera,Prepare the matched ingredients together and serve as a balanced meal.,30
R00334,Indian Toor Dal Broccoli Chilla,Breakfast,Indian,Vegan,Besan | Toor Dal | Broccoli,Prepare the matched ingredients together and serve as a balanced meal.,30
R00335,Indian Toor Dal Mushroom Chilla,Breakfast,Indian,Vegan,Besan | Toor Dal | Mushroom,Prepare the matched ingredients together and serve as a balanced meal.,30
R00336,Indian Toor Dal Corn Chilla,Breakfast,Indian,Vegan,Besan | Toor Dal | Corn,Prepare the matched ingredients together and serve as a balanced meal.,30
R00337,Indian Toor Dal Methi Leaves Chilla,Breakfast,Indian,Vegan,Besan | Toor Dal | Methi Leaves,Prepare the matched ingredients together and serve as a balanced meal.,30
R00338,Indian Moong Dal Potato/Aloo Chilla,Breakfast,Indian,Vegan,Besan | Moong Dal | Potato/Aloo,Prepare the matched ingredients together and serve as a balanced meal.,30
R00339,Indian Moong Dal Carrot/Gajar Chilla,Breakfast,Indian,Vegan,Besan | Moong Dal | Carrot/Gajar,Prepare the matched ingredients together and serve as a balanced meal.,30
R00340,Indian Moong Dal Green Peas Fresh Chilla,Breakfast,Indian,Vegan,Besan | Moong Dal | Green Peas Fresh,Prepare the matched ingredients together and serve as a balanced meal.,30
R00341,Indian Moong Dal Spinach/Palak Chilla,Breakfast,Indian,Vegan,Besan | Moong Dal | Spinach/Palak,Prepare the matched ingredients together and serve as a balanced meal.,30
R00342,Indian Moong Dal Cauliflower/Gobhi Chilla,Breakfast,Indian,Vegan,Besan | Moong Dal | Cauliflower/Gobhi,Prepare the matched ingredients together and serve as a balanced meal.,30
R00343,Indian Moong Dal Okra/Bhindi Chilla,Breakfast,Indian,Vegan,Besan | Moong Dal | Okra/Bhindi,Prepare the matched ingredients together and serve as a balanced meal.,30
R00344,Indian Moong Dal Brinjal/Baingan Chilla,Breakfast,Indian,Vegan,Besan | Moong Dal | Brinjal/Baingan,Prepare the matched ingredients together and serve as a balanced meal.,30
R00345,Indian Moong Dal Capsicum/Bell Pepper Chilla,Breakfast,Indian,Vegan,Besan | Moong Dal | Capsicum/Bell Pepper,Prepare the matched ingredients together and serve as a balanced meal.,30
R00346,Indian Moong Dal Tomato/Tamatar Chilla,Breakfast,Indian,Vegan,Besan | Moong Dal | Tomato/Tamatar,Prepare the matched ingredients together and serve as a balanced meal.,30
R00347,Indian Moong Dal Onion/Pyaz Chilla,Breakfast,Indian,Vegan,Besan | Moong Dal | Onion/Pyaz,Prepare the matched ingredients together and serve as a balanced meal.,30
R00348,Indian Moong Dal Cucumber/Kheera Chilla,Breakfast,Indian,Vegan,Besan | Moong Dal | Cucumber/Kheera,Prepare the matched ingredients together and serve as a balanced meal.,30
R00349,Indian Moong Dal Broccoli Chilla,Breakfast,Indian,Vegan,Besan | Moong Dal | Broccoli,Prepare the matched ingredients together and serve as a balanced meal.,30
R00350,Indian Moong Dal Mushroom Chilla,Breakfast,Indian,Vegan,Besan | Moong Dal | Mushroom,Prepare the matched ingredients together and serve as a balanced meal.,30
R00351,Indian Moong Dal Corn Chilla,Breakfast,Indian,Vegan,Besan | Moong Dal | Corn,Prepare the matched ingredients together and serve as a balanced meal.,30
R00352,Indian Moong Dal Methi Leaves Chilla,Breakfast,Indian,Vegan,Besan | Moong Dal | Methi Leaves,Prepare the matched ingredients together and serve as a balanced meal.,30
R00353,Indian Masoor Dal Potato/Aloo Chilla,Breakfast,Indian,Vegan,Besan | Masoor Dal | Potato/Aloo,Prepare the matched ingredients together and serve as a balanced meal.,30
R00354,Indian Masoor Dal Carrot/Gajar Chilla,Breakfast,Indian,Vegan,Besan | Masoor Dal | Carrot/Gajar,Prepare the matched ingredients together and serve as a balanced meal.,30
R00355,Indian Masoor Dal Green Peas Fresh Chilla,Breakfast,Indian,Vegan,Besan | Masoor Dal | Green Peas Fresh,Prepare the matched ingredients together and serve as a balanced meal.,30
R00356,Indian Masoor Dal Spinach/Palak Chilla,Breakfast,Indian,Vegan,Besan | Masoor Dal | Spinach/Palak,Prepare the matched ingredients together and serve as a balanced meal.,30
R00357,Indian Masoor Dal Cauliflower/Gobhi Chilla,Breakfast,Indian,Vegan,Besan | Masoor Dal | Cauliflower/Gobhi,Prepare the matched ingredients together and serve as a balanced meal.,30
R00358,Indian Masoor Dal Okra/Bhindi Chilla,Breakfast,Indian,Vegan,Besan | Masoor Dal | Okra/Bhindi,Prepare the matched ingredients together and serve as a balanced meal.,30
R00359,Indian Masoor Dal Brinjal/Baingan Chilla,Breakfast,Indian,Vegan,Besan | Masoor Dal | Brinjal/Baingan,Prepare the matched ingredients together and serve as a balanced meal.,30
R00360,Indian Masoor Dal Capsicum/Bell Pepper Chilla,Breakfast,Indian,Vegan,Besan | Masoor Dal | Capsicum/Bell Pepper,Prepare the matched ingredients together and serve as a balanced meal.,30
R00361,Indian Masoor Dal Tomato/Tamatar Chilla,Breakfast,Indian,Vegan,Besan | Masoor Dal | Tomato/Tamatar,Prepare the matched ingredients together and serve as a balanced meal.,30
R00362,Indian Masoor Dal Onion/Pyaz Chilla,Breakfast,Indian,Vegan,Besan | Masoor Dal | Onion/Pyaz,Prepare the matched ingredients together and serve as a balanced meal.,30
R00363,Indian Masoor Dal Cucumber/Kheera Chilla,Breakfast,Indian,Vegan,Besan | Masoor Dal | Cucumber/Kheera,Prepare the matched ingredients together and serve as a balanced meal.,30
R00364,Indian Masoor Dal Broccoli Chilla,Breakfast,Indian,Vegan,Besan | Masoor Dal | Broccoli,Prepare the matched ingredients together and serve as a balanced meal.,30
R00365,Indian Masoor Dal Mushroom Chilla,Breakfast,Indian,Vegan,Besan | Masoor Dal | Mushroom,Prepare the matched ingredients together and serve as a balanced meal.,30
R00366,Indian Masoor Dal Corn Chilla,Breakfast,Indian,Vegan,Besan | Masoor Dal | Corn,Prepare the matched ingredients together and serve as a balanced meal.,30
R00367,Indian Masoor Dal Methi Leaves Chilla,Breakfast,Indian,Vegan,Besan | Masoor Dal | Methi Leaves,Prepare the matched ingredients together and serve as a balanced meal.,30
R00368,Indian Chana Dal Potato/Aloo Chilla,Breakfast,Indian,Vegan,Besan | Chana Dal | Potato/Aloo,Prepare the matched ingredients together and serve as a balanced meal.,30
R00369,Indian Chana Dal Carrot/Gajar Chilla,Breakfast,Indian,Vegan,Besan | Chana Dal | Carrot/Gajar,Prepare the matched ingredients together and serve as a balanced meal.,30
R00370,Indian Chana Dal Green Peas Fresh Chilla,Breakfast,Indian,Vegan,Besan | Chana Dal | Green Peas Fresh,Prepare the matched ingredients together and serve as a balanced meal.,30
R00371,Indian Chana Dal Spinach/Palak Chilla,Breakfast,Indian,Vegan,Besan | Chana Dal | Spinach/Palak,Prepare the matched ingredients together and serve as a balanced meal.,30
R00372,Indian Chana Dal Cauliflower/Gobhi Chilla,Breakfast,Indian,Vegan,Besan | Chana Dal | Cauliflower/Gobhi,Prepare the matched ingredients together and serve as a balanced meal.,30
R00373,Indian Chana Dal Okra/Bhindi Chilla,Breakfast,Indian,Vegan,Besan | Chana Dal | Okra/Bhindi,Prepare the matched ingredients together and serve as a balanced meal.,30
R00374,Indian Chana Dal Brinjal/Baingan Chilla,Breakfast,Indian,Vegan,Besan | Chana Dal | Brinjal/Baingan,Prepare the matched ingredients together and serve as a balanced meal.,30
R00375,Indian Chana Dal Capsicum/Bell Pepper Chilla,Breakfast,Indian,Vegan,Besan | Chana Dal | Capsicum/Bell Pepper,Prepare the matched ingredients together and serve as a balanced meal.,30
R00376,Indian Chana Dal Tomato/Tamatar Chilla,Breakfast,Indian,Vegan,Besan | Chana Dal | Tomato/Tamatar,Prepare the matched ingredients together and serve as a balanced meal.,30
R00377,Indian Chana Dal Onion/Pyaz Chilla,Breakfast,Indian,Vegan,Besan | Chana Dal | Onion/Pyaz,Prepare the matched ingredients together and serve as a balanced meal.,30
R00378,Indian Chana Dal Cucumber/Kheera Chilla,Breakfast,Indian,Vegan,Besan | Chana Dal | Cucumber/Kheera,Prepare the matched ingredients together and serve as a balanced meal.,30
R00379,Indian Chana Dal Broccoli Chilla,Breakfast,Indian,Vegan,Besan | Chana Dal | Broccoli,Prepare the matched ingredients together and serve as a balanced meal.,30
R00380,Indian Chana Dal Mushroom Chilla,Breakfast,Indian,Vegan,Besan | Chana Dal | Mushroom,Prepare the matched ingredients together and serve as a balanced meal.,30
R00381,Indian Chana Dal Corn Chilla,Breakfast,Indian,Vegan,Besan | Chana Dal | Corn,Prepare the matched ingredients together and serve as a balanced meal.,30
R00382,Indian Chana Dal Methi Leaves Chilla,Breakfast,Indian,Vegan,Besan | Chana Dal | Methi Leaves,Prepare the matched ingredients together and serve as a balanced meal.,30
R00383,Indian Rajma Potato/Aloo Chilla,Breakfast,Indian,Vegan,Besan | Rajma | Potato/Aloo,Prepare the matched ingredients together and serve as a balanced meal.,30
R00384,Indian Rajma Carrot/Gajar Chilla,Breakfast,Indian,Vegan,Besan | Rajma | Carrot/Gajar,Prepare the matched ingredients together and serve as a balanced meal.,30
R00385,Indian Rajma Green Peas Fresh Chilla,Breakfast,Indian,Vegan,Besan | Rajma | Green Peas Fresh,Prepare the matched ingredients together and serve as a balanced meal.,30
R00386,Indian Rajma Spinach/Palak Chilla,Breakfast,Indian,Vegan,Besan | Rajma | Spinach/Palak,Prepare the matched ingredients together and serve as a balanced meal.,30
R00387,Indian Rajma Cauliflower/Gobhi Chilla,Breakfast,Indian,Vegan,Besan | Rajma | Cauliflower/Gobhi,Prepare the matched ingredients together and serve as a balanced meal.,30
R00388,Indian Rajma Okra/Bhindi Chilla,Breakfast,Indian,Vegan,Besan | Rajma | Okra/Bhindi,Prepare the matched ingredients together and serve as a balanced meal.,30
R00389,Indian Rajma Brinjal/Baingan Chilla,Breakfast,Indian,Vegan,Besan | Rajma | Brinjal/Baingan,Prepare the matched ingredients together and serve as a balanced meal.,30
R00390,Indian Rajma Capsicum/Bell Pepper Chilla,Breakfast,Indian,Vegan,Besan | Rajma | Capsicum/Bell Pepper,Prepare the matched ingredients together and serve as a balanced meal.,30
R00391,Indian Rajma Tomato/Tamatar Chilla,Breakfast,Indian,Vegan,Besan | Rajma | Tomato/Tamatar,Prepare the matched ingredients together and serve as a balanced meal.,30
R00392,Indian Rajma Onion/Pyaz Chilla,Breakfast,Indian,Vegan,Besan | Rajma | Onion/Pyaz,Prepare the matched ingredients together and serve as a balanced meal.,30
R00393,Indian Rajma Cucumber/Kheera Chilla,Breakfast,Indian,Vegan,Besan | Rajma | Cucumber/Kheera,Prepare the matched ingredients together and serve as a balanced meal.,30
R00394,Indian Rajma Broccoli Chilla,Breakfast,Indian,Vegan,Besan | Rajma | Broccoli,Prepare the matched ingredients together and serve as a balanced meal.,30
R00395,Indian Rajma Mushroom Chilla,Breakfast,Indian,Vegan,Besan | Rajma | Mushroom,Prepare the matched ingredients together and serve as a balanced meal.,30
R00396,Indian Rajma Corn Chilla,Breakfast,Indian,Vegan,Besan | Rajma | Corn,Prepare the matched ingredients together and serve as a balanced meal.,30
R00397,Indian Rajma Methi Leaves Chilla,Breakfast,Indian,Vegan,Besan | Rajma | Methi Leaves,Prepare the matched ingredients together and serve as a balanced meal.,30
R00398,Indian Chickpeas/Kabuli Chana Potato/Aloo Chilla,Breakfast,Indian,Vegan,Besan | Chickpeas/Kabuli Chana | Potato/Aloo,Prepare the matched ingredients together and serve as a balanced meal.,30
R00399,Indian Chickpeas/Kabuli Chana Carrot/Gajar Chilla,Breakfast,Indian,Vegan,Besan | Chickpeas/Kabuli Chana | Carrot/Gajar,Prepare the matched ingredients together and serve as a balanced meal.,30
R00400,Indian Chickpeas/Kabuli Chana Green Peas Fresh Chilla,Breakfast,Indian,Vegan,Besan | Chickpeas/Kabuli Chana | Green Peas Fresh,Prepare the matched ingredients together and serve as a balanced meal.,30
R00401,Indian Chickpeas/Kabuli Chana Spinach/Palak Chilla,Breakfast,Indian,Vegan,Besan | Chickpeas/Kabuli Chana | Spinach/Palak,Prepare the matched ingredients together and serve as a balanced meal.,30
R00402,Indian Chickpeas/Kabuli Chana Cauliflower/Gobhi Chilla,Breakfast,Indian,Vegan,Besan | Chickpeas/Kabuli Chana | Cauliflower/Gobhi,Prepare the matched ingredients together and serve as a balanced meal.,30
R00403,Indian Chickpeas/Kabuli Chana Okra/Bhindi Chilla,Breakfast,Indian,Vegan,Besan | Chickpeas/Kabuli Chana | Okra/Bhindi,Prepare the matched ingredients together and serve as a balanced meal.,30
R00404,Indian Chickpeas/Kabuli Chana Brinjal/Baingan Chilla,Breakfast,Indian,Vegan,Besan | Chickpeas/Kabuli Chana | Brinjal/Baingan,Prepare the matched ingredients together and serve as a balanced meal.,30
R00405,Indian Chickpeas/Kabuli Chana Capsicum/Bell Pepper Chilla,Breakfast,Indian,Vegan,Besan | Chickpeas/Kabuli Chana | Capsicum/Bell Pepper,Prepare the matched ingredients together and serve as a balanced meal.,30
R00406,Indian Chickpeas/Kabuli Chana Tomato/Tamatar Chilla,Breakfast,Indian,Vegan,Besan | Chickpeas/Kabuli Chana | Tomato/Tamatar,Prepare the matched ingredients together and serve as a balanced meal.,30
R00407,Indian Chickpeas/Kabuli Chana Onion/Pyaz Chilla,Breakfast,Indian,Vegan,Besan | Chickpeas/Kabuli Chana | Onion/Pyaz,Prepare the matched ingredients together and serve as a balanced meal.,30
R00408,Indian Chickpeas/Kabuli Chana Cucumber/Kheera Chilla,Breakfast,Indian,Vegan,Besan | Chickpeas/Kabuli Chana | Cucumber/Kheera,Prepare the matched ingredients together and serve as a balanced meal.,30
R00409,Indian Chickpeas/Kabuli Chana Broccoli Chilla,Breakfast,Indian,Vegan,Besan | Chickpeas/Kabuli Chana | Broccoli,Prepare the matched ingredients together and serve as a balanced meal.,30
R00410,Indian Chickpeas/Kabuli Chana Mushroom Chilla,Breakfast,Indian,Vegan,Besan | Chickpeas/Kabuli Chana | Mushroom,Prepare the matched ingredients together and serve as a balanced meal.,30
R00411,Indian Chickpeas/Kabuli Chana Corn Chilla,Breakfast,Indian,Vegan,Besan | Chickpeas/Kabuli Chana | Corn,Prepare the matched ingredients together and serve as a balanced meal.,30
R00412,Indian Chickpeas/Kabuli Chana Methi Leaves Chilla,Breakfast,Indian,Vegan,Besan | Chickpeas/Kabuli Chana | Methi Leaves,Prepare the matched ingredients together and serve as a balanced meal.,30
R00413,Indian Lobia Potato/Aloo Chilla,Breakfast,Indian,Vegan,Besan | Lobia | Potato/Aloo,Prepare the matched ingredients together and serve as a balanced meal.,30
R00414,Indian Lobia Carrot/Gajar Chilla,Breakfast,Indian,Vegan,Besan | Lobia | Carrot/Gajar,Prepare the matched ingredients together and serve as a balanced meal.,30
R00415,Indian Lobia Green Peas Fresh Chilla,Breakfast,Indian,Vegan,Besan | Lobia | Green Peas Fresh,Prepare the matched ingredients together and serve as a balanced meal.,30
R00416,Indian Lobia Spinach/Palak Chilla,Breakfast,Indian,Vegan,Besan | Lobia | Spinach/Palak,Prepare the matched ingredients together and serve as a balanced meal.,30
R00417,Indian Lobia Cauliflower/Gobhi Chilla,Breakfast,Indian,Vegan,Besan | Lobia | Cauliflower/Gobhi,Prepare the matched ingredients together and serve as a balanced meal.,30
R00418,Indian Lobia Okra/Bhindi Chilla,Breakfast,Indian,Vegan,Besan | Lobia | Okra/Bhindi,Prepare the matched ingredients together and serve as a balanced meal.,30
R00419,Indian Lobia Brinjal/Baingan Chilla,Breakfast,Indian,Vegan,Besan | Lobia | Brinjal/Baingan,Prepare the matched ingredients together and serve as a balanced meal.,30
R00420,Indian Lobia Capsicum/Bell Pepper Chilla,Breakfast,Indian,Vegan,Besan | Lobia | Capsicum/Bell Pepper,Prepare the matched ingredients together and serve as a balanced meal.,30
R00421,Indian Lobia Tomato/Tamatar Chilla,Breakfast,Indian,Vegan,Besan | Lobia | Tomato/Tamatar,Prepare the matched ingredients together and serve as a balanced meal.,30
R00422,Indian Lobia Onion/Pyaz Chilla,Breakfast,Indian,Vegan,Besan | Lobia | Onion/Pyaz,Prepare the matched ingredients together and serve as a balanced meal.,30
R00423,Indian Lobia Cucumber/Kheera Chilla,Breakfast,Indian,Vegan,Besan | Lobia | Cucumber/Kheera,Prepare the matched ingredients together and serve as a balanced meal.,30
R00424,Indian Lobia Broccoli Chilla,Breakfast,Indian,Vegan,Besan | Lobia | Broccoli,Prepare the matched ingredients together and serve as a balanced meal.,30
R00425,Indian Lobia Mushroom Chilla,Breakfast,Indian,Vegan,Besan | Lobia | Mushroom,Prepare the matched ingredients together and serve as a balanced meal.,30
R00426,Indian Lobia Corn Chilla,Breakfast,Indian,Vegan,Besan | Lobia | Corn,Prepare the matched ingredients together and serve as a balanced meal.,30
R00427,Indian Lobia Methi Leaves Chilla,Breakfast,Indian,Vegan,Besan | Lobia | Methi Leaves,Prepare the matched ingredients together and serve as a balanced meal.,30
R00428,Indian Paneer Potato/Aloo Chilla,Breakfast,Indian,Vegan,Besan | Paneer | Potato/Aloo,Prepare the matched ingredients together and serve as a balanced meal.,30
R00429,Indian Paneer Carrot/Gajar Chilla,Breakfast,Indian,Vegan,Besan | Paneer | Carrot/Gajar,Prepare the matched ingredients together and serve as a balanced meal.,30
R00430,Indian Paneer Green Peas Fresh Chilla,Breakfast,Indian,Vegan,Besan | Paneer | Green Peas Fresh,Prepare the matched ingredients together and serve as a balanced meal.,30
R00431,Indian Paneer Spinach/Palak Chilla,Breakfast,Indian,Vegan,Besan | Paneer | Spinach/Palak,Prepare the matched ingredients together and serve as a balanced meal.,30
R00432,Indian Paneer Cauliflower/Gobhi Chilla,Breakfast,Indian,Vegan,Besan | Paneer | Cauliflower/Gobhi,Prepare the matched ingredients together and serve as a balanced meal.,30
R00433,Indian Paneer Okra/Bhindi Chilla,Breakfast,Indian,Vegan,Besan | Paneer | Okra/Bhindi,Prepare the matched ingredients together and serve as a balanced meal.,30
R00434,Indian Paneer Brinjal/Baingan Chilla,Breakfast,Indian,Vegan,Besan | Paneer | Brinjal/Baingan,Prepare the matched ingredients together and serve as a balanced meal.,30
R00435,Indian Paneer Capsicum/Bell Pepper Chilla,Breakfast,Indian,Vegan,Besan | Paneer | Capsicum/Bell Pepper,Prepare the matched ingredients together and serve as a balanced meal.,30
R00436,Indian Paneer Tomato/Tamatar Chilla,Breakfast,Indian,Vegan,Besan | Paneer | Tomato/Tamatar,Prepare the matched ingredients together and serve as a balanced meal.,30
R00437,Indian Paneer Onion/Pyaz Chilla,Breakfast,Indian,Vegan,Besan | Paneer | Onion/Pyaz,Prepare the matched ingredients together and serve as a balanced meal.,30
R00438,Indian Paneer Cucumber/Kheera Chilla,Breakfast,Indian,Vegan,Besan | Paneer | Cucumber/Kheera,Prepare the matched ingredients together and serve as a balanced meal.,30
R00439,Indian Paneer Broccoli Chilla,Breakfast,Indian,Vegan,Besan | Paneer | Broccoli,Prepare the matched ingredients together and serve as a balanced meal.,30
R00440,Indian Paneer Mushroom Chilla,Breakfast,Indian,Vegan,Besan | Paneer | Mushroom,Prepare the matched ingredients together and serve as a balanced meal.,30
R00441,Indian Paneer Corn Chilla,Breakfast,Indian,Vegan,Besan | Paneer | Corn,Prepare the matched ingredients together and serve as a balanced meal.,30
R00442,Indian Paneer Methi Leaves Chilla,Breakfast,Indian,Vegan,Besan | Paneer | Methi Leaves,Prepare the matched ingredients together and serve as a balanced meal.,30
R00443,Indian Tofu Potato/Aloo Chilla,Breakfast,Indian,Vegan,Besan | Tofu | Potato/Aloo,Prepare the matched ingredients together and serve as a balanced meal.,30
R00444,Indian Tofu Carrot/Gajar Chilla,Breakfast,Indian,Vegan,Besan | Tofu | Carrot/Gajar,Prepare the matched ingredients together and serve as a balanced meal.,30
R00445,Indian Tofu Green Peas Fresh Chilla,Breakfast,Indian,Vegan,Besan | Tofu | Green Peas Fresh,Prepare the matched ingredients together and serve as a balanced meal.,30
R00446,Indian Tofu Spinach/Palak Chilla,Breakfast,Indian,Vegan,Besan | Tofu | Spinach/Palak,Prepare the matched ingredients together and serve as a balanced meal.,30
R00447,Indian Tofu Cauliflower/Gobhi Chilla,Breakfast,Indian,Vegan,Besan | Tofu | Cauliflower/Gobhi,Prepare the matched ingredients together and serve as a balanced meal.,30
R00448,Indian Tofu Okra/Bhindi Chilla,Breakfast,Indian,Vegan,Besan | Tofu | Okra/Bhindi,Prepare the matched ingredients together and serve as a balanced meal.,30
R00449,Indian Tofu Brinjal/Baingan Chilla,Breakfast,Indian,Vegan,Besan | Tofu | Brinjal/Baingan,Prepare the matched ingredients together and serve as a balanced meal.,30
R00450,Indian Tofu Capsicum/Bell Pepper Chilla,Breakfast,Indian,Vegan,Besan | Tofu | Capsicum/Bell Pepper,Prepare the matched ingredients together and serve as a balanced meal.,30
R00451,Indian Tofu Tomato/Tamatar Chilla,Breakfast,Indian,Vegan,Besan | Tofu | Tomato/Tamatar,Prepare the matched ingredients together and serve as a balanced meal.,30
R00452,Indian Tofu Onion/Pyaz Chilla,Breakfast,Indian,Vegan,Besan | Tofu | Onion/Pyaz,Prepare the matched ingredients together and serve as a balanced meal.,30
R00453,Indian Tofu Cucumber/Kheera Chilla,Breakfast,Indian,Vegan,Besan | Tofu | Cucumber/Kheera,Prepare the matched ingredients together and serve as a balanced meal.,30
R00454,Indian Tofu Broccoli Chilla,Breakfast,Indian,Vegan,Besan | Tofu | Broccoli,Prepare the matched ingredients together and serve as a balanced meal.,30
R00455,Indian Tofu Mushroom Chilla,Breakfast,Indian,Vegan,Besan | Tofu | Mushroom,Prepare the matched ingredients together and serve as a balanced meal.,30
R00456,Indian Tofu Corn Chilla,Breakfast,Indian,Vegan,Besan | Tofu | Corn,Prepare the matched ingredients together and serve as a balanced meal.,30
R00457,Indian Tofu Methi Leaves Chilla,Breakfast,Indian,Vegan,Besan | Tofu | Methi Leaves,Prepare the matched ingredients together and serve as a balanced meal.,30
R00458,Indian Soya Chunks Potato/Aloo Chilla,Breakfast,Indian,Vegan,Besan | Soya Chunks | Potato/Aloo,Prepare the matched ingredients together and serve as a balanced meal.,30
R00459,Indian Soya Chunks Carrot/Gajar Chilla,Breakfast,Indian,Vegan,Besan | Soya Chunks | Carrot/Gajar,Prepare the matched ingredients together and serve as a balanced meal.,30
R00460,Indian Soya Chunks Green Peas Fresh Chilla,Breakfast,Indian,Vegan,Besan | Soya Chunks | Green Peas Fresh,Prepare the matched ingredients together and serve as a balanced meal.,30
R00461,Indian Soya Chunks Spinach/Palak Chilla,Breakfast,Indian,Vegan,Besan | Soya Chunks | Spinach/Palak,Prepare the matched ingredients together and serve as a balanced meal.,30
R00462,Indian Soya Chunks Cauliflower/Gobhi Chilla,Breakfast,Indian,Vegan,Besan | Soya Chunks | Cauliflower/Gobhi,Prepare the matched ingredients together and serve as a balanced meal.,30
R00463,Indian Soya Chunks Okra/Bhindi Chilla,Breakfast,Indian,Vegan,Besan | Soya Chunks | Okra/Bhindi,Prepare the matched ingredients together and serve as a balanced meal.,30
R00464,Indian Soya Chunks Brinjal/Baingan Chilla,Breakfast,Indian,Vegan,Besan | Soya Chunks | Brinjal/Baingan,Prepare the matched ingredients together and serve as a balanced meal.,30
R00465,Indian Soya Chunks Capsicum/Bell Pepper Chilla,Breakfast,Indian,Vegan,Besan | Soya Chunks | Capsicum/Bell Pepper,Prepare the matched ingredients together and serve as a balanced meal.,30
R00466,Indian Soya Chunks Tomato/Tamatar Chilla,Breakfast,Indian,Vegan,Besan | Soya Chunks | Tomato/Tamatar,Prepare the matched ingredients together and serve as a balanced meal.,30
R00467,Indian Soya Chunks Onion/Pyaz Chilla,Breakfast,Indian,Vegan,Besan | Soya Chunks | Onion/Pyaz,Prepare the matched ingredients together and serve as a balanced meal.,30
R00468,Indian Soya Chunks Cucumber/Kheera Chilla,Breakfast,Indian,Vegan,Besan | Soya Chunks | Cucumber/Kheera,Prepare the matched ingredients together and serve as a balanced meal.,30
R00469,Indian Soya Chunks Broccoli Chilla,Breakfast,Indian,Vegan,Besan | Soya Chunks | Broccoli,Prepare the matched ingredients together and serve as a balanced meal.,30
R00470,Indian Soya Chunks Mushroom Chilla,Breakfast,Indian,Vegan,Besan | Soya Chunks | Mushroom,Prepare the matched ingredients together and serve as a balanced meal.,30
R00471,Indian Soya Chunks Corn Chilla,Breakfast,Indian,Vegan,Besan | Soya Chunks | Corn,Prepare the matched ingredients together and serve as a balanced meal.,30
R00472,Indian Soya Chunks Methi Leaves Chilla,Breakfast,Indian,Vegan,Besan | Soya Chunks | Methi Leaves,Prepare the matched ingredients together and serve as a balanced meal.,30
R00473,Indian Eggs Potato/Aloo Chilla,Breakfast,Indian,Non-Vegetarian,Besan | Eggs | Potato/Aloo,Prepare the matched ingredients together and serve as a balanced meal.,30
R00474,Indian Eggs Carrot/Gajar Chilla,Breakfast,Indian,Non-Vegetarian,Besan | Eggs | Carrot/Gajar,Prepare the matched ingredients together and serve as a balanced meal.,30
R00475,Indian Eggs Green Peas Fresh Chilla,Breakfast,Indian,Non-Vegetarian,Besan | Eggs | Green Peas Fresh,Prepare the matched ingredients together and serve as a balanced meal.,30
R00476,Indian Eggs Spinach/Palak Chilla,Breakfast,Indian,Non-Vegetarian,Besan | Eggs | Spinach/Palak,Prepare the matched ingredients together and serve as a balanced meal.,30
R00477,Indian Eggs Cauliflower/Gobhi Chilla,Breakfast,Indian,Non-Vegetarian,Besan | Eggs | Cauliflower/Gobhi,Prepare the matched ingredients together and serve as a balanced meal.,30
R00478,Indian Eggs Okra/Bhindi Chilla,Breakfast,Indian,Non-Vegetarian,Besan | Eggs | Okra/Bhindi,Prepare the matched ingredients together and serve as a balanced meal.,30
R00479,Indian Eggs Brinjal/Baingan Chilla,Breakfast,Indian,Non-Vegetarian,Besan | Eggs | Brinjal/Baingan,Prepare the matched ingredients together and serve as a balanced meal.,30
R00480,Indian Eggs Capsicum/Bell Pepper Chilla,Breakfast,Indian,Non-Vegetarian,Besan | Eggs | Capsicum/Bell Pepper,Prepare the matched ingredients together and serve as a balanced meal.,30
R00481,Indian Eggs Tomato/Tamatar Chilla,Breakfast,Indian,Non-Vegetarian,Besan | Eggs | Tomato/Tamatar,Prepare the matched ingredients together and serve as a balanced meal.,30
R00482,Indian Eggs Onion/Pyaz Chilla,Breakfast,Indian,Non-Vegetarian,Besan | Eggs | Onion/Pyaz,Prepare the matched ingredients together and serve as a balanced meal.,30
R00483,Indian Eggs Cucumber/Kheera Chilla,Breakfast,Indian,Non-Vegetarian,Besan | Eggs | Cucumber/Kheera,Prepare the matched ingredients together and serve as a balanced meal.,30
R00484,Indian Eggs Broccoli Chilla,Breakfast,Indian,Non-Vegetarian,Besan | Eggs | Broccoli,Prepare the matched ingredients together and serve as a balanced meal.,30
R00485,Indian Eggs Mushroom Chilla,Breakfast,Indian,Non-Vegetarian,Besan | Eggs | Mushroom,Prepare the matched ingredients together and serve as a balanced meal.,30
R00486,Indian Eggs Corn Chilla,Breakfast,Indian,Non-Vegetarian,Besan | Eggs | Corn,Prepare the matched ingredients together and serve as a balanced meal.,30
R00487,Indian Eggs Methi Leaves Chilla,Breakfast,Indian,Non-Vegetarian,Besan | Eggs | Methi Leaves,Prepare the matched ingredients together and serve as a balanced meal.,30
R00488,Indian Chicken Breast Potato/Aloo Chilla,Breakfast,Indian,Non-Vegetarian,Besan | Chicken Breast | Potato/Aloo,Prepare the matched ingredients together and serve as a balanced meal.,30
R00489,Indian Chicken Breast Carrot/Gajar Chilla,Breakfast,Indian,Non-Vegetarian,Besan | Chicken Breast | Carrot/Gajar,Prepare the matched ingredients together and serve as a balanced meal.,30
R00490,Indian Chicken Breast Green Peas Fresh Chilla,Breakfast,Indian,Non-Vegetarian,Besan | Chicken Breast | Green Peas Fresh,Prepare the matched ingredients together and serve as a balanced meal.,30
R00491,Indian Chicken Breast Spinach/Palak Chilla,Breakfast,Indian,Non-Vegetarian,Besan | Chicken Breast | Spinach/Palak,Prepare the matched ingredients together and serve as a balanced meal.,30
R00492,Indian Chicken Breast Cauliflower/Gobhi Chilla,Breakfast,Indian,Non-Vegetarian,Besan | Chicken Breast | Cauliflower/Gobhi,Prepare the matched ingredients together and serve as a balanced meal.,30
R00493,Indian Chicken Breast Okra/Bhindi Chilla,Breakfast,Indian,Non-Vegetarian,Besan | Chicken Breast | Okra/Bhindi,Prepare the matched ingredients together and serve as a balanced meal.,30
R00494,Indian Chicken Breast Brinjal/Baingan Chilla,Breakfast,Indian,Non-Vegetarian,Besan | Chicken Breast | Brinjal/Baingan,Prepare the matched ingredients together and serve as a balanced meal.,30
R00495,Indian Chicken Breast Capsicum/Bell Pepper Chilla,Breakfast,Indian,Non-Vegetarian,Besan | Chicken Breast | Capsicum/Bell Pepper,Prepare the matched ingredients together and serve as a balanced meal.,30
R00496,Indian Chicken Breast Tomato/Tamatar Chilla,Breakfast,Indian,Non-Vegetarian,Besan | Chicken Breast | Tomato/Tamatar,Prepare the matched ingredients together and serve as a balanced meal.,30
R00497,Indian Chicken Breast Onion/Pyaz Chilla,Breakfast,Indian,Non-Vegetarian,Besan | Chicken Breast | Onion/Pyaz,Prepare the matched ingredients together and serve as a balanced meal.,30
R00498,Indian Chicken Breast Cucumber/Kheera Chilla,Breakfast,Indian,Non-Vegetarian,Besan | Chicken Breast | Cucumber/Kheera,Prepare the matched ingredients together and serve as a balanced meal.,30
R00499,Indian Chicken Breast Broccoli Chilla,Breakfast,Indian,Non-Vegetarian,Besan | Chicken Breast | Broccoli,Prepare the matched ingredients together and serve as a balanced meal.,30
R00500,Indian Chicken Breast Mushroom Chilla,Breakfast,Indian,Non-Vegetarian,Besan | Chicken Breast | Mushroom,Prepare the matched ingredients together and serve as a balanced meal.,30
R00501,Indian Chicken Breast Corn Chilla,Breakfast,Indian,Non-Vegetarian,Besan | Chicken Breast | Corn,Prepare the matched ingredients together and serve as a balanced meal.,30
R00502,Indian Chicken Breast Methi Leaves Chilla,Breakfast,Indian,Non-Vegetarian,Besan | Chicken Breast | Methi Leaves,Prepare the matched ingredients together and serve as a balanced meal.,30
R00503,Indian Rohu Fish Potato/Aloo Chilla,Breakfast,Indian,Non-Vegetarian,Besan | Rohu Fish | Potato/Aloo,Prepare the matched ingredients together and serve as a balanced meal.,30
R00504,Indian Rohu Fish Carrot/Gajar Chilla,Breakfast,Indian,Non-Vegetarian,Besan | Rohu Fish | Carrot/Gajar,Prepare the matched ingredients together and serve as a balanced meal.,30
R00505,Indian Rohu Fish Green Peas Fresh Chilla,Breakfast,Indian,Non-Vegetarian,Besan | Rohu Fish | Green Peas Fresh,Prepare the matched ingredients together and serve as a balanced meal.,30
R00506,Indian Rohu Fish Spinach/Palak Chilla,Breakfast,Indian,Non-Vegetarian,Besan | Rohu Fish | Spinach/Palak,Prepare the matched ingredients together and serve as a balanced meal.,30
R00507,Indian Rohu Fish Cauliflower/Gobhi Chilla,Breakfast,Indian,Non-Vegetarian,Besan | Rohu Fish | Cauliflower/Gobhi,Prepare the matched ingredients together and serve as a balanced meal.,30
R00508,Indian Rohu Fish Okra/Bhindi Chilla,Breakfast,Indian,Non-Vegetarian,Besan | Rohu Fish | Okra/Bhindi,Prepare the matched ingredients together and serve as a balanced meal.,30
R00509,Indian Rohu Fish Brinjal/Baingan Chilla,Breakfast,Indian,Non-Vegetarian,Besan | Rohu Fish | Brinjal/Baingan,Prepare the matched ingredients together and serve as a balanced meal.,30
R00510,Indian Rohu Fish Capsicum/Bell Pepper Chilla,Breakfast,Indian,Non-Vegetarian,Besan | Rohu Fish | Capsicum/Bell Pepper,Prepare the matched ingredients together and serve as a balanced meal.,30
R00511,Indian Rohu Fish Tomato/Tamatar Chilla,Breakfast,Indian,Non-Vegetarian,Besan | Rohu Fish | Tomato/Tamatar,Prepare the matched ingredients together and serve as a balanced meal.,30
R00512,Indian Rohu Fish Onion/Pyaz Chilla,Breakfast,Indian,Non-Vegetarian,Besan | Rohu Fish | Onion/Pyaz,Prepare the matched ingredients together and serve as a balanced meal.,30
R00513,Indian Rohu Fish Cucumber/Kheera Chilla,Breakfast,Indian,Non-Vegetarian,Besan | Rohu Fish | Cucumber/Kheera,Prepare the matched ingredients together and serve as a balanced meal.,30
R00514,Indian Rohu Fish Broccoli Chilla,Breakfast,Indian,Non-Vegetarian,Besan | Rohu Fish | Broccoli,Prepare the matched ingredients together and serve as a balanced meal.,30
R00515,Indian Rohu Fish Mushroom Chilla,Breakfast,Indian,Non-Vegetarian,Besan | Rohu Fish | Mushroom,Prepare the matched ingredients together and serve as a balanced meal.,30
R00516,Indian Rohu Fish Corn Chilla,Breakfast,Indian,Non-Vegetarian,Besan | Rohu Fish | Corn,Prepare the matched ingredients together and serve as a balanced meal.,30
R00517,Indian Rohu Fish Methi Leaves Chilla,Breakfast,Indian,Non-Vegetarian,Besan | Rohu Fish | Methi Leaves,Prepare the matched ingredients together and serve as a balanced meal.,30
R00518,Indian Prawns Potato/Aloo Chilla,Breakfast,Indian,Non-Vegetarian,Besan | Prawns | Potato/Aloo,Prepare the matched ingredients together and serve as a balanced meal.,30
R00519,Indian Prawns Carrot/Gajar Chilla,Breakfast,Indian,Non-Vegetarian,Besan | Prawns | Carrot/Gajar,Prepare the matched ingredients together and serve as a balanced meal.,30
R00520,Indian Prawns Green Peas Fresh Chilla,Breakfast,Indian,Non-Vegetarian,Besan | Prawns | Green Peas Fresh,Prepare the matched ingredients together and serve as a balanced meal.,30
R00521,Indian Prawns Spinach/Palak Chilla,Breakfast,Indian,Non-Vegetarian,Besan | Prawns | Spinach/Palak,Prepare the matched ingredients together and serve as a balanced meal.,30
R00522,Indian Prawns Cauliflower/Gobhi Chilla,Breakfast,Indian,Non-Vegetarian,Besan | Prawns | Cauliflower/Gobhi,Prepare the matched ingredients together and serve as a balanced meal.,30
R00523,Indian Prawns Okra/Bhindi Chilla,Breakfast,Indian,Non-Vegetarian,Besan | Prawns | Okra/Bhindi,Prepare the matched ingredients together and serve as a balanced meal.,30
R00524,Indian Prawns Brinjal/Baingan Chilla,Breakfast,Indian,Non-Vegetarian,Besan | Prawns | Brinjal/Baingan,Prepare the matched ingredients together and serve as a balanced meal.,30
R00525,Indian Prawns Capsicum/Bell Pepper Chilla,Breakfast,Indian,Non-Vegetarian,Besan | Prawns | Capsicum/Bell Pepper,Prepare the matched ingredients together and serve as a balanced meal.,30
R00526,Indian Prawns Tomato/Tamatar Chilla,Breakfast,Indian,Non-Vegetarian,Besan | Prawns | Tomato/Tamatar,Prepare the matched ingredients together and serve as a balanced meal.,30
R00527,Indian Prawns Onion/Pyaz Chilla,Breakfast,Indian,Non-Vegetarian,Besan | Prawns | Onion/Pyaz,Prepare the matched ingredients together and serve as a balanced meal.,30
R00528,Indian Prawns Cucumber/Kheera Chilla,Breakfast,Indian,Non-Vegetarian,Besan | Prawns | Cucumber/Kheera,Prepare the matched ingredients together and serve as a balanced meal.,30
R00529,Indian Prawns Broccoli Chilla,Breakfast,Indian,Non-Vegetarian,Besan | Prawns | Broccoli,Prepare the matched ingredients together and serve as a balanced meal.,30
R00530,Indian Prawns Mushroom Chilla,Breakfast,Indian,Non-Vegetarian,Besan | Prawns | Mushroom,Prepare the matched ingredients together and serve as a balanced meal.,30
R00531,Indian Prawns Corn Chilla,Breakfast,Indian,Non-Vegetarian,Besan | Prawns | Corn,Prepare the matched ingredients together and serve as a balanced meal.,30
R00532,Indian Prawns Methi Leaves Chilla,Breakfast,Indian,Non-Vegetarian,Besan | Prawns | Methi Leaves,Prepare the matched ingredients together and serve as a balanced meal.,30
R00533,Indian Toor Dal Potato/Aloo Bowl,Breakfast,Indian,Vegan,Rolled Oats | Toor Dal | Potato/Aloo,Prepare the matched ingredients together and serve as a balanced meal.,30
R00534,Indian Toor Dal Carrot/Gajar Bowl,Breakfast,Indian,Vegan,Rolled Oats | Toor Dal | Carrot/Gajar,Prepare the matched ingredients together and serve as a balanced meal.,30
R00535,Indian Toor Dal Green Peas Fresh Bowl,Breakfast,Indian,Vegan,Rolled Oats | Toor Dal | Green Peas Fresh,Prepare the matched ingredients together and serve as a balanced meal.,30
R00536,Indian Toor Dal Spinach/Palak Bowl,Breakfast,Indian,Vegan,Rolled Oats | Toor Dal | Spinach/Palak,Prepare the matched ingredients together and serve as a balanced meal.,30
R00537,Indian Toor Dal Cauliflower/Gobhi Bowl,Breakfast,Indian,Vegan,Rolled Oats | Toor Dal | Cauliflower/Gobhi,Prepare the matched ingredients together and serve as a balanced meal.,30
R00538,Indian Toor Dal Okra/Bhindi Bowl,Breakfast,Indian,Vegan,Rolled Oats | Toor Dal | Okra/Bhindi,Prepare the matched ingredients together and serve as a balanced meal.,30
R00539,Indian Toor Dal Brinjal/Baingan Bowl,Breakfast,Indian,Vegan,Rolled Oats | Toor Dal | Brinjal/Baingan,Prepare the matched ingredients together and serve as a balanced meal.,30
R00540,Indian Toor Dal Capsicum/Bell Pepper Bowl,Breakfast,Indian,Vegan,Rolled Oats | Toor Dal | Capsicum/Bell Pepper,Prepare the matched ingredients together and serve as a balanced meal.,30
R00541,Indian Toor Dal Tomato/Tamatar Bowl,Breakfast,Indian,Vegan,Rolled Oats | Toor Dal | Tomato/Tamatar,Prepare the matched ingredients together and serve as a balanced meal.,30
R00542,Indian Toor Dal Onion/Pyaz Bowl,Breakfast,Indian,Vegan,Rolled Oats | Toor Dal | Onion/Pyaz,Prepare the matched ingredients together and serve as a balanced meal.,30
R00543,Indian Toor Dal Cucumber/Kheera Bowl,Breakfast,Indian,Vegan,Rolled Oats | Toor Dal | Cucumber/Kheera,Prepare the matched ingredients together and serve as a balanced meal.,30
R00544,Indian Toor Dal Broccoli Bowl,Breakfast,Indian,Vegan,Rolled Oats | Toor Dal | Broccoli,Prepare the matched ingredients together and serve as a balanced meal.,30
R00545,Indian Toor Dal Mushroom Bowl,Breakfast,Indian,Vegan,Rolled Oats | Toor Dal | Mushroom,Prepare the matched ingredients together and serve as a balanced meal.,30
R00546,Indian Toor Dal Corn Bowl,Breakfast,Indian,Vegan,Rolled Oats | Toor Dal | Corn,Prepare the matched ingredients together and serve as a balanced meal.,30
R00547,Indian Toor Dal Methi Leaves Bowl,Breakfast,Indian,Vegan,Rolled Oats | Toor Dal | Methi Leaves,Prepare the matched ingredients together and serve as a balanced meal.,30
R00548,Indian Moong Dal Potato/Aloo Bowl,Breakfast,Indian,Vegan,Rolled Oats | Moong Dal | Potato/Aloo,Prepare the matched ingredients together and serve as a balanced meal.,30
R00549,Indian Moong Dal Carrot/Gajar Bowl,Breakfast,Indian,Vegan,Rolled Oats | Moong Dal | Carrot/Gajar,Prepare the matched ingredients together and serve as a balanced meal.,30
R00550,Indian Moong Dal Green Peas Fresh Bowl,Breakfast,Indian,Vegan,Rolled Oats | Moong Dal | Green Peas Fresh,Prepare the matched ingredients together and serve as a balanced meal.,30
R00551,Indian Moong Dal Spinach/Palak Bowl,Breakfast,Indian,Vegan,Rolled Oats | Moong Dal | Spinach/Palak,Prepare the matched ingredients together and serve as a balanced meal.,30
R00552,Indian Moong Dal Cauliflower/Gobhi Bowl,Breakfast,Indian,Vegan,Rolled Oats | Moong Dal | Cauliflower/Gobhi,Prepare the matched ingredients together and serve as a balanced meal.,30
R00553,Indian Moong Dal Okra/Bhindi Bowl,Breakfast,Indian,Vegan,Rolled Oats | Moong Dal | Okra/Bhindi,Prepare the matched ingredients together and serve as a balanced meal.,30
R00554,Indian Moong Dal Brinjal/Baingan Bowl,Breakfast,Indian,Vegan,Rolled Oats | Moong Dal | Brinjal/Baingan,Prepare the matched ingredients together and serve as a balanced meal.,30
R00555,Indian Moong Dal Capsicum/Bell Pepper Bowl,Breakfast,Indian,Vegan,Rolled Oats | Moong Dal | Capsicum/Bell Pepper,Prepare the matched ingredients together and serve as a balanced meal.,30
R00556,Indian Moong Dal Tomato/Tamatar Bowl,Breakfast,Indian,Vegan,Rolled Oats | Moong Dal | Tomato/Tamatar,Prepare the matched ingredients together and serve as a balanced meal.,30
R00557,Indian Moong Dal Onion/Pyaz Bowl,Breakfast,Indian,Vegan,Rolled Oats | Moong Dal | Onion/Pyaz,Prepare the matched ingredients together and serve as a balanced meal.,30
R00558,Indian Moong Dal Cucumber/Kheera Bowl,Breakfast,Indian,Vegan,Rolled Oats | Moong Dal | Cucumber/Kheera,Prepare the matched ingredients together and serve as a balanced meal.,30
R00559,Indian Moong Dal Broccoli Bowl,Breakfast,Indian,Vegan,Rolled Oats | Moong Dal | Broccoli,Prepare the matched ingredients together and serve as a balanced meal.,30
R00560,Indian Moong Dal Mushroom Bowl,Breakfast,Indian,Vegan,Rolled Oats | Moong Dal | Mushroom,Prepare the matched ingredients together and serve as a balanced meal.,30
R00561,Indian Moong Dal Corn Bowl,Breakfast,Indian,Vegan,Rolled Oats | Moong Dal | Corn,Prepare the matched ingredients together and serve as a balanced meal.,30
R00562,Indian Moong Dal Methi Leaves Bowl,Breakfast,Indian,Vegan,Rolled Oats | Moong Dal | Methi Leaves,Prepare the matched ingredients together and serve as a balanced meal.,30
R00563,Indian Masoor Dal Potato/Aloo Bowl,Breakfast,Indian,Vegan,Rolled Oats | Masoor Dal | Potato/Aloo,Prepare the matched ingredients together and serve as a balanced meal.,30
R00564,Indian Masoor Dal Carrot/Gajar Bowl,Breakfast,Indian,Vegan,Rolled Oats | Masoor Dal | Carrot/Gajar,Prepare the matched ingredients together and serve as a balanced meal.,30
R00565,Indian Masoor Dal Green Peas Fresh Bowl,Breakfast,Indian,Vegan,Rolled Oats | Masoor Dal | Green Peas Fresh,Prepare the matched ingredients together and serve as a balanced meal.,30
R00566,Indian Masoor Dal Spinach/Palak Bowl,Breakfast,Indian,Vegan,Rolled Oats | Masoor Dal | Spinach/Palak,Prepare the matched ingredients together and serve as a balanced meal.,30
R00567,Indian Masoor Dal Cauliflower/Gobhi Bowl,Breakfast,Indian,Vegan,Rolled Oats | Masoor Dal | Cauliflower/Gobhi,Prepare the matched ingredients together and serve as a balanced meal.,30
R00568,Indian Toor Dal Potato/Aloo Rice Meal,Lunch,Indian,Vegan,Rice | Toor Dal | Potato/Aloo | Tomato/Tamatar,Prepare the matched ingredients together and serve as a balanced meal.,30
R00569,Indian Toor Dal Carrot/Gajar Rice Meal,Lunch,Indian,Vegan,Rice | Toor Dal | Carrot/Gajar | Tomato/Tamatar,Prepare the matched ingredients together and serve as a balanced meal.,30
R00570,Indian Toor Dal Green Peas Fresh Rice Meal,Lunch,Indian,Vegan,Rice | Toor Dal | Green Peas Fresh | Tomato/Tamatar,Prepare the matched ingredients together and serve as a balanced meal.,30
R00571,Indian Toor Dal Spinach/Palak Rice Meal,Lunch,Indian,Vegan,Rice | Toor Dal | Spinach/Palak | Tomato/Tamatar,Prepare the matched ingredients together and serve as a balanced meal.,30
R00572,Indian Toor Dal Cauliflower/Gobhi Rice Meal,Lunch,Indian,Vegan,Rice | Toor Dal | Cauliflower/Gobhi | Tomato/Tamatar,Prepare the matched ingredients together and serve as a balanced meal.,30
R00573,Indian Toor Dal Okra/Bhindi Rice Meal,Lunch,Indian,Vegan,Rice | Toor Dal | Okra/Bhindi | Tomato/Tamatar,Prepare the matched ingredients together and serve as a balanced meal.,30
R00574,Indian Toor Dal Brinjal/Baingan Rice Meal,Lunch,Indian,Vegan,Rice | Toor Dal | Brinjal/Baingan | Tomato/Tamatar,Prepare the matched ingredients together and serve as a balanced meal.,30
R00575,Indian Toor Dal Capsicum/Bell Pepper Rice Meal,Lunch,Indian,Vegan,Rice | Toor Dal | Capsicum/Bell Pepper | Tomato/Tamatar,Prepare the matched ingredients together and serve as a balanced meal.,30
R00576,Indian Toor Dal Tomato/Tamatar Rice Meal,Lunch,Indian,Vegan,Rice | Toor Dal | Tomato/Tamatar,Prepare the matched ingredients together and serve as a balanced meal.,30
R00577,Indian Toor Dal Onion/Pyaz Rice Meal,Lunch,Indian,Vegan,Rice | Toor Dal | Onion/Pyaz | Tomato/Tamatar,Prepare the matched ingredients together and serve as a balanced meal.,30
R00578,Indian Toor Dal Cucumber/Kheera Rice Meal,Lunch,Indian,Vegan,Rice | Toor Dal | Cucumber/Kheera | Tomato/Tamatar,Prepare the matched ingredients together and serve as a balanced meal.,30
R00579,Indian Toor Dal Broccoli Rice Meal,Lunch,Indian,Vegan,Rice | Toor Dal | Broccoli | Tomato/Tamatar,Prepare the matched ingredients together and serve as a balanced meal.,30
R00580,Indian Toor Dal Mushroom Rice Meal,Lunch,Indian,Vegan,Rice | Toor Dal | Mushroom | Tomato/Tamatar,Prepare the matched ingredients together and serve as a balanced meal.,30
R00581,Indian Toor Dal Corn Rice Meal,Lunch,Indian,Vegan,Rice | Toor Dal | Corn | Tomato/Tamatar,Prepare the matched ingredients together and serve as a balanced meal.,30
R00582,Indian Toor Dal Methi Leaves Rice Meal,Lunch,Indian,Vegan,Rice | Toor Dal | Methi Leaves | Tomato/Tamatar,Prepare the matched ingredients together and serve as a balanced meal.,30
R00583,Indian Moong Dal Potato/Aloo Rice Meal,Lunch,Indian,Vegan,Rice | Moong Dal | Potato/Aloo | Tomato/Tamatar,Prepare the matched ingredients together and serve as a balanced meal.,30
R00584,Indian Moong Dal Carrot/Gajar Rice Meal,Lunch,Indian,Vegan,Rice | Moong Dal | Carrot/Gajar | Tomato/Tamatar,Prepare the matched ingredients together and serve as a balanced meal.,30
R00585,Indian Moong Dal Green Peas Fresh Rice Meal,Lunch,Indian,Vegan,Rice | Moong Dal | Green Peas Fresh | Tomato/Tamatar,Prepare the matched ingredients together and serve as a balanced meal.,30
R00586,Indian Moong Dal Spinach/Palak Rice Meal,Lunch,Indian,Vegan,Rice | Moong Dal | Spinach/Palak | Tomato/Tamatar,Prepare the matched ingredients together and serve as a balanced meal.,30
R00587,Indian Moong Dal Cauliflower/Gobhi Rice Meal,Lunch,Indian,Vegan,Rice | Moong Dal | Cauliflower/Gobhi | Tomato/Tamatar,Prepare the matched ingredients together and serve as a balanced meal.,30
R00588,Indian Moong Dal Okra/Bhindi Rice Meal,Lunch,Indian,Vegan,Rice | Moong Dal | Okra/Bhindi | Tomato/Tamatar,Prepare the matched ingredients together and serve as a balanced meal.,30
R00589,Indian Moong Dal Brinjal/Baingan Rice Meal,Lunch,Indian,Vegan,Rice | Moong Dal | Brinjal/Baingan | Tomato/Tamatar,Prepare the matched ingredients together and serve as a balanced meal.,30
R00590,Indian Moong Dal Capsicum/Bell Pepper Rice Meal,Lunch,Indian,Vegan,Rice | Moong Dal | Capsicum/Bell Pepper | Tomato/Tamatar,Prepare the matched ingredients together and serve as a balanced meal.,30
R00591,Indian Moong Dal Tomato/Tamatar Rice Meal,Lunch,Indian,Vegan,Rice | Moong Dal | Tomato/Tamatar,Prepare the matched ingredients together and serve as a balanced meal.,30
R00592,Indian Moong Dal Onion/Pyaz Rice Meal,Lunch,Indian,Vegan,Rice | Moong Dal | Onion/Pyaz | Tomato/Tamatar,Prepare the matched ingredients together and serve as a balanced meal.,30
R00593,Indian Moong Dal Cucumber/Kheera Rice Meal,Lunch,Indian,Vegan,Rice | Moong Dal | Cucumber/Kheera | Tomato/Tamatar,Prepare the matched ingredients together and serve as a balanced meal.,30
R00594,Indian Moong Dal Broccoli Rice Meal,Lunch,Indian,Vegan,Rice | Moong Dal | Broccoli | Tomato/Tamatar,Prepare the matched ingredients together and serve as a balanced meal.,30
R00595,Indian Moong Dal Mushroom Rice Meal,Lunch,Indian,Vegan,Rice | Moong Dal | Mushroom | Tomato/Tamatar,Prepare the matched ingredients together and serve as a balanced meal.,30
R00596,Indian Moong Dal Corn Rice Meal,Lunch,Indian,Vegan,Rice | Moong Dal | Corn | Tomato/Tamatar,Prepare the matched ingredients together and serve as a balanced meal.,30
R00597,Indian Moong Dal Methi Leaves Rice Meal,Lunch,Indian,Vegan,Rice | Moong Dal | Methi Leaves | Tomato/Tamatar,Prepare the matched ingredients together and serve as a balanced meal.,30
R00598,Indian Masoor Dal Potato/Aloo Rice Meal,Lunch,Indian,Vegan,Rice | Masoor Dal | Potato/Aloo | Tomato/Tamatar,Prepare the matched ingredients together and serve as a balanced meal.,30
R00599,Indian Masoor Dal Carrot/Gajar Rice Meal,Lunch,Indian,Vegan,Rice | Masoor Dal | Carrot/Gajar | Tomato/Tamatar,Prepare the matched ingredients together and serve as a balanced meal.,30
R00600,Indian Masoor Dal Green Peas Fresh Rice Meal,Lunch,Indian,Vegan,Rice | Masoor Dal | Green Peas Fresh | Tomato/Tamatar,Prepare the matched ingredients together and serve as a balanced meal.,30
R00601,Indian Masoor Dal Spinach/Palak Rice Meal,Lunch,Indian,Vegan,Rice | Masoor Dal | Spinach/Palak | Tomato/Tamatar,Prepare the matched ingredients together and serve as a balanced meal.,30
R00602,Indian Masoor Dal Cauliflower/Gobhi Rice Meal,Lunch,Indian,Vegan,Rice | Masoor Dal | Cauliflower/Gobhi | Tomato/Tamatar,Prepare the matched ingredients together and serve as a balanced meal.,30
R00603,Indian Masoor Dal Okra/Bhindi Rice Meal,Lunch,Indian,Vegan,Rice | Masoor Dal | Okra/Bhindi | Tomato/Tamatar,Prepare the matched ingredients together and serve as a balanced meal.,30
R00604,Indian Masoor Dal Brinjal/Baingan Rice Meal,Lunch,Indian,Vegan,Rice | Masoor Dal | Brinjal/Baingan | Tomato/Tamatar,Prepare the matched ingredients together and serve as a balanced meal.,30
R00605,Indian Masoor Dal Capsicum/Bell Pepper Rice Meal,Lunch,Indian,Vegan,Rice | Masoor Dal | Capsicum/Bell Pepper | Tomato/Tamatar,Prepare the matched ingredients together and serve as a balanced meal.,30
R00606,Indian Masoor Dal Tomato/Tamatar Rice Meal,Lunch,Indian,Vegan,Rice | Masoor Dal | Tomato/Tamatar,Prepare the matched ingredients together and serve as a balanced meal.,30
R00607,Indian Masoor Dal Onion/Pyaz Rice Meal,Lunch,Indian,Vegan,Rice | Masoor Dal | Onion/Pyaz | Tomato/Tamatar,Prepare the matched ingredients together and serve as a balanced meal.,30
R00608,Indian Masoor Dal Cucumber/Kheera Rice Meal,Lunch,Indian,Vegan,Rice | Masoor Dal | Cucumber/Kheera | Tomato/Tamatar,Prepare the matched ingredients together and serve as a balanced meal.,30
R00609,Indian Masoor Dal Broccoli Rice Meal,Lunch,Indian,Vegan,Rice | Masoor Dal | Broccoli | Tomato/Tamatar,Prepare the matched ingredients together and serve as a balanced meal.,30
R00610,Indian Masoor Dal Mushroom Rice Meal,Lunch,Indian,Vegan,Rice | Masoor Dal | Mushroom | Tomato/Tamatar,Prepare the matched ingredients together and serve as a balanced meal.,30
R00611,Indian Masoor Dal Corn Rice Meal,Lunch,Indian,Vegan,Rice | Masoor Dal | Corn | Tomato/Tamatar,Prepare the matched ingredients together and serve as a balanced meal.,30
R00612,Indian Masoor Dal Methi Leaves Rice Meal,Lunch,Indian,Vegan,Rice | Masoor Dal | Methi Leaves | Tomato/Tamatar,Prepare the matched ingredients together and serve as a balanced meal.,30
R00613,Indian Chana Dal Potato/Aloo Rice Meal,Lunch,Indian,Vegan,Rice | Chana Dal | Potato/Aloo | Tomato/Tamatar,Prepare the matched ingredients together and serve as a balanced meal.,30
R00614,Indian Chana Dal Carrot/Gajar Rice Meal,Lunch,Indian,Vegan,Rice | Chana Dal | Carrot/Gajar | Tomato/Tamatar,Prepare the matched ingredients together and serve as a balanced meal.,30
R00615,Indian Chana Dal Green Peas Fresh Rice Meal,Lunch,Indian,Vegan,Rice | Chana Dal | Green Peas Fresh | Tomato/Tamatar,Prepare the matched ingredients together and serve as a balanced meal.,30
R00616,Indian Chana Dal Spinach/Palak Rice Meal,Lunch,Indian,Vegan,Rice | Chana Dal | Spinach/Palak | Tomato/Tamatar,Prepare the matched ingredients together and serve as a balanced meal.,30
R00617,Indian Chana Dal Cauliflower/Gobhi Rice Meal,Lunch,Indian,Vegan,Rice | Chana Dal | Cauliflower/Gobhi | Tomato/Tamatar,Prepare the matched ingredients together and serve as a balanced meal.,30
R00618,Indian Chana Dal Okra/Bhindi Rice Meal,Lunch,Indian,Vegan,Rice | Chana Dal | Okra/Bhindi | Tomato/Tamatar,Prepare the matched ingredients together and serve as a balanced meal.,30
R00619,Indian Chana Dal Brinjal/Baingan Rice Meal,Lunch,Indian,Vegan,Rice | Chana Dal | Brinjal/Baingan | Tomato/Tamatar,Prepare the matched ingredients together and serve as a balanced meal.,30
R00620,Indian Chana Dal Capsicum/Bell Pepper Rice Meal,Lunch,Indian,Vegan,Rice | Chana Dal | Capsicum/Bell Pepper | Tomato/Tamatar,Prepare the matched ingredients together and serve as a balanced meal.,30
R00621,Indian Chana Dal Tomato/Tamatar Rice Meal,Lunch,Indian,Vegan,Rice | Chana Dal | Tomato/Tamatar,Prepare the matched ingredients together and serve as a balanced meal.,30
R00622,Indian Chana Dal Onion/Pyaz Rice Meal,Lunch,Indian,Vegan,Rice | Chana Dal | Onion/Pyaz | Tomato/Tamatar,Prepare the matched ingredients together and serve as a balanced meal.,30
R00623,Indian Chana Dal Cucumber/Kheera Rice Meal,Lunch,Indian,Vegan,Rice | Chana Dal | Cucumber/Kheera | Tomato/Tamatar,Prepare the matched ingredients together and serve as a balanced meal.,30
R00624,Indian Chana Dal Broccoli Rice Meal,Lunch,Indian,Vegan,Rice | Chana Dal | Broccoli | Tomato/Tamatar,Prepare the matched ingredients together and serve as a balanced meal.,30
R00625,Indian Chana Dal Mushroom Rice Meal,Lunch,Indian,Vegan,Rice | Chana Dal | Mushroom | Tomato/Tamatar,Prepare the matched ingredients together and serve as a balanced meal.,30
R00626,Indian Chana Dal Corn Rice Meal,Lunch,Indian,Vegan,Rice | Chana Dal | Corn | Tomato/Tamatar,Prepare the matched ingredients together and serve as a balanced meal.,30
R00627,Indian Chana Dal Methi Leaves Rice Meal,Lunch,Indian,Vegan,Rice | Chana Dal | Methi Leaves | Tomato/Tamatar,Prepare the matched ingredients together and serve as a balanced meal.,30
R00628,Indian Rajma Potato/Aloo Rice Meal,Lunch,Indian,Vegan,Rice | Rajma | Potato/Aloo | Tomato/Tamatar,Prepare the matched ingredients together and serve as a balanced meal.,30
R00629,Indian Rajma Carrot/Gajar Rice Meal,Lunch,Indian,Vegan,Rice | Rajma | Carrot/Gajar | Tomato/Tamatar,Prepare the matched ingredients together and serve as a balanced meal.,30
R00630,Indian Rajma Green Peas Fresh Rice Meal,Lunch,Indian,Vegan,Rice | Rajma | Green Peas Fresh | Tomato/Tamatar,Prepare the matched ingredients together and serve as a balanced meal.,30
R00631,Indian Rajma Spinach/Palak Rice Meal,Lunch,Indian,Vegan,Rice | Rajma | Spinach/Palak | Tomato/Tamatar,Prepare the matched ingredients together and serve as a balanced meal.,30
R00632,Indian Rajma Cauliflower/Gobhi Rice Meal,Lunch,Indian,Vegan,Rice | Rajma | Cauliflower/Gobhi | Tomato/Tamatar,Prepare the matched ingredients together and serve as a balanced meal.,30
R00633,Indian Rajma Okra/Bhindi Rice Meal,Lunch,Indian,Vegan,Rice | Rajma | Okra/Bhindi | Tomato/Tamatar,Prepare the matched ingredients together and serve as a balanced meal.,30
R00634,Indian Rajma Brinjal/Baingan Rice Meal,Lunch,Indian,Vegan,Rice | Rajma | Brinjal/Baingan | Tomato/Tamatar,Prepare the matched ingredients together and serve as a balanced meal.,30
R00635,Indian Rajma Capsicum/Bell Pepper Rice Meal,Lunch,Indian,Vegan,Rice | Rajma | Capsicum/Bell Pepper | Tomato/Tamatar,Prepare the matched ingredients together and serve as a balanced meal.,30
R00636,Indian Rajma Tomato/Tamatar Rice Meal,Lunch,Indian,Vegan,Rice | Rajma | Tomato/Tamatar,Prepare the matched ingredients together and serve as a balanced meal.,30
R00637,Indian Rajma Onion/Pyaz Rice Meal,Lunch,Indian,Vegan,Rice | Rajma | Onion/Pyaz | Tomato/Tamatar,Prepare the matched ingredients together and serve as a balanced meal.,30
R00638,Indian Rajma Cucumber/Kheera Rice Meal,Lunch,Indian,Vegan,Rice | Rajma | Cucumber/Kheera | Tomato/Tamatar,Prepare the matched ingredients together and serve as a balanced meal.,30
R00639,Indian Rajma Broccoli Rice Meal,Lunch,Indian,Vegan,Rice | Rajma | Broccoli | Tomato/Tamatar,Prepare the matched ingredients together and serve as a balanced meal.,30
R00640,Indian Rajma Mushroom Rice Meal,Lunch,Indian,Vegan,Rice | Rajma | Mushroom | Tomato/Tamatar,Prepare the matched ingredients together and serve as a balanced meal.,30
R00641,Indian Rajma Corn Rice Meal,Lunch,Indian,Vegan,Rice | Rajma | Corn | Tomato/Tamatar,Prepare the matched ingredients together and serve as a balanced meal.,30
R00642,Indian Rajma Methi Leaves Rice Meal,Lunch,Indian,Vegan,Rice | Rajma | Methi Leaves | Tomato/Tamatar,Prepare the matched ingredients together and serve as a balanced meal.,30
R00643,Indian Chickpeas/Kabuli Chana Potato/Aloo Rice Meal,Lunch,Indian,Vegan,Rice | Chickpeas/Kabuli Chana | Potato/Aloo | Tomato/Tamatar,Prepare the matched ingredients together and serve as a balanced meal.,30
R00644,Indian Chickpeas/Kabuli Chana Carrot/Gajar Rice Meal,Lunch,Indian,Vegan,Rice | Chickpeas/Kabuli Chana | Carrot/Gajar | Tomato/Tamatar,Prepare the matched ingredients together and serve as a balanced meal.,30
R00645,Indian Chickpeas/Kabuli Chana Green Peas Fresh Rice Meal,Lunch,Indian,Vegan,Rice | Chickpeas/Kabuli Chana | Green Peas Fresh | Tomato/Tamatar,Prepare the matched ingredients together and serve as a balanced meal.,30
R00646,Indian Chickpeas/Kabuli Chana Spinach/Palak Rice Meal,Lunch,Indian,Vegan,Rice | Chickpeas/Kabuli Chana | Spinach/Palak | Tomato/Tamatar,Prepare the matched ingredients together and serve as a balanced meal.,30
R00647,Indian Chickpeas/Kabuli Chana Cauliflower/Gobhi Rice Meal,Lunch,Indian,Vegan,Rice | Chickpeas/Kabuli Chana | Cauliflower/Gobhi | Tomato/Tamatar,Prepare the matched ingredients together and serve as a balanced meal.,30
R00648,Indian Chickpeas/Kabuli Chana Okra/Bhindi Rice Meal,Lunch,Indian,Vegan,Rice | Chickpeas/Kabuli Chana | Okra/Bhindi | Tomato/Tamatar,Prepare the matched ingredients together and serve as a balanced meal.,30
R00649,Indian Chickpeas/Kabuli Chana Brinjal/Baingan Rice Meal,Lunch,Indian,Vegan,Rice | Chickpeas/Kabuli Chana | Brinjal/Baingan | Tomato/Tamatar,Prepare the matched ingredients together and serve as a balanced meal.,30
R00650,Indian Chickpeas/Kabuli Chana Capsicum/Bell Pepper Rice Meal,Lunch,Indian,Vegan,Rice | Chickpeas/Kabuli Chana | Capsicum/Bell Pepper | Tomato/Tamatar,Prepare the matched ingredients together and serve as a balanced meal.,30
R00651,Indian Chickpeas/Kabuli Chana Tomato/Tamatar Rice Meal,Lunch,Indian,Vegan,Rice | Chickpeas/Kabuli Chana | Tomato/Tamatar,Prepare the matched ingredients together and serve as a balanced meal.,30
R00652,Indian Chickpeas/Kabuli Chana Onion/Pyaz Rice Meal,Lunch,Indian,Vegan,Rice | Chickpeas/Kabuli Chana | Onion/Pyaz | Tomato/Tamatar,Prepare the matched ingredients together and serve as a balanced meal.,30
R00653,Indian Chickpeas/Kabuli Chana Cucumber/Kheera Rice Meal,Lunch,Indian,Vegan,Rice | Chickpeas/Kabuli Chana | Cucumber/Kheera | Tomato/Tamatar,Prepare the matched ingredients together and serve as a balanced meal.,30
R00654,Indian Chickpeas/Kabuli Chana Broccoli Rice Meal,Lunch,Indian,Vegan,Rice | Chickpeas/Kabuli Chana | Broccoli | Tomato/Tamatar,Prepare the matched ingredients together and serve as a balanced meal.,30
R00655,Indian Chickpeas/Kabuli Chana Mushroom Rice Meal,Lunch,Indian,Vegan,Rice | Chickpeas/Kabuli Chana | Mushroom | Tomato/Tamatar,Prepare the matched ingredients together and serve as a balanced meal.,30
R00656,Indian Chickpeas/Kabuli Chana Corn Rice Meal,Lunch,Indian,Vegan,Rice | Chickpeas/Kabuli Chana | Corn | Tomato/Tamatar,Prepare the matched ingredients together and serve as a balanced meal.,30
R00657,Indian Chickpeas/Kabuli Chana Methi Leaves Rice Meal,Lunch,Indian,Vegan,Rice | Chickpeas/Kabuli Chana | Methi Leaves | Tomato/Tamatar,Prepare the matched ingredients together and serve as a balanced meal.,30
R00658,Indian Lobia Potato/Aloo Rice Meal,Lunch,Indian,Vegan,Rice | Lobia | Potato/Aloo | Tomato/Tamatar,Prepare the matched ingredients together and serve as a balanced meal.,30
R00659,Indian Lobia Carrot/Gajar Rice Meal,Lunch,Indian,Vegan,Rice | Lobia | Carrot/Gajar | Tomato/Tamatar,Prepare the matched ingredients together and serve as a balanced meal.,30
R00660,Indian Lobia Green Peas Fresh Rice Meal,Lunch,Indian,Vegan,Rice | Lobia | Green Peas Fresh | Tomato/Tamatar,Prepare the matched ingredients together and serve as a balanced meal.,30
R00661,Indian Lobia Spinach/Palak Rice Meal,Lunch,Indian,Vegan,Rice | Lobia | Spinach/Palak | Tomato/Tamatar,Prepare the matched ingredients together and serve as a balanced meal.,30
R00662,Indian Lobia Cauliflower/Gobhi Rice Meal,Lunch,Indian,Vegan,Rice | Lobia | Cauliflower/Gobhi | Tomato/Tamatar,Prepare the matched ingredients together and serve as a balanced meal.,30
R00663,Indian Lobia Okra/Bhindi Rice Meal,Lunch,Indian,Vegan,Rice | Lobia | Okra/Bhindi | Tomato/Tamatar,Prepare the matched ingredients together and serve as a balanced meal.,30
R00664,Indian Lobia Brinjal/Baingan Rice Meal,Lunch,Indian,Vegan,Rice | Lobia | Brinjal/Baingan | Tomato/Tamatar,Prepare the matched ingredients together and serve as a balanced meal.,30
R00665,Indian Lobia Capsicum/Bell Pepper Rice Meal,Lunch,Indian,Vegan,Rice | Lobia | Capsicum/Bell Pepper | Tomato/Tamatar,Prepare the matched ingredients together and serve as a balanced meal.,30
R00666,Indian Lobia Tomato/Tamatar Rice Meal,Lunch,Indian,Vegan,Rice | Lobia | Tomato/Tamatar,Prepare the matched ingredients together and serve as a balanced meal.,30
R00667,Indian Lobia Onion/Pyaz Rice Meal,Lunch,Indian,Vegan,Rice | Lobia | Onion/Pyaz | Tomato/Tamatar,Prepare the matched ingredients together and serve as a balanced meal.,30
R00668,Indian Lobia Cucumber/Kheera Rice Meal,Lunch,Indian,Vegan,Rice | Lobia | Cucumber/Kheera | Tomato/Tamatar,Prepare the matched ingredients together and serve as a balanced meal.,30
R00669,Indian Lobia Broccoli Rice Meal,Lunch,Indian,Vegan,Rice | Lobia | Broccoli | Tomato/Tamatar,Prepare the matched ingredients together and serve as a balanced meal.,30
R00670,Indian Lobia Mushroom Rice Meal,Lunch,Indian,Vegan,Rice | Lobia | Mushroom | Tomato/Tamatar,Prepare the matched ingredients together and serve as a balanced meal.,30
R00671,Indian Lobia Corn Rice Meal,Lunch,Indian,Vegan,Rice | Lobia | Corn | Tomato/Tamatar,Prepare the matched ingredients together and serve as a balanced meal.,30
R00672,Indian Lobia Methi Leaves Rice Meal,Lunch,Indian,Vegan,Rice | Lobia | Methi Leaves | Tomato/Tamatar,Prepare the matched ingredients together and serve as a balanced meal.,30
R00673,Indian Paneer Potato/Aloo Rice Meal,Lunch,Indian,Vegetarian,Rice | Paneer | Potato/Aloo | Tomato/Tamatar,Prepare the matched ingredients together and serve as a balanced meal.,30
R00674,Indian Paneer Carrot/Gajar Rice Meal,Lunch,Indian,Vegetarian,Rice | Paneer | Carrot/Gajar | Tomato/Tamatar,Prepare the matched ingredients together and serve as a balanced meal.,30
R00675,Indian Paneer Green Peas Fresh Rice Meal,Lunch,Indian,Vegetarian,Rice | Paneer | Green Peas Fresh | Tomato/Tamatar,Prepare the matched ingredients together and serve as a balanced meal.,30
R00676,Indian Paneer Spinach/Palak Rice Meal,Lunch,Indian,Vegetarian,Rice | Paneer | Spinach/Palak | Tomato/Tamatar,Prepare the matched ingredients together and serve as a balanced meal.,30
R00677,Indian Paneer Cauliflower/Gobhi Rice Meal,Lunch,Indian,Vegetarian,Rice | Paneer | Cauliflower/Gobhi | Tomato/Tamatar,Prepare the matched ingredients together and serve as a balanced meal.,30
R00678,Indian Paneer Okra/Bhindi Rice Meal,Lunch,Indian,Vegetarian,Rice | Paneer | Okra/Bhindi | Tomato/Tamatar,Prepare the matched ingredients together and serve as a balanced meal.,30
R00679,Indian Paneer Brinjal/Baingan Rice Meal,Lunch,Indian,Vegetarian,Rice | Paneer | Brinjal/Baingan | Tomato/Tamatar,Prepare the matched ingredients together and serve as a balanced meal.,30
R00680,Indian Paneer Capsicum/Bell Pepper Rice Meal,Lunch,Indian,Vegetarian,Rice | Paneer | Capsicum/Bell Pepper | Tomato/Tamatar,Prepare the matched ingredients together and serve as a balanced meal.,30
R00681,Indian Paneer Tomato/Tamatar Rice Meal,Lunch,Indian,Vegetarian,Rice | Paneer | Tomato/Tamatar,Prepare the matched ingredients together and serve as a balanced meal.,30
R00682,Indian Paneer Onion/Pyaz Rice Meal,Lunch,Indian,Vegetarian,Rice | Paneer | Onion/Pyaz | Tomato/Tamatar,Prepare the matched ingredients together and serve as a balanced meal.,30
R00683,Indian Paneer Cucumber/Kheera Rice Meal,Lunch,Indian,Vegetarian,Rice | Paneer | Cucumber/Kheera | Tomato/Tamatar,Prepare the matched ingredients together and serve as a balanced meal.,30
R00684,Indian Paneer Broccoli Rice Meal,Lunch,Indian,Vegetarian,Rice | Paneer | Broccoli | Tomato/Tamatar,Prepare the matched ingredients together and serve as a balanced meal.,30
R00685,Indian Paneer Mushroom Rice Meal,Lunch,Indian,Vegetarian,Rice | Paneer | Mushroom | Tomato/Tamatar,Prepare the matched ingredients together and serve as a balanced meal.,30
R00686,Indian Paneer Corn Rice Meal,Lunch,Indian,Vegetarian,Rice | Paneer | Corn | Tomato/Tamatar,Prepare the matched ingredients together and serve as a balanced meal.,30
R00687,Indian Paneer Methi Leaves Rice Meal,Lunch,Indian,Vegetarian,Rice | Paneer | Methi Leaves | Tomato/Tamatar,Prepare the matched ingredients together and serve as a balanced meal.,30
R00688,Indian Tofu Potato/Aloo Rice Meal,Lunch,Indian,Vegan,Rice | Tofu | Potato/Aloo | Tomato/Tamatar,Prepare the matched ingredients together and serve as a balanced meal.,30
R00689,Indian Tofu Carrot/Gajar Rice Meal,Lunch,Indian,Vegan,Rice | Tofu | Carrot/Gajar | Tomato/Tamatar,Prepare the matched ingredients together and serve as a balanced meal.,30
R00690,Indian Tofu Green Peas Fresh Rice Meal,Lunch,Indian,Vegan,Rice | Tofu | Green Peas Fresh | Tomato/Tamatar,Prepare the matched ingredients together and serve as a balanced meal.,30
R00691,Indian Tofu Spinach/Palak Rice Meal,Lunch,Indian,Vegan,Rice | Tofu | Spinach/Palak | Tomato/Tamatar,Prepare the matched ingredients together and serve as a balanced meal.,30
R00692,Indian Tofu Cauliflower/Gobhi Rice Meal,Lunch,Indian,Vegan,Rice | Tofu | Cauliflower/Gobhi | Tomato/Tamatar,Prepare the matched ingredients together and serve as a balanced meal.,30
R00693,Indian Tofu Okra/Bhindi Rice Meal,Lunch,Indian,Vegan,Rice | Tofu | Okra/Bhindi | Tomato/Tamatar,Prepare the matched ingredients together and serve as a balanced meal.,30
R00694,Indian Tofu Brinjal/Baingan Rice Meal,Lunch,Indian,Vegan,Rice | Tofu | Brinjal/Baingan | Tomato/Tamatar,Prepare the matched ingredients together and serve as a balanced meal.,30
R00695,Indian Tofu Capsicum/Bell Pepper Rice Meal,Lunch,Indian,Vegan,Rice | Tofu | Capsicum/Bell Pepper | Tomato/Tamatar,Prepare the matched ingredients together and serve as a balanced meal.,30
R00696,Indian Tofu Tomato/Tamatar Rice Meal,Lunch,Indian,Vegan,Rice | Tofu | Tomato/Tamatar,Prepare the matched ingredients together and serve as a balanced meal.,30
R00697,Indian Tofu Onion/Pyaz Rice Meal,Lunch,Indian,Vegan,Rice | Tofu | Onion/Pyaz | Tomato/Tamatar,Prepare the matched ingredients together and serve as a balanced meal.,30
R00698,Indian Tofu Cucumber/Kheera Rice Meal,Lunch,Indian,Vegan,Rice | Tofu | Cucumber/Kheera | Tomato/Tamatar,Prepare the matched ingredients together and serve as a balanced meal.,30
R00699,Indian Tofu Broccoli Rice Meal,Lunch,Indian,Vegan,Rice | Tofu | Broccoli | Tomato/Tamatar,Prepare the matched ingredients together and serve as a balanced meal.,30
R00700,Indian Tofu Mushroom Rice Meal,Lunch,Indian,Vegan,Rice | Tofu | Mushroom | Tomato/Tamatar,Prepare the matched ingredients together and serve as a balanced meal.,30
R00701,Indian Tofu Corn Rice Meal,Lunch,Indian,Vegan,Rice | Tofu | Corn | Tomato/Tamatar,Prepare the matched ingredients together and serve as a balanced meal.,30
R00702,Indian Tofu Methi Leaves Rice Meal,Lunch,Indian,Vegan,Rice | Tofu | Methi Leaves | Tomato/Tamatar,Prepare the matched ingredients together and serve as a balanced meal.,30
R00703,Indian Soya Chunks Potato/Aloo Rice Meal,Lunch,Indian,Vegan,Rice | Soya Chunks | Potato/Aloo | Tomato/Tamatar,Prepare the matched ingredients together and serve as a balanced meal.,30
R00704,Indian Soya Chunks Carrot/Gajar Rice Meal,Lunch,Indian,Vegan,Rice | Soya Chunks | Carrot/Gajar | Tomato/Tamatar,Prepare the matched ingredients together and serve as a balanced meal.,30
R00705,Indian Soya Chunks Green Peas Fresh Rice Meal,Lunch,Indian,Vegan,Rice | Soya Chunks | Green Peas Fresh | Tomato/Tamatar,Prepare the matched ingredients together and serve as a balanced meal.,30
R00706,Indian Soya Chunks Spinach/Palak Rice Meal,Lunch,Indian,Vegan,Rice | Soya Chunks | Spinach/Palak | Tomato/Tamatar,Prepare the matched ingredients together and serve as a balanced meal.,30
R00707,Indian Soya Chunks Cauliflower/Gobhi Rice Meal,Lunch,Indian,Vegan,Rice | Soya Chunks | Cauliflower/Gobhi | Tomato/Tamatar,Prepare the matched ingredients together and serve as a balanced meal.,30
R00708,Indian Soya Chunks Okra/Bhindi Rice Meal,Lunch,Indian,Vegan,Rice | Soya Chunks | Okra/Bhindi | Tomato/Tamatar,Prepare the matched ingredients together and serve as a balanced meal.,30
R00709,Indian Soya Chunks Brinjal/Baingan Rice Meal,Lunch,Indian,Vegan,Rice | Soya Chunks | Brinjal/Baingan | Tomato/Tamatar,Prepare the matched ingredients together and serve as a balanced meal.,30
R00710,Indian Soya Chunks Capsicum/Bell Pepper Rice Meal,Lunch,Indian,Vegan,Rice | Soya Chunks | Capsicum/Bell Pepper | Tomato/Tamatar,Prepare the matched ingredients together and serve as a balanced meal.,30
R00711,Indian Soya Chunks Tomato/Tamatar Rice Meal,Lunch,Indian,Vegan,Rice | Soya Chunks | Tomato/Tamatar,Prepare the matched ingredients together and serve as a balanced meal.,30
R00712,Indian Soya Chunks Onion/Pyaz Rice Meal,Lunch,Indian,Vegan,Rice | Soya Chunks | Onion/Pyaz | Tomato/Tamatar,Prepare the matched ingredients together and serve as a balanced meal.,30
R00713,Indian Soya Chunks Cucumber/Kheera Rice Meal,Lunch,Indian,Vegan,Rice | Soya Chunks | Cucumber/Kheera | Tomato/Tamatar,Prepare the matched ingredients together and serve as a balanced meal.,30
R00714,Indian Soya Chunks Broccoli Rice Meal,Lunch,Indian,Vegan,Rice | Soya Chunks | Broccoli | Tomato/Tamatar,Prepare the matched ingredients together and serve as a balanced meal.,30
R00715,Indian Soya Chunks Mushroom Rice Meal,Lunch,Indian,Vegan,Rice | Soya Chunks | Mushroom | Tomato/Tamatar,Prepare the matched ingredients together and serve as a balanced meal.,30
R00716,Indian Soya Chunks Corn Rice Meal,Lunch,Indian,Vegan,Rice | Soya Chunks | Corn | Tomato/Tamatar,Prepare the matched ingredients together and serve as a balanced meal.,30
R00717,Indian Soya Chunks Methi Leaves Rice Meal,Lunch,Indian,Vegan,Rice | Soya Chunks | Methi Leaves | Tomato/Tamatar,Prepare the matched ingredients together and serve as a balanced meal.,30
R00718,Indian Eggs Potato/Aloo Rice Meal,Lunch,Indian,Non-Vegetarian,Rice | Eggs | Potato/Aloo | Tomato/Tamatar,Prepare the matched ingredients together and serve as a balanced meal.,30
R00719,Indian Eggs Carrot/Gajar Rice Meal,Lunch,Indian,Non-Vegetarian,Rice | Eggs | Carrot/Gajar | Tomato/Tamatar,Prepare the matched ingredients together and serve as a balanced meal.,30
R00720,Indian Eggs Green Peas Fresh Rice Meal,Lunch,Indian,Non-Vegetarian,Rice | Eggs | Green Peas Fresh | Tomato/Tamatar,Prepare the matched ingredients together and serve as a balanced meal.,30
R00721,Indian Eggs Spinach/Palak Rice Meal,Lunch,Indian,Non-Vegetarian,Rice | Eggs | Spinach/Palak | Tomato/Tamatar,Prepare the matched ingredients together and serve as a balanced meal.,30
R00722,Indian Eggs Cauliflower/Gobhi Rice Meal,Lunch,Indian,Non-Vegetarian,Rice | Eggs | Cauliflower/Gobhi | Tomato/Tamatar,Prepare the matched ingredients together and serve as a balanced meal.,30
R00723,Indian Eggs Okra/Bhindi Rice Meal,Lunch,Indian,Non-Vegetarian,Rice | Eggs | Okra/Bhindi | Tomato/Tamatar,Prepare the matched ingredients together and serve as a balanced meal.,30
R00724,Indian Eggs Brinjal/Baingan Rice Meal,Lunch,Indian,Non-Vegetarian,Rice | Eggs | Brinjal/Baingan | Tomato/Tamatar,Prepare the matched ingredients together and serve as a balanced meal.,30
R00725,Indian Eggs Capsicum/Bell Pepper Rice Meal,Lunch,Indian,Non-Vegetarian,Rice | Eggs | Capsicum/Bell Pepper | Tomato/Tamatar,Prepare the matched ingredients together and serve as a balanced meal.,30
R00726,Indian Eggs Tomato/Tamatar Rice Meal,Lunch,Indian,Non-Vegetarian,Rice | Eggs | Tomato/Tamatar,Prepare the matched ingredients together and serve as a balanced meal.,30
R00727,Indian Eggs Onion/Pyaz Rice Meal,Lunch,Indian,Non-Vegetarian,Rice | Eggs | Onion/Pyaz | Tomato/Tamatar,Prepare the matched ingredients together and serve as a balanced meal.,30
R00728,Indian Eggs Cucumber/Kheera Rice Meal,Lunch,Indian,Non-Vegetarian,Rice | Eggs | Cucumber/Kheera | Tomato/Tamatar,Prepare the matched ingredients together and serve as a balanced meal.,30
R00729,Indian Eggs Broccoli Rice Meal,Lunch,Indian,Non-Vegetarian,Rice | Eggs | Broccoli | Tomato/Tamatar,Prepare the matched ingredients together and serve as a balanced meal.,30
R00730,Indian Eggs Mushroom Rice Meal,Lunch,Indian,Non-Vegetarian,Rice | Eggs | Mushroom | Tomato/Tamatar,Prepare the matched ingredients together and serve as a balanced meal.,30
R00731,Indian Eggs Corn Rice Meal,Lunch,Indian,Non-Vegetarian,Rice | Eggs | Corn | Tomato/Tamatar,Prepare the matched ingredients together and serve as a balanced meal.,30
R00732,Indian Eggs Methi Leaves Rice Meal,Lunch,Indian,Non-Vegetarian,Rice | Eggs | Methi Leaves | Tomato/Tamatar,Prepare the matched ingredients together and serve as a balanced meal.,30
R00733,Indian Chicken Breast Potato/Aloo Rice Meal,Lunch,Indian,Non-Vegetarian,Rice | Chicken Breast | Potato/Aloo | Tomato/Tamatar,Prepare the matched ingredients together and serve as a balanced meal.,30
R00734,Indian Chicken Breast Carrot/Gajar Rice Meal,Lunch,Indian,Non-Vegetarian,Rice | Chicken Breast | Carrot/Gajar | Tomato/Tamatar,Prepare the matched ingredients together and serve as a balanced meal.,30
R00735,Indian Chicken Breast Green Peas Fresh Rice Meal,Lunch,Indian,Non-Vegetarian,Rice | Chicken Breast | Green Peas Fresh | Tomato/Tamatar,Prepare the matched ingredients together and serve as a balanced meal.,30
R00736,Indian Chicken Breast Spinach/Palak Rice Meal,Lunch,Indian,Non-Vegetarian,Rice | Chicken Breast | Spinach/Palak | Tomato/Tamatar,Prepare the matched ingredients together and serve as a balanced meal.,30
R00737,Indian Chicken Breast Cauliflower/Gobhi Rice Meal,Lunch,Indian,Non-Vegetarian,Rice | Chicken Breast | Cauliflower/Gobhi | Tomato/Tamatar,Prepare the matched ingredients together and serve as a balanced meal.,30
R00738,Indian Chicken Breast Okra/Bhindi Rice Meal,Lunch,Indian,Non-Vegetarian,Rice | Chicken Breast | Okra/Bhindi | Tomato/Tamatar,Prepare the matched ingredients together and serve as a balanced meal.,30
R00739,Indian Chicken Breast Brinjal/Baingan Rice Meal,Lunch,Indian,Non-Vegetarian,Rice | Chicken Breast | Brinjal/Baingan | Tomato/Tamatar,Prepare the matched ingredients together and serve as a balanced meal.,30
R00740,Indian Chicken Breast Capsicum/Bell Pepper Rice Meal,Lunch,Indian,Non-Vegetarian,Rice | Chicken Breast | Capsicum/Bell Pepper | Tomato/Tamatar,Prepare the matched ingredients together and serve as a balanced meal.,30
R00741,Indian Chicken Breast Tomato/Tamatar Rice Meal,Lunch,Indian,Non-Vegetarian,Rice | Chicken Breast | Tomato/Tamatar,Prepare the matched ingredients together and serve as a balanced meal.,30
R00742,Indian Chicken Breast Onion/Pyaz Rice Meal,Lunch,Indian,Non-Vegetarian,Rice | Chicken Breast | Onion/Pyaz | Tomato/Tamatar,Prepare the matched ingredients together and serve as a balanced meal.,30
R00743,Indian Chicken Breast Cucumber/Kheera Rice Meal,Lunch,Indian,Non-Vegetarian,Rice | Chicken Breast | Cucumber/Kheera | Tomato/Tamatar,Prepare the matched ingredients together and serve as a balanced meal.,30
R00744,Indian Chicken Breast Broccoli Rice Meal,Lunch,Indian,Non-Vegetarian,Rice | Chicken Breast | Broccoli | Tomato/Tamatar,Prepare the matched ingredients together and serve as a balanced meal.,30
R00745,Indian Chicken Breast Mushroom Rice Meal,Lunch,Indian,Non-Vegetarian,Rice | Chicken Breast | Mushroom | Tomato/Tamatar,Prepare the matched ingredients together and serve as a balanced meal.,30
R00746,Indian Chicken Breast Corn Rice Meal,Lunch,Indian,Non-Vegetarian,Rice | Chicken Breast | Corn | Tomato/Tamatar,Prepare the matched ingredients together and serve as a balanced meal.,30
R00747,Indian Chicken Breast Methi Leaves Rice Meal,Lunch,Indian,Non-Vegetarian,Rice | Chicken Breast | Methi Leaves | Tomato/Tamatar,Prepare the matched ingredients together and serve as a balanced meal.,30
R00748,Indian Rohu Fish Potato/Aloo Rice Meal,Lunch,Indian,Non-Vegetarian,Rice | Rohu Fish | Potato/Aloo | Tomato/Tamatar,Prepare the matched ingredients together and serve as a balanced meal.,30
R00749,Indian Rohu Fish Carrot/Gajar Rice Meal,Lunch,Indian,Non-Vegetarian,Rice | Rohu Fish | Carrot/Gajar | Tomato/Tamatar,Prepare the matched ingredients together and serve as a balanced meal.,30
R00750,Indian Rohu Fish Green Peas Fresh Rice Meal,Lunch,Indian,Non-Vegetarian,Rice | Rohu Fish | Green Peas Fresh | Tomato/Tamatar,Prepare the matched ingredients together and serve as a balanced meal.,30
R00751,Indian Rohu Fish Spinach/Palak Rice Meal,Lunch,Indian,Non-Vegetarian,Rice | Rohu Fish | Spinach/Palak | Tomato/Tamatar,Prepare the matched ingredients together and serve as a balanced meal.,30
R00752,Indian Rohu Fish Cauliflower/Gobhi Rice Meal,Lunch,Indian,Non-Vegetarian,Rice | Rohu Fish | Cauliflower/Gobhi | Tomato/Tamatar,Prepare the matched ingredients together and serve as a balanced meal.,30
R00753,Indian Rohu Fish Okra/Bhindi Rice Meal,Lunch,Indian,Non-Vegetarian,Rice | Rohu Fish | Okra/Bhindi | Tomato/Tamatar,Prepare the matched ingredients together and serve as a balanced meal.,30
R00754,Indian Rohu Fish Brinjal/Baingan Rice Meal,Lunch,Indian,Non-Vegetarian,Rice | Rohu Fish | Brinjal/Baingan | Tomato/Tamatar,Prepare the matched ingredients together and serve as a balanced meal.,30
R00755,Indian Rohu Fish Capsicum/Bell Pepper Rice Meal,Lunch,Indian,Non-Vegetarian,Rice | Rohu Fish | Capsicum/Bell Pepper | Tomato/Tamatar,Prepare the matched ingredients together and serve as a balanced meal.,30
R00756,Indian Rohu Fish Tomato/Tamatar Rice Meal,Lunch,Indian,Non-Vegetarian,Rice | Rohu Fish | Tomato/Tamatar,Prepare the matched ingredients together and serve as a balanced meal.,30
R00757,Indian Rohu Fish Onion/Pyaz Rice Meal,Lunch,Indian,Non-Vegetarian,Rice | Rohu Fish | Onion/Pyaz | Tomato/Tamatar,Prepare the matched ingredients together and serve as a balanced meal.,30
R00758,Indian Rohu Fish Cucumber/Kheera Rice Meal,Lunch,Indian,Non-Vegetarian,Rice | Rohu Fish | Cucumber/Kheera | Tomato/Tamatar,Prepare the matched ingredients together and serve as a balanced meal.,30
R00759,Indian Rohu Fish Broccoli Rice Meal,Lunch,Indian,Non-Vegetarian,Rice | Rohu Fish | Broccoli | Tomato/Tamatar,Prepare the matched ingredients together and serve as a balanced meal.,30
R00760,Indian Rohu Fish Mushroom Rice Meal,Lunch,Indian,Non-Vegetarian,Rice | Rohu Fish | Mushroom | Tomato/Tamatar,Prepare the matched ingredients together and serve as a balanced meal.,30
R00761,Indian Rohu Fish Corn Rice Meal,Lunch,Indian,Non-Vegetarian,Rice | Rohu Fish | Corn | Tomato/Tamatar,Prepare the matched ingredients together and serve as a balanced meal.,30
R00762,Indian Rohu Fish Methi Leaves Rice Meal,Lunch,Indian,Non-Vegetarian,Rice | Rohu Fish | Methi Leaves | Tomato/Tamatar,Prepare the matched ingredients together and serve as a balanced meal.,30
R00763,Indian Prawns Potato/Aloo Rice Meal,Lunch,Indian,Non-Vegetarian,Rice | Prawns | Potato/Aloo | Tomato/Tamatar,Prepare the matched ingredients together and serve as a balanced meal.,30
R00764,Indian Prawns Carrot/Gajar Rice Meal,Lunch,Indian,Non-Vegetarian,Rice | Prawns | Carrot/Gajar | Tomato/Tamatar,Prepare the matched ingredients together and serve as a balanced meal.,30
R00765,Indian Prawns Green Peas Fresh Rice Meal,Lunch,Indian,Non-Vegetarian,Rice | Prawns | Green Peas Fresh | Tomato/Tamatar,Prepare the matched ingredients together and serve as a balanced meal.,30
R00766,Indian Prawns Spinach/Palak Rice Meal,Lunch,Indian,Non-Vegetarian,Rice | Prawns | Spinach/Palak | Tomato/Tamatar,Prepare the matched ingredients together and serve as a balanced meal.,30
R00767,Indian Prawns Cauliflower/Gobhi Rice Meal,Lunch,Indian,Non-Vegetarian,Rice | Prawns | Cauliflower/Gobhi | Tomato/Tamatar,Prepare the matched ingredients together and serve as a balanced meal.,30
R00768,Indian Prawns Okra/Bhindi Rice Meal,Lunch,Indian,Non-Vegetarian,Rice | Prawns | Okra/Bhindi | Tomato/Tamatar,Prepare the matched ingredients together and serve as a balanced meal.,30
R00769,Indian Prawns Brinjal/Baingan Rice Meal,Lunch,Indian,Non-Vegetarian,Rice | Prawns | Brinjal/Baingan | Tomato/Tamatar,Prepare the matched ingredients together and serve as a balanced meal.,30
R00770,Indian Prawns Capsicum/Bell Pepper Rice Meal,Lunch,Indian,Non-Vegetarian,Rice | Prawns | Capsicum/Bell Pepper | Tomato/Tamatar,Prepare the matched ingredients together and serve as a balanced meal.,30
R00771,Indian Prawns Tomato/Tamatar Rice Meal,Lunch,Indian,Non-Vegetarian,Rice | Prawns | Tomato/Tamatar,Prepare the matched ingredients together and serve as a balanced meal.,30
R00772,Indian Prawns Onion/Pyaz Rice Meal,Lunch,Indian,Non-Vegetarian,Rice | Prawns | Onion/Pyaz | Tomato/Tamatar,Prepare the matched ingredients together and serve as a balanced meal.,30
R00773,Indian Prawns Cucumber/Kheera Rice Meal,Lunch,Indian,Non-Vegetarian,Rice | Prawns | Cucumber/Kheera | Tomato/Tamatar,Prepare the matched ingredients together and serve as a balanced meal.,30
R00774,Indian Prawns Broccoli Rice Meal,Lunch,Indian,Non-Vegetarian,Rice | Prawns | Broccoli | Tomato/Tamatar,Prepare the matched ingredients together and serve as a balanced meal.,30
R00775,Indian Prawns Mushroom Rice Meal,Lunch,Indian,Non-Vegetarian,Rice | Prawns | Mushroom | Tomato/Tamatar,Prepare the matched ingredients together and serve as a balanced meal.,30
R00776,Indian Prawns Corn Rice Meal,Lunch,Indian,Non-Vegetarian,Rice | Prawns | Corn | Tomato/Tamatar,Prepare the matched ingredients together and serve as a balanced meal.,30
R00777,Indian Prawns Methi Leaves Rice Meal,Lunch,Indian,Non-Vegetarian,Rice | Prawns | Methi Leaves | Tomato/Tamatar,Prepare the matched ingredients together and serve as a balanced meal.,30
R00778,Indian Toor Dal Potato/Aloo Roti Meal,Lunch,Indian,Vegan,Whole Wheat Flour | Toor Dal | Potato/Aloo | Onion/Pyaz,Prepare the matched ingredients together and serve as a balanced meal.,30
R00779,Indian Toor Dal Carrot/Gajar Roti Meal,Lunch,Indian,Vegan,Whole Wheat Flour | Toor Dal | Carrot/Gajar | Onion/Pyaz,Prepare the matched ingredients together and serve as a balanced meal.,30
R00780,Indian Toor Dal Green Peas Fresh Roti Meal,Lunch,Indian,Vegan,Whole Wheat Flour | Toor Dal | Green Peas Fresh | Onion/Pyaz,Prepare the matched ingredients together and serve as a balanced meal.,30
R00781,Indian Toor Dal Spinach/Palak Roti Meal,Lunch,Indian,Vegan,Whole Wheat Flour | Toor Dal | Spinach/Palak | Onion/Pyaz,Prepare the matched ingredients together and serve as a balanced meal.,30
R00782,Indian Toor Dal Cauliflower/Gobhi Roti Meal,Lunch,Indian,Vegan,Whole Wheat Flour | Toor Dal | Cauliflower/Gobhi | Onion/Pyaz,Prepare the matched ingredients together and serve as a balanced meal.,30
R00783,Indian Toor Dal Okra/Bhindi Roti Meal,Lunch,Indian,Vegan,Whole Wheat Flour | Toor Dal | Okra/Bhindi | Onion/Pyaz,Prepare the matched ingredients together and serve as a balanced meal.,30
R00784,Indian Toor Dal Brinjal/Baingan Roti Meal,Lunch,Indian,Vegan,Whole Wheat Flour | Toor Dal | Brinjal/Baingan | Onion/Pyaz,Prepare the matched ingredients together and serve as a balanced meal.,30
R00785,Indian Toor Dal Capsicum/Bell Pepper Roti Meal,Lunch,Indian,Vegan,Whole Wheat Flour | Toor Dal | Capsicum/Bell Pepper | Onion/Pyaz,Prepare the matched ingredients together and serve as a balanced meal.,30
R00786,Indian Toor Dal Tomato/Tamatar Roti Meal,Lunch,Indian,Vegan,Whole Wheat Flour | Toor Dal | Tomato/Tamatar | Onion/Pyaz,Prepare the matched ingredients together and serve as a balanced meal.,30
R00787,Indian Toor Dal Onion/Pyaz Roti Meal,Lunch,Indian,Vegan,Whole Wheat Flour | Toor Dal | Onion/Pyaz,Prepare the matched ingredients together and serve as a balanced meal.,30
R00788,Indian Toor Dal Cucumber/Kheera Roti Meal,Lunch,Indian,Vegan,Whole Wheat Flour | Toor Dal | Cucumber/Kheera | Onion/Pyaz,Prepare the matched ingredients together and serve as a balanced meal.,30
R00789,Indian Toor Dal Broccoli Roti Meal,Lunch,Indian,Vegan,Whole Wheat Flour | Toor Dal | Broccoli | Onion/Pyaz,Prepare the matched ingredients together and serve as a balanced meal.,30
R00790,Indian Toor Dal Mushroom Roti Meal,Lunch,Indian,Vegan,Whole Wheat Flour | Toor Dal | Mushroom | Onion/Pyaz,Prepare the matched ingredients together and serve as a balanced meal.,30
R00791,Indian Toor Dal Corn Roti Meal,Lunch,Indian,Vegan,Whole Wheat Flour | Toor Dal | Corn | Onion/Pyaz,Prepare the matched ingredients together and serve as a balanced meal.,30
R00792,Indian Toor Dal Methi Leaves Roti Meal,Lunch,Indian,Vegan,Whole Wheat Flour | Toor Dal | Methi Leaves | Onion/Pyaz,Prepare the matched ingredients together and serve as a balanced meal.,30
R00793,Indian Moong Dal Potato/Aloo Roti Meal,Lunch,Indian,Vegan,Whole Wheat Flour | Moong Dal | Potato/Aloo | Onion/Pyaz,Prepare the matched ingredients together and serve as a balanced meal.,30
R00794,Indian Moong Dal Carrot/Gajar Roti Meal,Lunch,Indian,Vegan,Whole Wheat Flour | Moong Dal | Carrot/Gajar | Onion/Pyaz,Prepare the matched ingredients together and serve as a balanced meal.,30
R00795,Indian Moong Dal Green Peas Fresh Roti Meal,Lunch,Indian,Vegan,Whole Wheat Flour | Moong Dal | Green Peas Fresh | Onion/Pyaz,Prepare the matched ingredients together and serve as a balanced meal.,30
R00796,Indian Moong Dal Spinach/Palak Roti Meal,Lunch,Indian,Vegan,Whole Wheat Flour | Moong Dal | Spinach/Palak | Onion/Pyaz,Prepare the matched ingredients together and serve as a balanced meal.,30
R00797,Indian Moong Dal Cauliflower/Gobhi Roti Meal,Lunch,Indian,Vegan,Whole Wheat Flour | Moong Dal | Cauliflower/Gobhi | Onion/Pyaz,Prepare the matched ingredients together and serve as a balanced meal.,30
R00798,Indian Moong Dal Okra/Bhindi Roti Meal,Lunch,Indian,Vegan,Whole Wheat Flour | Moong Dal | Okra/Bhindi | Onion/Pyaz,Prepare the matched ingredients together and serve as a balanced meal.,30
R00799,Indian Moong Dal Brinjal/Baingan Roti Meal,Lunch,Indian,Vegan,Whole Wheat Flour | Moong Dal | Brinjal/Baingan | Onion/Pyaz,Prepare the matched ingredients together and serve as a balanced meal.,30
R00800,Indian Moong Dal Capsicum/Bell Pepper Roti Meal,Lunch,Indian,Vegan,Whole Wheat Flour | Moong Dal | Capsicum/Bell Pepper | Onion/Pyaz,Prepare the matched ingredients together and serve as a balanced meal.,30
R00801,Indian Moong Dal Tomato/Tamatar Roti Meal,Lunch,Indian,Vegan,Whole Wheat Flour | Moong Dal | Tomato/Tamatar | Onion/Pyaz,Prepare the matched ingredients together and serve as a balanced meal.,30
R00802,Indian Moong Dal Onion/Pyaz Roti Meal,Lunch,Indian,Vegan,Whole Wheat Flour | Moong Dal | Onion/Pyaz,Prepare the matched ingredients together and serve as a balanced meal.,30
R00803,Indian Moong Dal Cucumber/Kheera Roti Meal,Lunch,Indian,Vegan,Whole Wheat Flour | Moong Dal | Cucumber/Kheera | Onion/Pyaz,Prepare the matched ingredients together and serve as a balanced meal.,30
R00804,Indian Moong Dal Broccoli Roti Meal,Lunch,Indian,Vegan,Whole Wheat Flour | Moong Dal | Broccoli | Onion/Pyaz,Prepare the matched ingredients together and serve as a balanced meal.,30
R00805,Indian Moong Dal Mushroom Roti Meal,Lunch,Indian,Vegan,Whole Wheat Flour | Moong Dal | Mushroom | Onion/Pyaz,Prepare the matched ingredients together and serve as a balanced meal.,30
R00806,Indian Moong Dal Corn Roti Meal,Lunch,Indian,Vegan,Whole Wheat Flour | Moong Dal | Corn | Onion/Pyaz,Prepare the matched ingredients together and serve as a balanced meal.,30
R00807,Indian Moong Dal Methi Leaves Roti Meal,Lunch,Indian,Vegan,Whole Wheat Flour | Moong Dal | Methi Leaves | Onion/Pyaz,Prepare the matched ingredients together and serve as a balanced meal.,30
R00808,Indian Masoor Dal Potato/Aloo Roti Meal,Lunch,Indian,Vegan,Whole Wheat Flour | Masoor Dal | Potato/Aloo | Onion/Pyaz,Prepare the matched ingredients together and serve as a balanced meal.,30
R00809,Indian Masoor Dal Carrot/Gajar Roti Meal,Lunch,Indian,Vegan,Whole Wheat Flour | Masoor Dal | Carrot/Gajar | Onion/Pyaz,Prepare the matched ingredients together and serve as a balanced meal.,30
R00810,Indian Masoor Dal Green Peas Fresh Roti Meal,Lunch,Indian,Vegan,Whole Wheat Flour | Masoor Dal | Green Peas Fresh | Onion/Pyaz,Prepare the matched ingredients together and serve as a balanced meal.,30
R00811,Indian Masoor Dal Spinach/Palak Roti Meal,Lunch,Indian,Vegan,Whole Wheat Flour | Masoor Dal | Spinach/Palak | Onion/Pyaz,Prepare the matched ingredients together and serve as a balanced meal.,30
R00812,Indian Masoor Dal Cauliflower/Gobhi Roti Meal,Lunch,Indian,Vegan,Whole Wheat Flour | Masoor Dal | Cauliflower/Gobhi | Onion/Pyaz,Prepare the matched ingredients together and serve as a balanced meal.,30
R00813,Indian Masoor Dal Okra/Bhindi Roti Meal,Lunch,Indian,Vegan,Whole Wheat Flour | Masoor Dal | Okra/Bhindi | Onion/Pyaz,Prepare the matched ingredients together and serve as a balanced meal.,30
R00814,Indian Masoor Dal Brinjal/Baingan Roti Meal,Lunch,Indian,Vegan,Whole Wheat Flour | Masoor Dal | Brinjal/Baingan | Onion/Pyaz,Prepare the matched ingredients together and serve as a balanced meal.,30
R00815,Indian Masoor Dal Capsicum/Bell Pepper Roti Meal,Lunch,Indian,Vegan,Whole Wheat Flour | Masoor Dal | Capsicum/Bell Pepper | Onion/Pyaz,Prepare the matched ingredients together and serve as a balanced meal.,30
R00816,Indian Masoor Dal Tomato/Tamatar Roti Meal,Lunch,Indian,Vegan,Whole Wheat Flour | Masoor Dal | Tomato/Tamatar | Onion/Pyaz,Prepare the matched ingredients together and serve as a balanced meal.,30
R00817,Indian Masoor Dal Onion/Pyaz Roti Meal,Lunch,Indian,Vegan,Whole Wheat Flour | Masoor Dal | Onion/Pyaz,Prepare the matched ingredients together and serve as a balanced meal.,30
R00818,Indian Masoor Dal Cucumber/Kheera Roti Meal,Lunch,Indian,Vegan,Whole Wheat Flour | Masoor Dal | Cucumber/Kheera | Onion/Pyaz,Prepare the matched ingredients together and serve as a balanced meal.,30
R00819,Indian Masoor Dal Broccoli Roti Meal,Lunch,Indian,Vegan,Whole Wheat Flour | Masoor Dal | Broccoli | Onion/Pyaz,Prepare the matched ingredients together and serve as a balanced meal.,30
R00820,Indian Masoor Dal Mushroom Roti Meal,Lunch,Indian,Vegan,Whole Wheat Flour | Masoor Dal | Mushroom | Onion/Pyaz,Prepare the matched ingredients together and serve as a balanced meal.,30
R00821,Indian Masoor Dal Corn Roti Meal,Lunch,Indian,Vegan,Whole Wheat Flour | Masoor Dal | Corn | Onion/Pyaz,Prepare the matched ingredients together and serve as a balanced meal.,30
R00822,Indian Masoor Dal Methi Leaves Roti Meal,Lunch,Indian,Vegan,Whole Wheat Flour | Masoor Dal | Methi Leaves | Onion/Pyaz,Prepare the matched ingredients together and serve as a balanced meal.,30
R00823,Indian Chana Dal Potato/Aloo Roti Meal,Lunch,Indian,Vegan,Whole Wheat Flour | Chana Dal | Potato/Aloo | Onion/Pyaz,Prepare the matched ingredients together and serve as a balanced meal.,30
R00824,Indian Chana Dal Carrot/Gajar Roti Meal,Lunch,Indian,Vegan,Whole Wheat Flour | Chana Dal | Carrot/Gajar | Onion/Pyaz,Prepare the matched ingredients together and serve as a balanced meal.,30
R00825,Indian Chana Dal Green Peas Fresh Roti Meal,Lunch,Indian,Vegan,Whole Wheat Flour | Chana Dal | Green Peas Fresh | Onion/Pyaz,Prepare the matched ingredients together and serve as a balanced meal.,30
R00826,Indian Chana Dal Spinach/Palak Roti Meal,Lunch,Indian,Vegan,Whole Wheat Flour | Chana Dal | Spinach/Palak | Onion/Pyaz,Prepare the matched ingredients together and serve as a balanced meal.,30
R00827,Indian Chana Dal Cauliflower/Gobhi Roti Meal,Lunch,Indian,Vegan,Whole Wheat Flour | Chana Dal | Cauliflower/Gobhi | Onion/Pyaz,Prepare the matched ingredients together and serve as a balanced meal.,30
R00828,Indian Chana Dal Okra/Bhindi Roti Meal,Lunch,Indian,Vegan,Whole Wheat Flour | Chana Dal | Okra/Bhindi | Onion/Pyaz,Prepare the matched ingredients together and serve as a balanced meal.,30
R00829,Indian Chana Dal Brinjal/Baingan Roti Meal,Lunch,Indian,Vegan,Whole Wheat Flour | Chana Dal | Brinjal/Baingan | Onion/Pyaz,Prepare the matched ingredients together and serve as a balanced meal.,30
R00830,Indian Chana Dal Capsicum/Bell Pepper Roti Meal,Lunch,Indian,Vegan,Whole Wheat Flour | Chana Dal | Capsicum/Bell Pepper | Onion/Pyaz,Prepare the matched ingredients together and serve as a balanced meal.,30
R00831,Indian Chana Dal Tomato/Tamatar Roti Meal,Lunch,Indian,Vegan,Whole Wheat Flour | Chana Dal | Tomato/Tamatar | Onion/Pyaz,Prepare the matched ingredients together and serve as a balanced meal.,30
R00832,Indian Chana Dal Onion/Pyaz Roti Meal,Lunch,Indian,Vegan,Whole Wheat Flour | Chana Dal | Onion/Pyaz,Prepare the matched ingredients together and serve as a balanced meal.,30
R00833,Indian Chana Dal Cucumber/Kheera Roti Meal,Lunch,Indian,Vegan,Whole Wheat Flour | Chana Dal | Cucumber/Kheera | Onion/Pyaz,Prepare the matched ingredients together and serve as a balanced meal.,30
R00834,Indian Chana Dal Broccoli Roti Meal,Lunch,Indian,Vegan,Whole Wheat Flour | Chana Dal | Broccoli | Onion/Pyaz,Prepare the matched ingredients together and serve as a balanced meal.,30
R00835,Indian Chana Dal Mushroom Roti Meal,Lunch,Indian,Vegan,Whole Wheat Flour | Chana Dal | Mushroom | Onion/Pyaz,Prepare the matched ingredients together and serve as a balanced meal.,30
R00836,Indian Chana Dal Corn Roti Meal,Lunch,Indian,Vegan,Whole Wheat Flour | Chana Dal | Corn | Onion/Pyaz,Prepare the matched ingredients together and serve as a balanced meal.,30
R00837,Indian Chana Dal Methi Leaves Roti Meal,Lunch,Indian,Vegan,Whole Wheat Flour | Chana Dal | Methi Leaves | Onion/Pyaz,Prepare the matched ingredients together and serve as a balanced meal.,30
R00838,Indian Rajma Potato/Aloo Roti Meal,Lunch,Indian,Vegan,Whole Wheat Flour | Rajma | Potato/Aloo | Onion/Pyaz,Prepare the matched ingredients together and serve as a balanced meal.,30
R00839,Indian Rajma Carrot/Gajar Roti Meal,Lunch,Indian,Vegan,Whole Wheat Flour | Rajma | Carrot/Gajar | Onion/Pyaz,Prepare the matched ingredients together and serve as a balanced meal.,30
R00840,Indian Rajma Green Peas Fresh Roti Meal,Lunch,Indian,Vegan,Whole Wheat Flour | Rajma | Green Peas Fresh | Onion/Pyaz,Prepare the matched ingredients together and serve as a balanced meal.,30
R00841,Indian Rajma Spinach/Palak Roti Meal,Lunch,Indian,Vegan,Whole Wheat Flour | Rajma | Spinach/Palak | Onion/Pyaz,Prepare the matched ingredients together and serve as a balanced meal.,30
R00842,Indian Rajma Cauliflower/Gobhi Roti Meal,Lunch,Indian,Vegan,Whole Wheat Flour | Rajma | Cauliflower/Gobhi | Onion/Pyaz,Prepare the matched ingredients together and serve as a balanced meal.,30
R00843,Indian Rajma Okra/Bhindi Roti Meal,Lunch,Indian,Vegan,Whole Wheat Flour | Rajma | Okra/Bhindi | Onion/Pyaz,Prepare the matched ingredients together and serve as a balanced meal.,30
R00844,Indian Rajma Brinjal/Baingan Roti Meal,Lunch,Indian,Vegan,Whole Wheat Flour | Rajma | Brinjal/Baingan | Onion/Pyaz,Prepare the matched ingredients together and serve as a balanced meal.,30
R00845,Indian Rajma Capsicum/Bell Pepper Roti Meal,Lunch,Indian,Vegan,Whole Wheat Flour | Rajma | Capsicum/Bell Pepper | Onion/Pyaz,Prepare the matched ingredients together and serve as a balanced meal.,30
R00846,Indian Rajma Tomato/Tamatar Roti Meal,Lunch,Indian,Vegan,Whole Wheat Flour | Rajma | Tomato/Tamatar | Onion/Pyaz,Prepare the matched ingredients together and serve as a balanced meal.,30
R00847,Indian Rajma Onion/Pyaz Roti Meal,Lunch,Indian,Vegan,Whole Wheat Flour | Rajma | Onion/Pyaz,Prepare the matched ingredients together and serve as a balanced meal.,30
R00848,Indian Rajma Cucumber/Kheera Roti Meal,Lunch,Indian,Vegan,Whole Wheat Flour | Rajma | Cucumber/Kheera | Onion/Pyaz,Prepare the matched ingredients together and serve as a balanced meal.,30
R00849,Indian Rajma Broccoli Roti Meal,Lunch,Indian,Vegan,Whole Wheat Flour | Rajma | Broccoli | Onion/Pyaz,Prepare the matched ingredients together and serve as a balanced meal.,30
R00850,Indian Rajma Mushroom Roti Meal,Lunch,Indian,Vegan,Whole Wheat Flour | Rajma | Mushroom | Onion/Pyaz,Prepare the matched ingredients together and serve as a balanced meal.,30
R00851,Indian Rajma Corn Roti Meal,Lunch,Indian,Vegan,Whole Wheat Flour | Rajma | Corn | Onion/Pyaz,Prepare the matched ingredients together and serve as a balanced meal.,30
R00852,Indian Rajma Methi Leaves Roti Meal,Lunch,Indian,Vegan,Whole Wheat Flour | Rajma | Methi Leaves | Onion/Pyaz,Prepare the matched ingredients together and serve as a balanced meal.,30
R00853,Indian Chickpeas/Kabuli Chana Potato/Aloo Roti Meal,Lunch,Indian,Vegan,Whole Wheat Flour | Chickpeas/Kabuli Chana | Potato/Aloo | Onion/Pyaz,Prepare the matched ingredients together and serve as a balanced meal.,30
R00854,Indian Chickpeas/Kabuli Chana Carrot/Gajar Roti Meal,Lunch,Indian,Vegan,Whole Wheat Flour | Chickpeas/Kabuli Chana | Carrot/Gajar | Onion/Pyaz,Prepare the matched ingredients together and serve as a balanced meal.,30
R00855,Indian Chickpeas/Kabuli Chana Green Peas Fresh Roti Meal,Lunch,Indian,Vegan,Whole Wheat Flour | Chickpeas/Kabuli Chana | Green Peas Fresh | Onion/Pyaz,Prepare the matched ingredients together and serve as a balanced meal.,30
R00856,Indian Chickpeas/Kabuli Chana Spinach/Palak Roti Meal,Lunch,Indian,Vegan,Whole Wheat Flour | Chickpeas/Kabuli Chana | Spinach/Palak | Onion/Pyaz,Prepare the matched ingredients together and serve as a balanced meal.,30
R00857,Indian Chickpeas/Kabuli Chana Cauliflower/Gobhi Roti Meal,Lunch,Indian,Vegan,Whole Wheat Flour | Chickpeas/Kabuli Chana | Cauliflower/Gobhi | Onion/Pyaz,Prepare the matched ingredients together and serve as a balanced meal.,30
R00858,Indian Chickpeas/Kabuli Chana Okra/Bhindi Roti Meal,Lunch,Indian,Vegan,Whole Wheat Flour | Chickpeas/Kabuli Chana | Okra/Bhindi | Onion/Pyaz,Prepare the matched ingredients together and serve as a balanced meal.,30
R00859,Indian Chickpeas/Kabuli Chana Brinjal/Baingan Roti Meal,Lunch,Indian,Vegan,Whole Wheat Flour | Chickpeas/Kabuli Chana | Brinjal/Baingan | Onion/Pyaz,Prepare the matched ingredients together and serve as a balanced meal.,30
R00860,Indian Chickpeas/Kabuli Chana Capsicum/Bell Pepper Roti Meal,Lunch,Indian,Vegan,Whole Wheat Flour | Chickpeas/Kabuli Chana | Capsicum/Bell Pepper | Onion/Pyaz,Prepare the matched ingredients together and serve as a balanced meal.,30
R00861,Indian Chickpeas/Kabuli Chana Tomato/Tamatar Roti Meal,Lunch,Indian,Vegan,Whole Wheat Flour | Chickpeas/Kabuli Chana | Tomato/Tamatar | Onion/Pyaz,Prepare the matched ingredients together and serve as a balanced meal.,30
R00862,Indian Chickpeas/Kabuli Chana Onion/Pyaz Roti Meal,Lunch,Indian,Vegan,Whole Wheat Flour | Chickpeas/Kabuli Chana | Onion/Pyaz,Prepare the matched ingredients together and serve as a balanced meal.,30
R00863,Indian Chickpeas/Kabuli Chana Cucumber/Kheera Roti Meal,Lunch,Indian,Vegan,Whole Wheat Flour | Chickpeas/Kabuli Chana | Cucumber/Kheera | Onion/Pyaz,Prepare the matched ingredients together and serve as a balanced meal.,30
R00864,Indian Chickpeas/Kabuli Chana Broccoli Roti Meal,Lunch,Indian,Vegan,Whole Wheat Flour | Chickpeas/Kabuli Chana | Broccoli | Onion/Pyaz,Prepare the matched ingredients together and serve as a balanced meal.,30
R00865,Indian Chickpeas/Kabuli Chana Mushroom Roti Meal,Lunch,Indian,Vegan,Whole Wheat Flour | Chickpeas/Kabuli Chana | Mushroom | Onion/Pyaz,Prepare the matched ingredients together and serve as a balanced meal.,30
R00866,Indian Chickpeas/Kabuli Chana Corn Roti Meal,Lunch,Indian,Vegan,Whole Wheat Flour | Chickpeas/Kabuli Chana | Corn | Onion/Pyaz,Prepare the matched ingredients together and serve as a balanced meal.,30
R00867,Indian Chickpeas/Kabuli Chana Methi Leaves Roti Meal,Lunch,Indian,Vegan,Whole Wheat Flour | Chickpeas/Kabuli Chana | Methi Leaves | Onion/Pyaz,Prepare the matched ingredients together and serve as a balanced meal.,30
R00868,Indian Lobia Potato/Aloo Roti Meal,Lunch,Indian,Vegan,Whole Wheat Flour | Lobia | Potato/Aloo | Onion/Pyaz,Prepare the matched ingredients together and serve as a balanced meal.,30
R00869,Indian Lobia Carrot/Gajar Roti Meal,Lunch,Indian,Vegan,Whole Wheat Flour | Lobia | Carrot/Gajar | Onion/Pyaz,Prepare the matched ingredients together and serve as a balanced meal.,30
R00870,Indian Lobia Green Peas Fresh Roti Meal,Lunch,Indian,Vegan,Whole Wheat Flour | Lobia | Green Peas Fresh | Onion/Pyaz,Prepare the matched ingredients together and serve as a balanced meal.,30
R00871,Indian Lobia Spinach/Palak Roti Meal,Lunch,Indian,Vegan,Whole Wheat Flour | Lobia | Spinach/Palak | Onion/Pyaz,Prepare the matched ingredients together and serve as a balanced meal.,30
R00872,Indian Lobia Cauliflower/Gobhi Roti Meal,Lunch,Indian,Vegan,Whole Wheat Flour | Lobia | Cauliflower/Gobhi | Onion/Pyaz,Prepare the matched ingredients together and serve as a balanced meal.,30
R00873,Indian Lobia Okra/Bhindi Roti Meal,Lunch,Indian,Vegan,Whole Wheat Flour | Lobia | Okra/Bhindi | Onion/Pyaz,Prepare the matched ingredients together and serve as a balanced meal.,30
R00874,Indian Lobia Brinjal/Baingan Roti Meal,Lunch,Indian,Vegan,Whole Wheat Flour | Lobia | Brinjal/Baingan | Onion/Pyaz,Prepare the matched ingredients together and serve as a balanced meal.,30
R00875,Indian Lobia Capsicum/Bell Pepper Roti Meal,Lunch,Indian,Vegan,Whole Wheat Flour | Lobia | Capsicum/Bell Pepper | Onion/Pyaz,Prepare the matched ingredients together and serve as a balanced meal.,30
R00876,Indian Lobia Tomato/Tamatar Roti Meal,Lunch,Indian,Vegan,Whole Wheat Flour | Lobia | Tomato/Tamatar | Onion/Pyaz,Prepare the matched ingredients together and serve as a balanced meal.,30
R00877,Indian Lobia Onion/Pyaz Roti Meal,Lunch,Indian,Vegan,Whole Wheat Flour | Lobia | Onion/Pyaz,Prepare the matched ingredients together and serve as a balanced meal.,30
R00878,Indian Lobia Cucumber/Kheera Roti Meal,Lunch,Indian,Vegan,Whole Wheat Flour | Lobia | Cucumber/Kheera | Onion/Pyaz,Prepare the matched ingredients together and serve as a balanced meal.,30
R00879,Indian Lobia Broccoli Roti Meal,Lunch,Indian,Vegan,Whole Wheat Flour | Lobia | Broccoli | Onion/Pyaz,Prepare the matched ingredients together and serve as a balanced meal.,30
R00880,Indian Lobia Mushroom Roti Meal,Lunch,Indian,Vegan,Whole Wheat Flour | Lobia | Mushroom | Onion/Pyaz,Prepare the matched ingredients together and serve as a balanced meal.,30
R00881,Indian Lobia Corn Roti Meal,Lunch,Indian,Vegan,Whole Wheat Flour | Lobia | Corn | Onion/Pyaz,Prepare the matched ingredients together and serve as a balanced meal.,30
R00882,Indian Lobia Methi Leaves Roti Meal,Lunch,Indian,Vegan,Whole Wheat Flour | Lobia | Methi Leaves | Onion/Pyaz,Prepare the matched ingredients together and serve as a balanced meal.,30
R00883,Indian Paneer Potato/Aloo Roti Meal,Lunch,Indian,Vegetarian,Whole Wheat Flour | Paneer | Potato/Aloo | Onion/Pyaz,Prepare the matched ingredients together and serve as a balanced meal.,30
R00884,Indian Paneer Carrot/Gajar Roti Meal,Lunch,Indian,Vegetarian,Whole Wheat Flour | Paneer | Carrot/Gajar | Onion/Pyaz,Prepare the matched ingredients together and serve as a balanced meal.,30
R00885,Indian Paneer Green Peas Fresh Roti Meal,Lunch,Indian,Vegetarian,Whole Wheat Flour | Paneer | Green Peas Fresh | Onion/Pyaz,Prepare the matched ingredients together and serve as a balanced meal.,30
R00886,Indian Paneer Spinach/Palak Roti Meal,Lunch,Indian,Vegetarian,Whole Wheat Flour | Paneer | Spinach/Palak | Onion/Pyaz,Prepare the matched ingredients together and serve as a balanced meal.,30
R00887,Indian Paneer Cauliflower/Gobhi Roti Meal,Lunch,Indian,Vegetarian,Whole Wheat Flour | Paneer | Cauliflower/Gobhi | Onion/Pyaz,Prepare the matched ingredients together and serve as a balanced meal.,30
R00888,Indian Paneer Okra/Bhindi Roti Meal,Lunch,Indian,Vegetarian,Whole Wheat Flour | Paneer | Okra/Bhindi | Onion/Pyaz,Prepare the matched ingredients together and serve as a balanced meal.,30
R00889,Indian Paneer Brinjal/Baingan Roti Meal,Lunch,Indian,Vegetarian,Whole Wheat Flour | Paneer | Brinjal/Baingan | Onion/Pyaz,Prepare the matched ingredients together and serve as a balanced meal.,30
R00890,Indian Paneer Capsicum/Bell Pepper Roti Meal,Lunch,Indian,Vegetarian,Whole Wheat Flour | Paneer | Capsicum/Bell Pepper | Onion/Pyaz,Prepare the matched ingredients together and serve as a balanced meal.,30
R00891,Indian Paneer Tomato/Tamatar Roti Meal,Lunch,Indian,Vegetarian,Whole Wheat Flour | Paneer | Tomato/Tamatar | Onion/Pyaz,Prepare the matched ingredients together and serve as a balanced meal.,30
R00892,Indian Paneer Onion/Pyaz Roti Meal,Lunch,Indian,Vegetarian,Whole Wheat Flour | Paneer | Onion/Pyaz,Prepare the matched ingredients together and serve as a balanced meal.,30
R00893,Indian Paneer Cucumber/Kheera Roti Meal,Lunch,Indian,Vegetarian,Whole Wheat Flour | Paneer | Cucumber/Kheera | Onion/Pyaz,Prepare the matched ingredients together and serve as a balanced meal.,30
R00894,Indian Paneer Broccoli Roti Meal,Lunch,Indian,Vegetarian,Whole Wheat Flour | Paneer | Broccoli | Onion/Pyaz,Prepare the matched ingredients together and serve as a balanced meal.,30
R00895,Indian Paneer Mushroom Roti Meal,Lunch,Indian,Vegetarian,Whole Wheat Flour | Paneer | Mushroom | Onion/Pyaz,Prepare the matched ingredients together and serve as a balanced meal.,30
R00896,Indian Paneer Corn Roti Meal,Lunch,Indian,Vegetarian,Whole Wheat Flour | Paneer | Corn | Onion/Pyaz,Prepare the matched ingredients together and serve as a balanced meal.,30
R00897,Indian Paneer Methi Leaves Roti Meal,Lunch,Indian,Vegetarian,Whole Wheat Flour | Paneer | Methi Leaves | Onion/Pyaz,Prepare the matched ingredients together and serve as a balanced meal.,30
R00898,Indian Tofu Potato/Aloo Roti Meal,Lunch,Indian,Vegan,Whole Wheat Flour | Tofu | Potato/Aloo | Onion/Pyaz,Prepare the matched ingredients together and serve as a balanced meal.,30
R00899,Indian Tofu Carrot/Gajar Roti Meal,Lunch,Indian,Vegan,Whole Wheat Flour | Tofu | Carrot/Gajar | Onion/Pyaz,Prepare the matched ingredients together and serve as a balanced meal.,30
R00900,Indian Tofu Green Peas Fresh Roti Meal,Lunch,Indian,Vegan,Whole Wheat Flour | Tofu | Green Peas Fresh | Onion/Pyaz,Prepare the matched ingredients together and serve as a balanced meal.,30
R00901,Indian Tofu Spinach/Palak Roti Meal,Lunch,Indian,Vegan,Whole Wheat Flour | Tofu | Spinach/Palak | Onion/Pyaz,Prepare the matched ingredients together and serve as a balanced meal.,30
R00902,Indian Tofu Cauliflower/Gobhi Roti Meal,Lunch,Indian,Vegan,Whole Wheat Flour | Tofu | Cauliflower/Gobhi | Onion/Pyaz,Prepare the matched ingredients together and serve as a balanced meal.,30
R00903,Indian Tofu Okra/Bhindi Roti Meal,Lunch,Indian,Vegan,Whole Wheat Flour | Tofu | Okra/Bhindi | Onion/Pyaz,Prepare the matched ingredients together and serve as a balanced meal.,30
R00904,Indian Tofu Brinjal/Baingan Roti Meal,Lunch,Indian,Vegan,Whole Wheat Flour | Tofu | Brinjal/Baingan | Onion/Pyaz,Prepare the matched ingredients together and serve as a balanced meal.,30
R00905,Indian Tofu Capsicum/Bell Pepper Roti Meal,Lunch,Indian,Vegan,Whole Wheat Flour | Tofu | Capsicum/Bell Pepper | Onion/Pyaz,Prepare the matched ingredients together and serve as a balanced meal.,30
R00906,Indian Tofu Tomato/Tamatar Roti Meal,Lunch,Indian,Vegan,Whole Wheat Flour | Tofu | Tomato/Tamatar | Onion/Pyaz,Prepare the matched ingredients together and serve as a balanced meal.,30
R00907,Indian Tofu Onion/Pyaz Roti Meal,Lunch,Indian,Vegan,Whole Wheat Flour | Tofu | Onion/Pyaz,Prepare the matched ingredients together and serve as a balanced meal.,30
R00908,Indian Tofu Cucumber/Kheera Roti Meal,Lunch,Indian,Vegan,Whole Wheat Flour | Tofu | Cucumber/Kheera | Onion/Pyaz,Prepare the matched ingredients together and serve as a balanced meal.,30
R00909,Indian Tofu Broccoli Roti Meal,Lunch,Indian,Vegan,Whole Wheat Flour | Tofu | Broccoli | Onion/Pyaz,Prepare the matched ingredients together and serve as a balanced meal.,30
R00910,Indian Tofu Mushroom Roti Meal,Lunch,Indian,Vegan,Whole Wheat Flour | Tofu | Mushroom | Onion/Pyaz,Prepare the matched ingredients together and serve as a balanced meal.,30
R00911,Indian Tofu Corn Roti Meal,Lunch,Indian,Vegan,Whole Wheat Flour | Tofu | Corn | Onion/Pyaz,Prepare the matched ingredients together and serve as a balanced meal.,30
R00912,Indian Tofu Methi Leaves Roti Meal,Lunch,Indian,Vegan,Whole Wheat Flour | Tofu | Methi Leaves | Onion/Pyaz,Prepare the matched ingredients together and serve as a balanced meal.,30
R00913,Indian Soya Chunks Potato/Aloo Roti Meal,Lunch,Indian,Vegan,Whole Wheat Flour | Soya Chunks | Potato/Aloo | Onion/Pyaz,Prepare the matched ingredients together and serve as a balanced meal.,30
R00914,Indian Soya Chunks Carrot/Gajar Roti Meal,Lunch,Indian,Vegan,Whole Wheat Flour | Soya Chunks | Carrot/Gajar | Onion/Pyaz,Prepare the matched ingredients together and serve as a balanced meal.,30
R00915,Indian Soya Chunks Green Peas Fresh Roti Meal,Lunch,Indian,Vegan,Whole Wheat Flour | Soya Chunks | Green Peas Fresh | Onion/Pyaz,Prepare the matched ingredients together and serve as a balanced meal.,30
R00916,Indian Soya Chunks Spinach/Palak Roti Meal,Lunch,Indian,Vegan,Whole Wheat Flour | Soya Chunks | Spinach/Palak | Onion/Pyaz,Prepare the matched ingredients together and serve as a balanced meal.,30
R00917,Indian Soya Chunks Cauliflower/Gobhi Roti Meal,Lunch,Indian,Vegan,Whole Wheat Flour | Soya Chunks | Cauliflower/Gobhi | Onion/Pyaz,Prepare the matched ingredients together and serve as a balanced meal.,30
R00918,Indian Soya Chunks Okra/Bhindi Roti Meal,Lunch,Indian,Vegan,Whole Wheat Flour | Soya Chunks | Okra/Bhindi | Onion/Pyaz,Prepare the matched ingredients together and serve as a balanced meal.,30
R00919,Indian Soya Chunks Brinjal/Baingan Roti Meal,Lunch,Indian,Vegan,Whole Wheat Flour | Soya Chunks | Brinjal/Baingan | Onion/Pyaz,Prepare the matched ingredients together and serve as a balanced meal.,30
R00920,Indian Soya Chunks Capsicum/Bell Pepper Roti Meal,Lunch,Indian,Vegan,Whole Wheat Flour | Soya Chunks | Capsicum/Bell Pepper | Onion/Pyaz,Prepare the matched ingredients together and serve as a balanced meal.,30
R00921,Indian Soya Chunks Tomato/Tamatar Roti Meal,Lunch,Indian,Vegan,Whole Wheat Flour | Soya Chunks | Tomato/Tamatar | Onion/Pyaz,Prepare the matched ingredients together and serve as a balanced meal.,30
R00922,Indian Soya Chunks Onion/Pyaz Roti Meal,Lunch,Indian,Vegan,Whole Wheat Flour | Soya Chunks | Onion/Pyaz,Prepare the matched ingredients together and serve as a balanced meal.,30
R00923,Indian Soya Chunks Cucumber/Kheera Roti Meal,Lunch,Indian,Vegan,Whole Wheat Flour | Soya Chunks | Cucumber/Kheera | Onion/Pyaz,Prepare the matched ingredients together and serve as a balanced meal.,30
R00924,Indian Soya Chunks Broccoli Roti Meal,Lunch,Indian,Vegan,Whole Wheat Flour | Soya Chunks | Broccoli | Onion/Pyaz,Prepare the matched ingredients together and serve as a balanced meal.,30
R00925,Indian Soya Chunks Mushroom Roti Meal,Lunch,Indian,Vegan,Whole Wheat Flour | Soya Chunks | Mushroom | Onion/Pyaz,Prepare the matched ingredients together and serve as a balanced meal.,30
R00926,Indian Soya Chunks Corn Roti Meal,Lunch,Indian,Vegan,Whole Wheat Flour | Soya Chunks | Corn | Onion/Pyaz,Prepare the matched ingredients together and serve as a balanced meal.,30
R00927,Indian Soya Chunks Methi Leaves Roti Meal,Lunch,Indian,Vegan,Whole Wheat Flour | Soya Chunks | Methi Leaves | Onion/Pyaz,Prepare the matched ingredients together and serve as a balanced meal.,30
R00928,Indian Eggs Potato/Aloo Roti Meal,Lunch,Indian,Non-Vegetarian,Whole Wheat Flour | Eggs | Potato/Aloo | Onion/Pyaz,Prepare the matched ingredients together and serve as a balanced meal.,30
R00929,Indian Eggs Carrot/Gajar Roti Meal,Lunch,Indian,Non-Vegetarian,Whole Wheat Flour | Eggs | Carrot/Gajar | Onion/Pyaz,Prepare the matched ingredients together and serve as a balanced meal.,30
R00930,Indian Eggs Green Peas Fresh Roti Meal,Lunch,Indian,Non-Vegetarian,Whole Wheat Flour | Eggs | Green Peas Fresh | Onion/Pyaz,Prepare the matched ingredients together and serve as a balanced meal.,30
R00931,Indian Eggs Spinach/Palak Roti Meal,Lunch,Indian,Non-Vegetarian,Whole Wheat Flour | Eggs | Spinach/Palak | Onion/Pyaz,Prepare the matched ingredients together and serve as a balanced meal.,30
R00932,Indian Eggs Cauliflower/Gobhi Roti Meal,Lunch,Indian,Non-Vegetarian,Whole Wheat Flour | Eggs | Cauliflower/Gobhi | Onion/Pyaz,Prepare the matched ingredients together and serve as a balanced meal.,30
R00933,Indian Eggs Okra/Bhindi Roti Meal,Lunch,Indian,Non-Vegetarian,Whole Wheat Flour | Eggs | Okra/Bhindi | Onion/Pyaz,Prepare the matched ingredients together and serve as a balanced meal.,30
R00934,Indian Eggs Brinjal/Baingan Roti Meal,Lunch,Indian,Non-Vegetarian,Whole Wheat Flour | Eggs | Brinjal/Baingan | Onion/Pyaz,Prepare the matched ingredients together and serve as a balanced meal.,30
R00935,Indian Eggs Capsicum/Bell Pepper Roti Meal,Lunch,Indian,Non-Vegetarian,Whole Wheat Flour | Eggs | Capsicum/Bell Pepper | Onion/Pyaz,Prepare the matched ingredients together and serve as a balanced meal.,30
R00936,Indian Eggs Tomato/Tamatar Roti Meal,Lunch,Indian,Non-Vegetarian,Whole Wheat Flour | Eggs | Tomato/Tamatar | Onion/Pyaz,Prepare the matched ingredients together and serve as a balanced meal.,30
R00937,Indian Eggs Onion/Pyaz Roti Meal,Lunch,Indian,Non-Vegetarian,Whole Wheat Flour | Eggs | Onion/Pyaz,Prepare the matched ingredients together and serve as a balanced meal.,30
R00938,Indian Eggs Cucumber/Kheera Roti Meal,Lunch,Indian,Non-Vegetarian,Whole Wheat Flour | Eggs | Cucumber/Kheera | Onion/Pyaz,Prepare the matched ingredients together and serve as a balanced meal.,30
R00939,Indian Eggs Broccoli Roti Meal,Lunch,Indian,Non-Vegetarian,Whole Wheat Flour | Eggs | Broccoli | Onion/Pyaz,Prepare the matched ingredients together and serve as a balanced meal.,30
R00940,Indian Eggs Mushroom Roti Meal,Lunch,Indian,Non-Vegetarian,Whole Wheat Flour | Eggs | Mushroom | Onion/Pyaz,Prepare the matched ingredients together and serve as a balanced meal.,30
R00941,Indian Eggs Corn Roti Meal,Lunch,Indian,Non-Vegetarian,Whole Wheat Flour | Eggs | Corn | Onion/Pyaz,Prepare the matched ingredients together and serve as a balanced meal.,30
R00942,Indian Eggs Methi Leaves Roti Meal,Lunch,Indian,Non-Vegetarian,Whole Wheat Flour | Eggs | Methi Leaves | Onion/Pyaz,Prepare the matched ingredients together and serve as a balanced meal.,30
R00943,Indian Chicken Breast Potato/Aloo Roti Meal,Lunch,Indian,Non-Vegetarian,Whole Wheat Flour | Chicken Breast | Potato/Aloo | Onion/Pyaz,Prepare the matched ingredients together and serve as a balanced meal.,30
R00944,Indian Chicken Breast Carrot/Gajar Roti Meal,Lunch,Indian,Non-Vegetarian,Whole Wheat Flour | Chicken Breast | Carrot/Gajar | Onion/Pyaz,Prepare the matched ingredients together and serve as a balanced meal.,30
R00945,Indian Chicken Breast Green Peas Fresh Roti Meal,Lunch,Indian,Non-Vegetarian,Whole Wheat Flour | Chicken Breast | Green Peas Fresh | Onion/Pyaz,Prepare the matched ingredients together and serve as a balanced meal.,30
R00946,Indian Chicken Breast Spinach/Palak Roti Meal,Lunch,Indian,Non-Vegetarian,Whole Wheat Flour | Chicken Breast | Spinach/Palak | Onion/Pyaz,Prepare the matched ingredients together and serve as a balanced meal.,30
R00947,Indian Chicken Breast Cauliflower/Gobhi Roti Meal,Lunch,Indian,Non-Vegetarian,Whole Wheat Flour | Chicken Breast | Cauliflower/Gobhi | Onion/Pyaz,Prepare the matched ingredients together and serve as a balanced meal.,30
R00948,Indian Chicken Breast Okra/Bhindi Roti Meal,Lunch,Indian,Non-Vegetarian,Whole Wheat Flour | Chicken Breast | Okra/Bhindi | Onion/Pyaz,Prepare the matched ingredients together and serve as a balanced meal.,30
R00949,Indian Chicken Breast Brinjal/Baingan Roti Meal,Lunch,Indian,Non-Vegetarian,Whole Wheat Flour | Chicken Breast | Brinjal/Baingan | Onion/Pyaz,Prepare the matched ingredients together and serve as a balanced meal.,30
R00950,Indian Chicken Breast Capsicum/Bell Pepper Roti Meal,Lunch,Indian,Non-Vegetarian,Whole Wheat Flour | Chicken Breast | Capsicum/Bell Pepper | Onion/Pyaz,Prepare the matched ingredients together and serve as a balanced meal.,30
R00951,Indian Chicken Breast Tomato/Tamatar Roti Meal,Lunch,Indian,Non-Vegetarian,Whole Wheat Flour | Chicken Breast | Tomato/Tamatar | Onion/Pyaz,Prepare the matched ingredients together and serve as a balanced meal.,30
R00952,Indian Chicken Breast Onion/Pyaz Roti Meal,Lunch,Indian,Non-Vegetarian,Whole Wheat Flour | Chicken Breast | Onion/Pyaz,Prepare the matched ingredients together and serve as a balanced meal.,30
R00953,Indian Chicken Breast Cucumber/Kheera Roti Meal,Lunch,Indian,Non-Vegetarian,Whole Wheat Flour | Chicken Breast | Cucumber/Kheera | Onion/Pyaz,Prepare the matched ingredients together and serve as a balanced meal.,30
R00954,Indian Chicken Breast Broccoli Roti Meal,Lunch,Indian,Non-Vegetarian,Whole Wheat Flour | Chicken Breast | Broccoli | Onion/Pyaz,Prepare the matched ingredients together and serve as a balanced meal.,30
R00955,Indian Chicken Breast Mushroom Roti Meal,Lunch,Indian,Non-Vegetarian,Whole Wheat Flour | Chicken Breast | Mushroom | Onion/Pyaz,Prepare the matched ingredients together and serve as a balanced meal.,30
R00956,Indian Chicken Breast Corn Roti Meal,Lunch,Indian,Non-Vegetarian,Whole Wheat Flour | Chicken Breast | Corn | Onion/Pyaz,Prepare the matched ingredients together and serve as a balanced meal.,30
R00957,Indian Chicken Breast Methi Leaves Roti Meal,Lunch,Indian,Non-Vegetarian,Whole Wheat Flour | Chicken Breast | Methi Leaves | Onion/Pyaz,Prepare the matched ingredients together and serve as a balanced meal.,30
R00958,Indian Rohu Fish Potato/Aloo Roti Meal,Lunch,Indian,Non-Vegetarian,Whole Wheat Flour | Rohu Fish | Potato/Aloo | Onion/Pyaz,Prepare the matched ingredients together and serve as a balanced meal.,30
R00959,Indian Rohu Fish Carrot/Gajar Roti Meal,Lunch,Indian,Non-Vegetarian,Whole Wheat Flour | Rohu Fish | Carrot/Gajar | Onion/Pyaz,Prepare the matched ingredients together and serve as a balanced meal.,30
R00960,Indian Rohu Fish Green Peas Fresh Roti Meal,Lunch,Indian,Non-Vegetarian,Whole Wheat Flour | Rohu Fish | Green Peas Fresh | Onion/Pyaz,Prepare the matched ingredients together and serve as a balanced meal.,30
R00961,Indian Rohu Fish Spinach/Palak Roti Meal,Lunch,Indian,Non-Vegetarian,Whole Wheat Flour | Rohu Fish | Spinach/Palak | Onion/Pyaz,Prepare the matched ingredients together and serve as a balanced meal.,30
R00962,Indian Rohu Fish Cauliflower/Gobhi Roti Meal,Lunch,Indian,Non-Vegetarian,Whole Wheat Flour | Rohu Fish | Cauliflower/Gobhi | Onion/Pyaz,Prepare the matched ingredients together and serve as a balanced meal.,30
R00963,Indian Rohu Fish Okra/Bhindi Roti Meal,Lunch,Indian,Non-Vegetarian,Whole Wheat Flour | Rohu Fish | Okra/Bhindi | Onion/Pyaz,Prepare the matched ingredients together and serve as a balanced meal.,30
R00964,Indian Rohu Fish Brinjal/Baingan Roti Meal,Lunch,Indian,Non-Vegetarian,Whole Wheat Flour | Rohu Fish | Brinjal/Baingan | Onion/Pyaz,Prepare the matched ingredients together and serve as a balanced meal.,30
R00965,Indian Rohu Fish Capsicum/Bell Pepper Roti Meal,Lunch,Indian,Non-Vegetarian,Whole Wheat Flour | Rohu Fish | Capsicum/Bell Pepper | Onion/Pyaz,Prepare the matched ingredients together and serve as a balanced meal.,30
R00966,Indian Rohu Fish Tomato/Tamatar Roti Meal,Lunch,Indian,Non-Vegetarian,Whole Wheat Flour | Rohu Fish | Tomato/Tamatar | Onion/Pyaz,Prepare the matched ingredients together and serve as a balanced meal.,30
R00967,Indian Rohu Fish Onion/Pyaz Roti Meal,Lunch,Indian,Non-Vegetarian,Whole Wheat Flour | Rohu Fish | Onion/Pyaz,Prepare the matched ingredients together and serve as a balanced meal.,30
R00968,Indian Rohu Fish Cucumber/Kheera Roti Meal,Lunch,Indian,Non-Vegetarian,Whole Wheat Flour | Rohu Fish | Cucumber/Kheera | Onion/Pyaz,Prepare the matched ingredients together and serve as a balanced meal.,30
R00969,Indian Rohu Fish Broccoli Roti Meal,Lunch,Indian,Non-Vegetarian,Whole Wheat Flour | Rohu Fish | Broccoli | Onion/Pyaz,Prepare the matched ingredients together and serve as a balanced meal.,30
R00970,Indian Rohu Fish Mushroom Roti Meal,Lunch,Indian,Non-Vegetarian,Whole Wheat Flour | Rohu Fish | Mushroom | Onion/Pyaz,Prepare the matched ingredients together and serve as a balanced meal.,30
R00971,Indian Rohu Fish Corn Roti Meal,Lunch,Indian,Non-Vegetarian,Whole Wheat Flour | Rohu Fish | Corn | Onion/Pyaz,Prepare the matched ingredients together and serve as a balanced meal.,30
R00972,Indian Rohu Fish Methi Leaves Roti Meal,Lunch,Indian,Non-Vegetarian,Whole Wheat Flour | Rohu Fish | Methi Leaves | Onion/Pyaz,Prepare the matched ingredients together and serve as a balanced meal.,30
R00973,Indian Prawns Potato/Aloo Roti Meal,Lunch,Indian,Non-Vegetarian,Whole Wheat Flour | Prawns | Potato/Aloo | Onion/Pyaz,Prepare the matched ingredients together and serve as a balanced meal.,30
R00974,Indian Prawns Carrot/Gajar Roti Meal,Lunch,Indian,Non-Vegetarian,Whole Wheat Flour | Prawns | Carrot/Gajar | Onion/Pyaz,Prepare the matched ingredients together and serve as a balanced meal.,30
R00975,Indian Prawns Green Peas Fresh Roti Meal,Lunch,Indian,Non-Vegetarian,Whole Wheat Flour | Prawns | Green Peas Fresh | Onion/Pyaz,Prepare the matched ingredients together and serve as a balanced meal.,30
R00976,Indian Prawns Spinach/Palak Roti Meal,Lunch,Indian,Non-Vegetarian,Whole Wheat Flour | Prawns | Spinach/Palak | Onion/Pyaz,Prepare the matched ingredients together and serve as a balanced meal.,30
R00977,Indian Prawns Cauliflower/Gobhi Roti Meal,Lunch,Indian,Non-Vegetarian,Whole Wheat Flour | Prawns | Cauliflower/Gobhi | Onion/Pyaz,Prepare the matched ingredients together and serve as a balanced meal.,30
R00978,Indian Prawns Okra/Bhindi Roti Meal,Lunch,Indian,Non-Vegetarian,Whole Wheat Flour | Prawns | Okra/Bhindi | Onion/Pyaz,Prepare the matched ingredients together and serve as a balanced meal.,30
R00979,Indian Prawns Brinjal/Baingan Roti Meal,Lunch,Indian,Non-Vegetarian,Whole Wheat Flour | Prawns | Brinjal/Baingan | Onion/Pyaz,Prepare the matched ingredients together and serve as a balanced meal.,30
R00980,Indian Prawns Capsicum/Bell Pepper Roti Meal,Lunch,Indian,Non-Vegetarian,Whole Wheat Flour | Prawns | Capsicum/Bell Pepper | Onion/Pyaz,Prepare the matched ingredients together and serve as a balanced meal.,30
R00981,Indian Prawns Tomato/Tamatar Roti Meal,Lunch,Indian,Non-Vegetarian,Whole Wheat Flour | Prawns | Tomato/Tamatar | Onion/Pyaz,Prepare the matched ingredients together and serve as a balanced meal.,30
R00982,Indian Prawns Onion/Pyaz Roti Meal,Lunch,Indian,Non-Vegetarian,Whole Wheat Flour | Prawns | Onion/Pyaz,Prepare the matched ingredients together and serve as a balanced meal.,30
R00983,Indian Prawns Cucumber/Kheera Roti Meal,Lunch,Indian,Non-Vegetarian,Whole Wheat Flour | Prawns | Cucumber/Kheera | Onion/Pyaz,Prepare the matched ingredients together and serve as a balanced meal.,30
R00984,Indian Prawns Broccoli Roti Meal,Lunch,Indian,Non-Vegetarian,Whole Wheat Flour | Prawns | Broccoli | Onion/Pyaz,Prepare the matched ingredients together and serve as a balanced meal.,30
R00985,Indian Prawns Mushroom Roti Meal,Lunch,Indian,Non-Vegetarian,Whole Wheat Flour | Prawns | Mushroom | Onion/Pyaz,Prepare the matched ingredients together and serve as a balanced meal.,30
R00986,Indian Prawns Corn Roti Meal,Lunch,Indian,Non-Vegetarian,Whole Wheat Flour | Prawns | Corn | Onion/Pyaz,Prepare the matched ingredients together and serve as a balanced meal.,30
R00987,Indian Prawns Methi Leaves Roti Meal,Lunch,Indian,Non-Vegetarian,Whole Wheat Flour | Prawns | Methi Leaves | Onion/Pyaz,Prepare the matched ingredients together and serve as a balanced meal.,30
R00988,Indian Toor Dal Potato/Aloo Khichdi,Lunch,Indian,Vegan,Rice | Moong Dal | Toor Dal | Potato/Aloo,Prepare the matched ingredients together and serve as a balanced meal.,30
R00989,Indian Toor Dal Carrot/Gajar Khichdi,Lunch,Indian,Vegan,Rice | Moong Dal | Toor Dal | Carrot/Gajar,Prepare the matched ingredients together and serve as a balanced meal.,30
R00990,Indian Toor Dal Green Peas Fresh Khichdi,Lunch,Indian,Vegan,Rice | Moong Dal | Toor Dal | Green Peas Fresh,Prepare the matched ingredients together and serve as a balanced meal.,30
R00991,Indian Toor Dal Spinach/Palak Khichdi,Lunch,Indian,Vegan,Rice | Moong Dal | Toor Dal | Spinach/Palak,Prepare the matched ingredients together and serve as a balanced meal.,30
R00992,Indian Toor Dal Cauliflower/Gobhi Khichdi,Lunch,Indian,Vegan,Rice | Moong Dal | Toor Dal | Cauliflower/Gobhi,Prepare the matched ingredients together and serve as a balanced meal.,30
R00993,Indian Toor Dal Okra/Bhindi Khichdi,Lunch,Indian,Vegan,Rice | Moong Dal | Toor Dal | Okra/Bhindi,Prepare the matched ingredients together and serve as a balanced meal.,30
R00994,Indian Toor Dal Brinjal/Baingan Khichdi,Lunch,Indian,Vegan,Rice | Moong Dal | Toor Dal | Brinjal/Baingan,Prepare the matched ingredients together and serve as a balanced meal.,30
R00995,Indian Toor Dal Capsicum/Bell Pepper Khichdi,Lunch,Indian,Vegan,Rice | Moong Dal | Toor Dal | Capsicum/Bell Pepper,Prepare the matched ingredients together and serve as a balanced meal.,30
R00996,Indian Toor Dal Tomato/Tamatar Khichdi,Lunch,Indian,Vegan,Rice | Moong Dal | Toor Dal | Tomato/Tamatar,Prepare the matched ingredients together and serve as a balanced meal.,30
R00997,Indian Toor Dal Onion/Pyaz Khichdi,Lunch,Indian,Vegan,Rice | Moong Dal | Toor Dal | Onion/Pyaz,Prepare the matched ingredients together and serve as a balanced meal.,30
R00998,Indian Toor Dal Cucumber/Kheera Khichdi,Lunch,Indian,Vegan,Rice | Moong Dal | Toor Dal | Cucumber/Kheera,Prepare the matched ingredients together and serve as a balanced meal.,30
R00999,Indian Toor Dal Broccoli Khichdi,Lunch,Indian,Vegan,Rice | Moong Dal | Toor Dal | Broccoli,Prepare the matched ingredients together and serve as a balanced meal.,30
R01000,Indian Toor Dal Mushroom Khichdi,Lunch,Indian,Vegan,Rice | Moong Dal | Toor Dal | Mushroom,Prepare the matched ingredients together and serve as a balanced meal.,30
R01001,Indian Toor Dal Corn Khichdi,Lunch,Indian,Vegan,Rice | Moong Dal | Toor Dal | Corn,Prepare the matched ingredients together and serve as a balanced meal.,30
R01002,Indian Toor Dal Methi Leaves Khichdi,Lunch,Indian,Vegan,Rice | Moong Dal | Toor Dal | Methi Leaves,Prepare the matched ingredients together and serve as a balanced meal.,30
R01003,Indian Moong Dal Potato/Aloo Khichdi,Lunch,Indian,Vegan,Rice | Moong Dal | Potato/Aloo,Prepare the matched ingredients together and serve as a balanced meal.,30
R01004,Indian Moong Dal Carrot/Gajar Khichdi,Lunch,Indian,Vegan,Rice | Moong Dal | Carrot/Gajar,Prepare the matched ingredients together and serve as a balanced meal.,30
R01005,Indian Moong Dal Green Peas Fresh Khichdi,Lunch,Indian,Vegan,Rice | Moong Dal | Green Peas Fresh,Prepare the matched ingredients together and serve as a balanced meal.,30
R01006,Indian Moong Dal Spinach/Palak Khichdi,Lunch,Indian,Vegan,Rice | Moong Dal | Spinach/Palak,Prepare the matched ingredients together and serve as a balanced meal.,30
R01007,Indian Moong Dal Cauliflower/Gobhi Khichdi,Lunch,Indian,Vegan,Rice | Moong Dal | Cauliflower/Gobhi,Prepare the matched ingredients together and serve as a balanced meal.,30
R01008,Indian Moong Dal Okra/Bhindi Khichdi,Lunch,Indian,Vegan,Rice | Moong Dal | Okra/Bhindi,Prepare the matched ingredients together and serve as a balanced meal.,30
R01009,Indian Moong Dal Brinjal/Baingan Khichdi,Lunch,Indian,Vegan,Rice | Moong Dal | Brinjal/Baingan,Prepare the matched ingredients together and serve as a balanced meal.,30
R01010,Indian Moong Dal Capsicum/Bell Pepper Khichdi,Lunch,Indian,Vegan,Rice | Moong Dal | Capsicum/Bell Pepper,Prepare the matched ingredients together and serve as a balanced meal.,30
R01011,Indian Moong Dal Tomato/Tamatar Khichdi,Lunch,Indian,Vegan,Rice | Moong Dal | Tomato/Tamatar,Prepare the matched ingredients together and serve as a balanced meal.,30
R01012,Indian Moong Dal Onion/Pyaz Khichdi,Lunch,Indian,Vegan,Rice | Moong Dal | Onion/Pyaz,Prepare the matched ingredients together and serve as a balanced meal.,30
R01013,Indian Moong Dal Cucumber/Kheera Khichdi,Lunch,Indian,Vegan,Rice | Moong Dal | Cucumber/Kheera,Prepare the matched ingredients together and serve as a balanced meal.,30
R01014,Indian Moong Dal Broccoli Khichdi,Lunch,Indian,Vegan,Rice | Moong Dal | Broccoli,Prepare the matched ingredients together and serve as a balanced meal.,30
R01015,Indian Moong Dal Mushroom Khichdi,Lunch,Indian,Vegan,Rice | Moong Dal | Mushroom,Prepare the matched ingredients together and serve as a balanced meal.,30
R01016,Indian Moong Dal Corn Khichdi,Lunch,Indian,Vegan,Rice | Moong Dal | Corn,Prepare the matched ingredients together and serve as a balanced meal.,30
R01017,Indian Moong Dal Methi Leaves Khichdi,Lunch,Indian,Vegan,Rice | Moong Dal | Methi Leaves,Prepare the matched ingredients together and serve as a balanced meal.,30
R01018,Indian Masoor Dal Potato/Aloo Khichdi,Lunch,Indian,Vegan,Rice | Moong Dal | Masoor Dal | Potato/Aloo,Prepare the matched ingredients together and serve as a balanced meal.,30
R01019,Indian Masoor Dal Carrot/Gajar Khichdi,Lunch,Indian,Vegan,Rice | Moong Dal | Masoor Dal | Carrot/Gajar,Prepare the matched ingredients together and serve as a balanced meal.,30
R01020,Indian Masoor Dal Green Peas Fresh Khichdi,Lunch,Indian,Vegan,Rice | Moong Dal | Masoor Dal | Green Peas Fresh,Prepare the matched ingredients together and serve as a balanced meal.,30
R01021,Indian Masoor Dal Spinach/Palak Khichdi,Lunch,Indian,Vegan,Rice | Moong Dal | Masoor Dal | Spinach/Palak,Prepare the matched ingredients together and serve as a balanced meal.,30
R01022,Indian Masoor Dal Cauliflower/Gobhi Khichdi,Lunch,Indian,Vegan,Rice | Moong Dal | Masoor Dal | Cauliflower/Gobhi,Prepare the matched ingredients together and serve as a balanced meal.,30
R01023,Indian Masoor Dal Okra/Bhindi Khichdi,Lunch,Indian,Vegan,Rice | Moong Dal | Masoor Dal | Okra/Bhindi,Prepare the matched ingredients together and serve as a balanced meal.,30
R01024,Indian Masoor Dal Brinjal/Baingan Khichdi,Lunch,Indian,Vegan,Rice | Moong Dal | Masoor Dal | Brinjal/Baingan,Prepare the matched ingredients together and serve as a balanced meal.,30
R01025,Indian Masoor Dal Capsicum/Bell Pepper Khichdi,Lunch,Indian,Vegan,Rice | Moong Dal | Masoor Dal | Capsicum/Bell Pepper,Prepare the matched ingredients together and serve as a balanced meal.,30
R01026,Indian Masoor Dal Tomato/Tamatar Khichdi,Lunch,Indian,Vegan,Rice | Moong Dal | Masoor Dal | Tomato/Tamatar,Prepare the matched ingredients together and serve as a balanced meal.,30
R01027,Indian Masoor Dal Onion/Pyaz Khichdi,Lunch,Indian,Vegan,Rice | Moong Dal | Masoor Dal | Onion/Pyaz,Prepare the matched ingredients together and serve as a balanced meal.,30
R01028,Indian Masoor Dal Cucumber/Kheera Khichdi,Lunch,Indian,Vegan,Rice | Moong Dal | Masoor Dal | Cucumber/Kheera,Prepare the matched ingredients together and serve as a balanced meal.,30
R01029,Indian Masoor Dal Broccoli Khichdi,Lunch,Indian,Vegan,Rice | Moong Dal | Masoor Dal | Broccoli,Prepare the matched ingredients together and serve as a balanced meal.,30
R01030,Indian Masoor Dal Mushroom Khichdi,Lunch,Indian,Vegan,Rice | Moong Dal | Masoor Dal | Mushroom,Prepare the matched ingredients together and serve as a balanced meal.,30
R01031,Indian Masoor Dal Corn Khichdi,Lunch,Indian,Vegan,Rice | Moong Dal | Masoor Dal | Corn,Prepare the matched ingredients together and serve as a balanced meal.,30
R01032,Indian Masoor Dal Methi Leaves Khichdi,Lunch,Indian,Vegan,Rice | Moong Dal | Masoor Dal | Methi Leaves,Prepare the matched ingredients together and serve as a balanced meal.,30
R01033,Indian Chana Dal Potato/Aloo Khichdi,Lunch,Indian,Vegan,Rice | Moong Dal | Chana Dal | Potato/Aloo,Prepare the matched ingredients together and serve as a balanced meal.,30
R01034,Indian Chana Dal Carrot/Gajar Khichdi,Lunch,Indian,Vegan,Rice | Moong Dal | Chana Dal | Carrot/Gajar,Prepare the matched ingredients together and serve as a balanced meal.,30
R01035,Indian Chana Dal Green Peas Fresh Khichdi,Lunch,Indian,Vegan,Rice | Moong Dal | Chana Dal | Green Peas Fresh,Prepare the matched ingredients together and serve as a balanced meal.,30
R01036,Indian Toor Dal Potato/Aloo Curry Roti,Dinner,Indian,Vegan,Whole Wheat Flour | Toor Dal | Potato/Aloo | Tomato/Tamatar,Prepare the matched ingredients together and serve as a balanced meal.,30
R01037,Indian Toor Dal Carrot/Gajar Curry Roti,Dinner,Indian,Vegan,Whole Wheat Flour | Toor Dal | Carrot/Gajar | Tomato/Tamatar,Prepare the matched ingredients together and serve as a balanced meal.,30
R01038,Indian Toor Dal Green Peas Fresh Curry Roti,Dinner,Indian,Vegan,Whole Wheat Flour | Toor Dal | Green Peas Fresh | Tomato/Tamatar,Prepare the matched ingredients together and serve as a balanced meal.,30
R01039,Indian Toor Dal Spinach/Palak Curry Roti,Dinner,Indian,Vegan,Whole Wheat Flour | Toor Dal | Spinach/Palak | Tomato/Tamatar,Prepare the matched ingredients together and serve as a balanced meal.,30
R01040,Indian Toor Dal Cauliflower/Gobhi Curry Roti,Dinner,Indian,Vegan,Whole Wheat Flour | Toor Dal | Cauliflower/Gobhi | Tomato/Tamatar,Prepare the matched ingredients together and serve as a balanced meal.,30
R01041,Indian Toor Dal Okra/Bhindi Curry Roti,Dinner,Indian,Vegan,Whole Wheat Flour | Toor Dal | Okra/Bhindi | Tomato/Tamatar,Prepare the matched ingredients together and serve as a balanced meal.,30
R01042,Indian Toor Dal Brinjal/Baingan Curry Roti,Dinner,Indian,Vegan,Whole Wheat Flour | Toor Dal | Brinjal/Baingan | Tomato/Tamatar,Prepare the matched ingredients together and serve as a balanced meal.,30
R01043,Indian Toor Dal Capsicum/Bell Pepper Curry Roti,Dinner,Indian,Vegan,Whole Wheat Flour | Toor Dal | Capsicum/Bell Pepper | Tomato/Tamatar,Prepare the matched ingredients together and serve as a balanced meal.,30
R01044,Indian Toor Dal Tomato/Tamatar Curry Roti,Dinner,Indian,Vegan,Whole Wheat Flour | Toor Dal | Tomato/Tamatar,Prepare the matched ingredients together and serve as a balanced meal.,30
R01045,Indian Toor Dal Onion/Pyaz Curry Roti,Dinner,Indian,Vegan,Whole Wheat Flour | Toor Dal | Onion/Pyaz | Tomato/Tamatar,Prepare the matched ingredients together and serve as a balanced meal.,30
R01046,Indian Toor Dal Cucumber/Kheera Curry Roti,Dinner,Indian,Vegan,Whole Wheat Flour | Toor Dal | Cucumber/Kheera | Tomato/Tamatar,Prepare the matched ingredients together and serve as a balanced meal.,30
R01047,Indian Toor Dal Broccoli Curry Roti,Dinner,Indian,Vegan,Whole Wheat Flour | Toor Dal | Broccoli | Tomato/Tamatar,Prepare the matched ingredients together and serve as a balanced meal.,30
R01048,Indian Toor Dal Mushroom Curry Roti,Dinner,Indian,Vegan,Whole Wheat Flour | Toor Dal | Mushroom | Tomato/Tamatar,Prepare the matched ingredients together and serve as a balanced meal.,30
R01049,Indian Toor Dal Corn Curry Roti,Dinner,Indian,Vegan,Whole Wheat Flour | Toor Dal | Corn | Tomato/Tamatar,Prepare the matched ingredients together and serve as a balanced meal.,30
R01050,Indian Toor Dal Methi Leaves Curry Roti,Dinner,Indian,Vegan,Whole Wheat Flour | Toor Dal | Methi Leaves | Tomato/Tamatar,Prepare the matched ingredients together and serve as a balanced meal.,30
R01051,Indian Moong Dal Potato/Aloo Curry Roti,Dinner,Indian,Vegan,Whole Wheat Flour | Moong Dal | Potato/Aloo | Tomato/Tamatar,Prepare the matched ingredients together and serve as a balanced meal.,30
R01052,Indian Moong Dal Carrot/Gajar Curry Roti,Dinner,Indian,Vegan,Whole Wheat Flour | Moong Dal | Carrot/Gajar | Tomato/Tamatar,Prepare the matched ingredients together and serve as a balanced meal.,30
R01053,Indian Moong Dal Green Peas Fresh Curry Roti,Dinner,Indian,Vegan,Whole Wheat Flour | Moong Dal | Green Peas Fresh | Tomato/Tamatar,Prepare the matched ingredients together and serve as a balanced meal.,30
R01054,Indian Moong Dal Spinach/Palak Curry Roti,Dinner,Indian,Vegan,Whole Wheat Flour | Moong Dal | Spinach/Palak | Tomato/Tamatar,Prepare the matched ingredients together and serve as a balanced meal.,30
R01055,Indian Moong Dal Cauliflower/Gobhi Curry Roti,Dinner,Indian,Vegan,Whole Wheat Flour | Moong Dal | Cauliflower/Gobhi | Tomato/Tamatar,Prepare the matched ingredients together and serve as a balanced meal.,30
R01056,Indian Moong Dal Okra/Bhindi Curry Roti,Dinner,Indian,Vegan,Whole Wheat Flour | Moong Dal | Okra/Bhindi | Tomato/Tamatar,Prepare the matched ingredients together and serve as a balanced meal.,30
R01057,Indian Moong Dal Brinjal/Baingan Curry Roti,Dinner,Indian,Vegan,Whole Wheat Flour | Moong Dal | Brinjal/Baingan | Tomato/Tamatar,Prepare the matched ingredients together and serve as a balanced meal.,30
R01058,Indian Moong Dal Capsicum/Bell Pepper Curry Roti,Dinner,Indian,Vegan,Whole Wheat Flour | Moong Dal | Capsicum/Bell Pepper | Tomato/Tamatar,Prepare the matched ingredients together and serve as a balanced meal.,30
R01059,Indian Moong Dal Tomato/Tamatar Curry Roti,Dinner,Indian,Vegan,Whole Wheat Flour | Moong Dal | Tomato/Tamatar,Prepare the matched ingredients together and serve as a balanced meal.,30
R01060,Indian Moong Dal Onion/Pyaz Curry Roti,Dinner,Indian,Vegan,Whole Wheat Flour | Moong Dal | Onion/Pyaz | Tomato/Tamatar,Prepare the matched ingredients together and serve as a balanced meal.,30
R01061,Indian Moong Dal Cucumber/Kheera Curry Roti,Dinner,Indian,Vegan,Whole Wheat Flour | Moong Dal | Cucumber/Kheera | Tomato/Tamatar,Prepare the matched ingredients together and serve as a balanced meal.,30
R01062,Indian Moong Dal Broccoli Curry Roti,Dinner,Indian,Vegan,Whole Wheat Flour | Moong Dal | Broccoli | Tomato/Tamatar,Prepare the matched ingredients together and serve as a balanced meal.,30
R01063,Indian Moong Dal Mushroom Curry Roti,Dinner,Indian,Vegan,Whole Wheat Flour | Moong Dal | Mushroom | Tomato/Tamatar,Prepare the matched ingredients together and serve as a balanced meal.,30
R01064,Indian Moong Dal Corn Curry Roti,Dinner,Indian,Vegan,Whole Wheat Flour | Moong Dal | Corn | Tomato/Tamatar,Prepare the matched ingredients together and serve as a balanced meal.,30
R01065,Indian Moong Dal Methi Leaves Curry Roti,Dinner,Indian,Vegan,Whole Wheat Flour | Moong Dal | Methi Leaves | Tomato/Tamatar,Prepare the matched ingredients together and serve as a balanced meal.,30
R01066,Indian Masoor Dal Potato/Aloo Curry Roti,Dinner,Indian,Vegan,Whole Wheat Flour | Masoor Dal | Potato/Aloo | Tomato/Tamatar,Prepare the matched ingredients together and serve as a balanced meal.,30
R01067,Indian Masoor Dal Carrot/Gajar Curry Roti,Dinner,Indian,Vegan,Whole Wheat Flour | Masoor Dal | Carrot/Gajar | Tomato/Tamatar,Prepare the matched ingredients together and serve as a balanced meal.,30
R01068,Indian Masoor Dal Green Peas Fresh Curry Roti,Dinner,Indian,Vegan,Whole Wheat Flour | Masoor Dal | Green Peas Fresh | Tomato/Tamatar,Prepare the matched ingredients together and serve as a balanced meal.,30
R01069,Indian Masoor Dal Spinach/Palak Curry Roti,Dinner,Indian,Vegan,Whole Wheat Flour | Masoor Dal | Spinach/Palak | Tomato/Tamatar,Prepare the matched ingredients together and serve as a balanced meal.,30
R01070,Indian Masoor Dal Cauliflower/Gobhi Curry Roti,Dinner,Indian,Vegan,Whole Wheat Flour | Masoor Dal | Cauliflower/Gobhi | Tomato/Tamatar,Prepare the matched ingredients together and serve as a balanced meal.,30
R01071,Indian Masoor Dal Okra/Bhindi Curry Roti,Dinner,Indian,Vegan,Whole Wheat Flour | Masoor Dal | Okra/Bhindi | Tomato/Tamatar,Prepare the matched ingredients together and serve as a balanced meal.,30
R01072,Indian Masoor Dal Brinjal/Baingan Curry Roti,Dinner,Indian,Vegan,Whole Wheat Flour | Masoor Dal | Brinjal/Baingan | Tomato/Tamatar,Prepare the matched ingredients together and serve as a balanced meal.,30
R01073,Indian Masoor Dal Capsicum/Bell Pepper Curry Roti,Dinner,Indian,Vegan,Whole Wheat Flour | Masoor Dal | Capsicum/Bell Pepper | Tomato/Tamatar,Prepare the matched ingredients together and serve as a balanced meal.,30
R01074,Indian Masoor Dal Tomato/Tamatar Curry Roti,Dinner,Indian,Vegan,Whole Wheat Flour | Masoor Dal | Tomato/Tamatar,Prepare the matched ingredients together and serve as a balanced meal.,30
R01075,Indian Masoor Dal Onion/Pyaz Curry Roti,Dinner,Indian,Vegan,Whole Wheat Flour | Masoor Dal | Onion/Pyaz | Tomato/Tamatar,Prepare the matched ingredients together and serve as a balanced meal.,30
R01076,Indian Masoor Dal Cucumber/Kheera Curry Roti,Dinner,Indian,Vegan,Whole Wheat Flour | Masoor Dal | Cucumber/Kheera | Tomato/Tamatar,Prepare the matched ingredients together and serve as a balanced meal.,30
R01077,Indian Masoor Dal Broccoli Curry Roti,Dinner,Indian,Vegan,Whole Wheat Flour | Masoor Dal | Broccoli | Tomato/Tamatar,Prepare the matched ingredients together and serve as a balanced meal.,30
R01078,Indian Masoor Dal Mushroom Curry Roti,Dinner,Indian,Vegan,Whole Wheat Flour | Masoor Dal | Mushroom | Tomato/Tamatar,Prepare the matched ingredients together and serve as a balanced meal.,30
R01079,Indian Masoor Dal Corn Curry Roti,Dinner,Indian,Vegan,Whole Wheat Flour | Masoor Dal | Corn | Tomato/Tamatar,Prepare the matched ingredients together and serve as a balanced meal.,30
R01080,Indian Masoor Dal Methi Leaves Curry Roti,Dinner,Indian,Vegan,Whole Wheat Flour | Masoor Dal | Methi Leaves | Tomato/Tamatar,Prepare the matched ingredients together and serve as a balanced meal.,30
R01081,Indian Chana Dal Potato/Aloo Curry Roti,Dinner,Indian,Vegan,Whole Wheat Flour | Chana Dal | Potato/Aloo | Tomato/Tamatar,Prepare the matched ingredients together and serve as a balanced meal.,30
R01082,Indian Chana Dal Carrot/Gajar Curry Roti,Dinner,Indian,Vegan,Whole Wheat Flour | Chana Dal | Carrot/Gajar | Tomato/Tamatar,Prepare the matched ingredients together and serve as a balanced meal.,30
R01083,Indian Chana Dal Green Peas Fresh Curry Roti,Dinner,Indian,Vegan,Whole Wheat Flour | Chana Dal | Green Peas Fresh | Tomato/Tamatar,Prepare the matched ingredients together and serve as a balanced meal.,30
R01084,Indian Chana Dal Spinach/Palak Curry Roti,Dinner,Indian,Vegan,Whole Wheat Flour | Chana Dal | Spinach/Palak | Tomato/Tamatar,Prepare the matched ingredients together and serve as a balanced meal.,30
R01085,Indian Chana Dal Cauliflower/Gobhi Curry Roti,Dinner,Indian,Vegan,Whole Wheat Flour | Chana Dal | Cauliflower/Gobhi | Tomato/Tamatar,Prepare the matched ingredients together and serve as a balanced meal.,30
R01086,Indian Chana Dal Okra/Bhindi Curry Roti,Dinner,Indian,Vegan,Whole Wheat Flour | Chana Dal | Okra/Bhindi | Tomato/Tamatar,Prepare the matched ingredients together and serve as a balanced meal.,30
R01087,Indian Chana Dal Brinjal/Baingan Curry Roti,Dinner,Indian,Vegan,Whole Wheat Flour | Chana Dal | Brinjal/Baingan | Tomato/Tamatar,Prepare the matched ingredients together and serve as a balanced meal.,30
R01088,Indian Chana Dal Capsicum/Bell Pepper Curry Roti,Dinner,Indian,Vegan,Whole Wheat Flour | Chana Dal | Capsicum/Bell Pepper | Tomato/Tamatar,Prepare the matched ingredients together and serve as a balanced meal.,30
R01089,Indian Chana Dal Tomato/Tamatar Curry Roti,Dinner,Indian,Vegan,Whole Wheat Flour | Chana Dal | Tomato/Tamatar,Prepare the matched ingredients together and serve as a balanced meal.,30
R01090,Indian Chana Dal Onion/Pyaz Curry Roti,Dinner,Indian,Vegan,Whole Wheat Flour | Chana Dal | Onion/Pyaz | Tomato/Tamatar,Prepare the matched ingredients together and serve as a balanced meal.,30
R01091,Indian Chana Dal Cucumber/Kheera Curry Roti,Dinner,Indian,Vegan,Whole Wheat Flour | Chana Dal | Cucumber/Kheera | Tomato/Tamatar,Prepare the matched ingredients together and serve as a balanced meal.,30
R01092,Indian Chana Dal Broccoli Curry Roti,Dinner,Indian,Vegan,Whole Wheat Flour | Chana Dal | Broccoli | Tomato/Tamatar,Prepare the matched ingredients together and serve as a balanced meal.,30
R01093,Indian Chana Dal Mushroom Curry Roti,Dinner,Indian,Vegan,Whole Wheat Flour | Chana Dal | Mushroom | Tomato/Tamatar,Prepare the matched ingredients together and serve as a balanced meal.,30
R01094,Indian Chana Dal Corn Curry Roti,Dinner,Indian,Vegan,Whole Wheat Flour | Chana Dal | Corn | Tomato/Tamatar,Prepare the matched ingredients together and serve as a balanced meal.,30
R01095,Indian Chana Dal Methi Leaves Curry Roti,Dinner,Indian,Vegan,Whole Wheat Flour | Chana Dal | Methi Leaves | Tomato/Tamatar,Prepare the matched ingredients together and serve as a balanced meal.,30
R01096,Indian Rajma Potato/Aloo Curry Roti,Dinner,Indian,Vegan,Whole Wheat Flour | Rajma | Potato/Aloo | Tomato/Tamatar,Prepare the matched ingredients together and serve as a balanced meal.,30
R01097,Indian Rajma Carrot/Gajar Curry Roti,Dinner,Indian,Vegan,Whole Wheat Flour | Rajma | Carrot/Gajar | Tomato/Tamatar,Prepare the matched ingredients together and serve as a balanced meal.,30
R01098,Indian Rajma Green Peas Fresh Curry Roti,Dinner,Indian,Vegan,Whole Wheat Flour | Rajma | Green Peas Fresh | Tomato/Tamatar,Prepare the matched ingredients together and serve as a balanced meal.,30
R01099,Indian Rajma Spinach/Palak Curry Roti,Dinner,Indian,Vegan,Whole Wheat Flour | Rajma | Spinach/Palak | Tomato/Tamatar,Prepare the matched ingredients together and serve as a balanced meal.,30
R01100,Indian Rajma Cauliflower/Gobhi Curry Roti,Dinner,Indian,Vegan,Whole Wheat Flour | Rajma | Cauliflower/Gobhi | Tomato/Tamatar,Prepare the matched ingredients together and serve as a balanced meal.,30
R01101,Indian Rajma Okra/Bhindi Curry Roti,Dinner,Indian,Vegan,Whole Wheat Flour | Rajma | Okra/Bhindi | Tomato/Tamatar,Prepare the matched ingredients together and serve as a balanced meal.,30
R01102,Indian Rajma Brinjal/Baingan Curry Roti,Dinner,Indian,Vegan,Whole Wheat Flour | Rajma | Brinjal/Baingan | Tomato/Tamatar,Prepare the matched ingredients together and serve as a balanced meal.,30
R01103,Indian Rajma Capsicum/Bell Pepper Curry Roti,Dinner,Indian,Vegan,Whole Wheat Flour | Rajma | Capsicum/Bell Pepper | Tomato/Tamatar,Prepare the matched ingredients together and serve as a balanced meal.,30
R01104,Indian Rajma Tomato/Tamatar Curry Roti,Dinner,Indian,Vegan,Whole Wheat Flour | Rajma | Tomato/Tamatar,Prepare the matched ingredients together and serve as a balanced meal.,30
R01105,Indian Rajma Onion/Pyaz Curry Roti,Dinner,Indian,Vegan,Whole Wheat Flour | Rajma | Onion/Pyaz | Tomato/Tamatar,Prepare the matched ingredients together and serve as a balanced meal.,30
R01106,Indian Rajma Cucumber/Kheera Curry Roti,Dinner,Indian,Vegan,Whole Wheat Flour | Rajma | Cucumber/Kheera | Tomato/Tamatar,Prepare the matched ingredients together and serve as a balanced meal.,30
R01107,Indian Rajma Broccoli Curry Roti,Dinner,Indian,Vegan,Whole Wheat Flour | Rajma | Broccoli | Tomato/Tamatar,Prepare the matched ingredients together and serve as a balanced meal.,30
R01108,Indian Rajma Mushroom Curry Roti,Dinner,Indian,Vegan,Whole Wheat Flour | Rajma | Mushroom | Tomato/Tamatar,Prepare the matched ingredients together and serve as a balanced meal.,30
R01109,Indian Rajma Corn Curry Roti,Dinner,Indian,Vegan,Whole Wheat Flour | Rajma | Corn | Tomato/Tamatar,Prepare the matched ingredients together and serve as a balanced meal.,30
R01110,Indian Rajma Methi Leaves Curry Roti,Dinner,Indian,Vegan,Whole Wheat Flour | Rajma | Methi Leaves | Tomato/Tamatar,Prepare the matched ingredients together and serve as a balanced meal.,30
R01111,Indian Chickpeas/Kabuli Chana Potato/Aloo Curry Roti,Dinner,Indian,Vegan,Whole Wheat Flour | Chickpeas/Kabuli Chana | Potato/Aloo | Tomato/Tamatar,Prepare the matched ingredients together and serve as a balanced meal.,30
R01112,Indian Chickpeas/Kabuli Chana Carrot/Gajar Curry Roti,Dinner,Indian,Vegan,Whole Wheat Flour | Chickpeas/Kabuli Chana | Carrot/Gajar | Tomato/Tamatar,Prepare the matched ingredients together and serve as a balanced meal.,30
R01113,Indian Chickpeas/Kabuli Chana Green Peas Fresh Curry Roti,Dinner,Indian,Vegan,Whole Wheat Flour | Chickpeas/Kabuli Chana | Green Peas Fresh | Tomato/Tamatar,Prepare the matched ingredients together and serve as a balanced meal.,30
R01114,Indian Chickpeas/Kabuli Chana Spinach/Palak Curry Roti,Dinner,Indian,Vegan,Whole Wheat Flour | Chickpeas/Kabuli Chana | Spinach/Palak | Tomato/Tamatar,Prepare the matched ingredients together and serve as a balanced meal.,30
R01115,Indian Chickpeas/Kabuli Chana Cauliflower/Gobhi Curry Roti,Dinner,Indian,Vegan,Whole Wheat Flour | Chickpeas/Kabuli Chana | Cauliflower/Gobhi | Tomato/Tamatar,Prepare the matched ingredients together and serve as a balanced meal.,30
R01116,Indian Chickpeas/Kabuli Chana Okra/Bhindi Curry Roti,Dinner,Indian,Vegan,Whole Wheat Flour | Chickpeas/Kabuli Chana | Okra/Bhindi | Tomato/Tamatar,Prepare the matched ingredients together and serve as a balanced meal.,30
R01117,Indian Chickpeas/Kabuli Chana Brinjal/Baingan Curry Roti,Dinner,Indian,Vegan,Whole Wheat Flour | Chickpeas/Kabuli Chana | Brinjal/Baingan | Tomato/Tamatar,Prepare the matched ingredients together and serve as a balanced meal.,30
R01118,Indian Chickpeas/Kabuli Chana Capsicum/Bell Pepper Curry Roti,Dinner,Indian,Vegan,Whole Wheat Flour | Chickpeas/Kabuli Chana | Capsicum/Bell Pepper | Tomato/Tamatar,Prepare the matched ingredients together and serve as a balanced meal.,30
R01119,Indian Chickpeas/Kabuli Chana Tomato/Tamatar Curry Roti,Dinner,Indian,Vegan,Whole Wheat Flour | Chickpeas/Kabuli Chana | Tomato/Tamatar,Prepare the matched ingredients together and serve as a balanced meal.,30
R01120,Indian Chickpeas/Kabuli Chana Onion/Pyaz Curry Roti,Dinner,Indian,Vegan,Whole Wheat Flour | Chickpeas/Kabuli Chana | Onion/Pyaz | Tomato/Tamatar,Prepare the matched ingredients together and serve as a balanced meal.,30
R01121,Indian Chickpeas/Kabuli Chana Cucumber/Kheera Curry Roti,Dinner,Indian,Vegan,Whole Wheat Flour | Chickpeas/Kabuli Chana | Cucumber/Kheera | Tomato/Tamatar,Prepare the matched ingredients together and serve as a balanced meal.,30
R01122,Indian Chickpeas/Kabuli Chana Broccoli Curry Roti,Dinner,Indian,Vegan,Whole Wheat Flour | Chickpeas/Kabuli Chana | Broccoli | Tomato/Tamatar,Prepare the matched ingredients together and serve as a balanced meal.,30
R01123,Indian Chickpeas/Kabuli Chana Mushroom Curry Roti,Dinner,Indian,Vegan,Whole Wheat Flour | Chickpeas/Kabuli Chana | Mushroom | Tomato/Tamatar,Prepare the matched ingredients together and serve as a balanced meal.,30
R01124,Indian Chickpeas/Kabuli Chana Corn Curry Roti,Dinner,Indian,Vegan,Whole Wheat Flour | Chickpeas/Kabuli Chana | Corn | Tomato/Tamatar,Prepare the matched ingredients together and serve as a balanced meal.,30
R01125,Indian Chickpeas/Kabuli Chana Methi Leaves Curry Roti,Dinner,Indian,Vegan,Whole Wheat Flour | Chickpeas/Kabuli Chana | Methi Leaves | Tomato/Tamatar,Prepare the matched ingredients together and serve as a balanced meal.,30
R01126,Indian Lobia Potato/Aloo Curry Roti,Dinner,Indian,Vegan,Whole Wheat Flour | Lobia | Potato/Aloo | Tomato/Tamatar,Prepare the matched ingredients together and serve as a balanced meal.,30
R01127,Indian Lobia Carrot/Gajar Curry Roti,Dinner,Indian,Vegan,Whole Wheat Flour | Lobia | Carrot/Gajar | Tomato/Tamatar,Prepare the matched ingredients together and serve as a balanced meal.,30
R01128,Indian Lobia Green Peas Fresh Curry Roti,Dinner,Indian,Vegan,Whole Wheat Flour | Lobia | Green Peas Fresh | Tomato/Tamatar,Prepare the matched ingredients together and serve as a balanced meal.,30
R01129,Indian Lobia Spinach/Palak Curry Roti,Dinner,Indian,Vegan,Whole Wheat Flour | Lobia | Spinach/Palak | Tomato/Tamatar,Prepare the matched ingredients together and serve as a balanced meal.,30
R01130,Indian Lobia Cauliflower/Gobhi Curry Roti,Dinner,Indian,Vegan,Whole Wheat Flour | Lobia | Cauliflower/Gobhi | Tomato/Tamatar,Prepare the matched ingredients together and serve as a balanced meal.,30
R01131,Indian Lobia Okra/Bhindi Curry Roti,Dinner,Indian,Vegan,Whole Wheat Flour | Lobia | Okra/Bhindi | Tomato/Tamatar,Prepare the matched ingredients together and serve as a balanced meal.,30
R01132,Indian Lobia Brinjal/Baingan Curry Roti,Dinner,Indian,Vegan,Whole Wheat Flour | Lobia | Brinjal/Baingan | Tomato/Tamatar,Prepare the matched ingredients together and serve as a balanced meal.,30
R01133,Indian Lobia Capsicum/Bell Pepper Curry Roti,Dinner,Indian,Vegan,Whole Wheat Flour | Lobia | Capsicum/Bell Pepper | Tomato/Tamatar,Prepare the matched ingredients together and serve as a balanced meal.,30
R01134,Indian Lobia Tomato/Tamatar Curry Roti,Dinner,Indian,Vegan,Whole Wheat Flour | Lobia | Tomato/Tamatar,Prepare the matched ingredients together and serve as a balanced meal.,30
R01135,Indian Lobia Onion/Pyaz Curry Roti,Dinner,Indian,Vegan,Whole Wheat Flour | Lobia | Onion/Pyaz | Tomato/Tamatar,Prepare the matched ingredients together and serve as a balanced meal.,30
R01136,Indian Lobia Cucumber/Kheera Curry Roti,Dinner,Indian,Vegan,Whole Wheat Flour | Lobia | Cucumber/Kheera | Tomato/Tamatar,Prepare the matched ingredients together and serve as a balanced meal.,30
R01137,Indian Lobia Broccoli Curry Roti,Dinner,Indian,Vegan,Whole Wheat Flour | Lobia | Broccoli | Tomato/Tamatar,Prepare the matched ingredients together and serve as a balanced meal.,30
R01138,Indian Lobia Mushroom Curry Roti,Dinner,Indian,Vegan,Whole Wheat Flour | Lobia | Mushroom | Tomato/Tamatar,Prepare the matched ingredients together and serve as a balanced meal.,30
R01139,Indian Lobia Corn Curry Roti,Dinner,Indian,Vegan,Whole Wheat Flour | Lobia | Corn | Tomato/Tamatar,Prepare the matched ingredients together and serve as a balanced meal.,30
R01140,Indian Lobia Methi Leaves Curry Roti,Dinner,Indian,Vegan,Whole Wheat Flour | Lobia | Methi Leaves | Tomato/Tamatar,Prepare the matched ingredients together and serve as a balanced meal.,30
R01141,Indian Paneer Potato/Aloo Curry Roti,Dinner,Indian,Vegetarian,Whole Wheat Flour | Paneer | Potato/Aloo | Tomato/Tamatar,Prepare the matched ingredients together and serve as a balanced meal.,30
R01142,Indian Paneer Carrot/Gajar Curry Roti,Dinner,Indian,Vegetarian,Whole Wheat Flour | Paneer | Carrot/Gajar | Tomato/Tamatar,Prepare the matched ingredients together and serve as a balanced meal.,30
R01143,Indian Paneer Green Peas Fresh Curry Roti,Dinner,Indian,Vegetarian,Whole Wheat Flour | Paneer | Green Peas Fresh | Tomato/Tamatar,Prepare the matched ingredients together and serve as a balanced meal.,30
R01144,Indian Paneer Spinach/Palak Curry Roti,Dinner,Indian,Vegetarian,Whole Wheat Flour | Paneer | Spinach/Palak | Tomato/Tamatar,Prepare the matched ingredients together and serve as a balanced meal.,30
R01145,Indian Paneer Cauliflower/Gobhi Curry Roti,Dinner,Indian,Vegetarian,Whole Wheat Flour | Paneer | Cauliflower/Gobhi | Tomato/Tamatar,Prepare the matched ingredients together and serve as a balanced meal.,30
R01146,Indian Paneer Okra/Bhindi Curry Roti,Dinner,Indian,Vegetarian,Whole Wheat Flour | Paneer | Okra/Bhindi | Tomato/Tamatar,Prepare the matched ingredients together and serve as a balanced meal.,30
R01147,Indian Paneer Brinjal/Baingan Curry Roti,Dinner,Indian,Vegetarian,Whole Wheat Flour | Paneer | Brinjal/Baingan | Tomato/Tamatar,Prepare the matched ingredients together and serve as a balanced meal.,30
R01148,Indian Paneer Capsicum/Bell Pepper Curry Roti,Dinner,Indian,Vegetarian,Whole Wheat Flour | Paneer | Capsicum/Bell Pepper | Tomato/Tamatar,Prepare the matched ingredients together and serve as a balanced meal.,30
R01149,Indian Paneer Tomato/Tamatar Curry Roti,Dinner,Indian,Vegetarian,Whole Wheat Flour | Paneer | Tomato/Tamatar,Prepare the matched ingredients together and serve as a balanced meal.,30
R01150,Indian Paneer Onion/Pyaz Curry Roti,Dinner,Indian,Vegetarian,Whole Wheat Flour | Paneer | Onion/Pyaz | Tomato/Tamatar,Prepare the matched ingredients together and serve as a balanced meal.,30
R01151,Indian Paneer Cucumber/Kheera Curry Roti,Dinner,Indian,Vegetarian,Whole Wheat Flour | Paneer | Cucumber/Kheera | Tomato/Tamatar,Prepare the matched ingredients together and serve as a balanced meal.,30
R01152,Indian Paneer Broccoli Curry Roti,Dinner,Indian,Vegetarian,Whole Wheat Flour | Paneer | Broccoli | Tomato/Tamatar,Prepare the matched ingredients together and serve as a balanced meal.,30
R01153,Indian Paneer Mushroom Curry Roti,Dinner,Indian,Vegetarian,Whole Wheat Flour | Paneer | Mushroom | Tomato/Tamatar,Prepare the matched ingredients together and serve as a balanced meal.,30
R01154,Indian Paneer Corn Curry Roti,Dinner,Indian,Vegetarian,Whole Wheat Flour | Paneer | Corn | Tomato/Tamatar,Prepare the matched ingredients together and serve as a balanced meal.,30
R01155,Indian Paneer Methi Leaves Curry Roti,Dinner,Indian,Vegetarian,Whole Wheat Flour | Paneer | Methi Leaves | Tomato/Tamatar,Prepare the matched ingredients together and serve as a balanced meal.,30
R01156,Indian Tofu Potato/Aloo Curry Roti,Dinner,Indian,Vegan,Whole Wheat Flour | Tofu | Potato/Aloo | Tomato/Tamatar,Prepare the matched ingredients together and serve as a balanced meal.,30
R01157,Indian Tofu Carrot/Gajar Curry Roti,Dinner,Indian,Vegan,Whole Wheat Flour | Tofu | Carrot/Gajar | Tomato/Tamatar,Prepare the matched ingredients together and serve as a balanced meal.,30
R01158,Indian Tofu Green Peas Fresh Curry Roti,Dinner,Indian,Vegan,Whole Wheat Flour | Tofu | Green Peas Fresh | Tomato/Tamatar,Prepare the matched ingredients together and serve as a balanced meal.,30
R01159,Indian Tofu Spinach/Palak Curry Roti,Dinner,Indian,Vegan,Whole Wheat Flour | Tofu | Spinach/Palak | Tomato/Tamatar,Prepare the matched ingredients together and serve as a balanced meal.,30
R01160,Indian Tofu Cauliflower/Gobhi Curry Roti,Dinner,Indian,Vegan,Whole Wheat Flour | Tofu | Cauliflower/Gobhi | Tomato/Tamatar,Prepare the matched ingredients together and serve as a balanced meal.,30
R01161,Indian Tofu Okra/Bhindi Curry Roti,Dinner,Indian,Vegan,Whole Wheat Flour | Tofu | Okra/Bhindi | Tomato/Tamatar,Prepare the matched ingredients together and serve as a balanced meal.,30
R01162,Indian Tofu Brinjal/Baingan Curry Roti,Dinner,Indian,Vegan,Whole Wheat Flour | Tofu | Brinjal/Baingan | Tomato/Tamatar,Prepare the matched ingredients together and serve as a balanced meal.,30
R01163,Indian Tofu Capsicum/Bell Pepper Curry Roti,Dinner,Indian,Vegan,Whole Wheat Flour | Tofu | Capsicum/Bell Pepper | Tomato/Tamatar,Prepare the matched ingredients together and serve as a balanced meal.,30
R01164,Indian Tofu Tomato/Tamatar Curry Roti,Dinner,Indian,Vegan,Whole Wheat Flour | Tofu | Tomato/Tamatar,Prepare the matched ingredients together and serve as a balanced meal.,30
R01165,Indian Tofu Onion/Pyaz Curry Roti,Dinner,Indian,Vegan,Whole Wheat Flour | Tofu | Onion/Pyaz | Tomato/Tamatar,Prepare the matched ingredients together and serve as a balanced meal.,30
R01166,Indian Tofu Cucumber/Kheera Curry Roti,Dinner,Indian,Vegan,Whole Wheat Flour | Tofu | Cucumber/Kheera | Tomato/Tamatar,Prepare the matched ingredients together and serve as a balanced meal.,30
R01167,Indian Tofu Broccoli Curry Roti,Dinner,Indian,Vegan,Whole Wheat Flour | Tofu | Broccoli | Tomato/Tamatar,Prepare the matched ingredients together and serve as a balanced meal.,30
R01168,Indian Tofu Mushroom Curry Roti,Dinner,Indian,Vegan,Whole Wheat Flour | Tofu | Mushroom | Tomato/Tamatar,Prepare the matched ingredients together and serve as a balanced meal.,30
R01169,Indian Tofu Corn Curry Roti,Dinner,Indian,Vegan,Whole Wheat Flour | Tofu | Corn | Tomato/Tamatar,Prepare the matched ingredients together and serve as a balanced meal.,30
R01170,Indian Tofu Methi Leaves Curry Roti,Dinner,Indian,Vegan,Whole Wheat Flour | Tofu | Methi Leaves | Tomato/Tamatar,Prepare the matched ingredients together and serve as a balanced meal.,30
R01171,Indian Soya Chunks Potato/Aloo Curry Roti,Dinner,Indian,Vegan,Whole Wheat Flour | Soya Chunks | Potato/Aloo | Tomato/Tamatar,Prepare the matched ingredients together and serve as a balanced meal.,30
R01172,Indian Soya Chunks Carrot/Gajar Curry Roti,Dinner,Indian,Vegan,Whole Wheat Flour | Soya Chunks | Carrot/Gajar | Tomato/Tamatar,Prepare the matched ingredients together and serve as a balanced meal.,30
R01173,Indian Soya Chunks Green Peas Fresh Curry Roti,Dinner,Indian,Vegan,Whole Wheat Flour | Soya Chunks | Green Peas Fresh | Tomato/Tamatar,Prepare the matched ingredients together and serve as a balanced meal.,30
R01174,Indian Soya Chunks Spinach/Palak Curry Roti,Dinner,Indian,Vegan,Whole Wheat Flour | Soya Chunks | Spinach/Palak | Tomato/Tamatar,Prepare the matched ingredients together and serve as a balanced meal.,30
R01175,Indian Soya Chunks Cauliflower/Gobhi Curry Roti,Dinner,Indian,Vegan,Whole Wheat Flour | Soya Chunks | Cauliflower/Gobhi | Tomato/Tamatar,Prepare the matched ingredients together and serve as a balanced meal.,30
R01176,Indian Soya Chunks Okra/Bhindi Curry Roti,Dinner,Indian,Vegan,Whole Wheat Flour | Soya Chunks | Okra/Bhindi | Tomato/Tamatar,Prepare the matched ingredients together and serve as a balanced meal.,30
R01177,Indian Soya Chunks Brinjal/Baingan Curry Roti,Dinner,Indian,Vegan,Whole Wheat Flour | Soya Chunks | Brinjal/Baingan | Tomato/Tamatar,Prepare the matched ingredients together and serve as a balanced meal.,30
R01178,Indian Soya Chunks Capsicum/Bell Pepper Curry Roti,Dinner,Indian,Vegan,Whole Wheat Flour | Soya Chunks | Capsicum/Bell Pepper | Tomato/Tamatar,Prepare the matched ingredients together and serve as a balanced meal.,30
R01179,Indian Soya Chunks Tomato/Tamatar Curry Roti,Dinner,Indian,Vegan,Whole Wheat Flour | Soya Chunks | Tomato/Tamatar,Prepare the matched ingredients together and serve as a balanced meal.,30
R01180,Indian Soya Chunks Onion/Pyaz Curry Roti,Dinner,Indian,Vegan,Whole Wheat Flour | Soya Chunks | Onion/Pyaz | Tomato/Tamatar,Prepare the matched ingredients together and serve as a balanced meal.,30
R01181,Indian Soya Chunks Cucumber/Kheera Curry Roti,Dinner,Indian,Vegan,Whole Wheat Flour | Soya Chunks | Cucumber/Kheera | Tomato/Tamatar,Prepare the matched ingredients together and serve as a balanced meal.,30
R01182,Indian Soya Chunks Broccoli Curry Roti,Dinner,Indian,Vegan,Whole Wheat Flour | Soya Chunks | Broccoli | Tomato/Tamatar,Prepare the matched ingredients together and serve as a balanced meal.,30
R01183,Indian Soya Chunks Mushroom Curry Roti,Dinner,Indian,Vegan,Whole Wheat Flour | Soya Chunks | Mushroom | Tomato/Tamatar,Prepare the matched ingredients together and serve as a balanced meal.,30
R01184,Indian Soya Chunks Corn Curry Roti,Dinner,Indian,Vegan,Whole Wheat Flour | Soya Chunks | Corn | Tomato/Tamatar,Prepare the matched ingredients together and serve as a balanced meal.,30
R01185,Indian Soya Chunks Methi Leaves Curry Roti,Dinner,Indian,Vegan,Whole Wheat Flour | Soya Chunks | Methi Leaves | Tomato/Tamatar,Prepare the matched ingredients together and serve as a balanced meal.,30
R01186,Indian Eggs Potato/Aloo Curry Roti,Dinner,Indian,Non-Vegetarian,Whole Wheat Flour | Eggs | Potato/Aloo | Tomato/Tamatar,Prepare the matched ingredients together and serve as a balanced meal.,30
R01187,Indian Eggs Carrot/Gajar Curry Roti,Dinner,Indian,Non-Vegetarian,Whole Wheat Flour | Eggs | Carrot/Gajar | Tomato/Tamatar,Prepare the matched ingredients together and serve as a balanced meal.,30
R01188,Indian Eggs Green Peas Fresh Curry Roti,Dinner,Indian,Non-Vegetarian,Whole Wheat Flour | Eggs | Green Peas Fresh | Tomato/Tamatar,Prepare the matched ingredients together and serve as a balanced meal.,30
R01189,Indian Eggs Spinach/Palak Curry Roti,Dinner,Indian,Non-Vegetarian,Whole Wheat Flour | Eggs | Spinach/Palak | Tomato/Tamatar,Prepare the matched ingredients together and serve as a balanced meal.,30
R01190,Indian Eggs Cauliflower/Gobhi Curry Roti,Dinner,Indian,Non-Vegetarian,Whole Wheat Flour | Eggs | Cauliflower/Gobhi | Tomato/Tamatar,Prepare the matched ingredients together and serve as a balanced meal.,30
R01191,Indian Eggs Okra/Bhindi Curry Roti,Dinner,Indian,Non-Vegetarian,Whole Wheat Flour | Eggs | Okra/Bhindi | Tomato/Tamatar,Prepare the matched ingredients together and serve as a balanced meal.,30
R01192,Indian Eggs Brinjal/Baingan Curry Roti,Dinner,Indian,Non-Vegetarian,Whole Wheat Flour | Eggs | Brinjal/Baingan | Tomato/Tamatar,Prepare the matched ingredients together and serve as a balanced meal.,30
R01193,Indian Eggs Capsicum/Bell Pepper Curry Roti,Dinner,Indian,Non-Vegetarian,Whole Wheat Flour | Eggs | Capsicum/Bell Pepper | Tomato/Tamatar,Prepare the matched ingredients together and serve as a balanced meal.,30
R01194,Indian Eggs Tomato/Tamatar Curry Roti,Dinner,Indian,Non-Vegetarian,Whole Wheat Flour | Eggs | Tomato/Tamatar,Prepare the matched ingredients together and serve as a balanced meal.,30
R01195,Indian Eggs Onion/Pyaz Curry Roti,Dinner,Indian,Non-Vegetarian,Whole Wheat Flour | Eggs | Onion/Pyaz | Tomato/Tamatar,Prepare the matched ingredients together and serve as a balanced meal.,30
R01196,Indian Eggs Cucumber/Kheera Curry Roti,Dinner,Indian,Non-Vegetarian,Whole Wheat Flour | Eggs | Cucumber/Kheera | Tomato/Tamatar,Prepare the matched ingredients together and serve as a balanced meal.,30
R01197,Indian Eggs Broccoli Curry Roti,Dinner,Indian,Non-Vegetarian,Whole Wheat Flour | Eggs | Broccoli | Tomato/Tamatar,Prepare the matched ingredients together and serve as a balanced meal.,30
R01198,Indian Eggs Mushroom Curry Roti,Dinner,Indian,Non-Vegetarian,Whole Wheat Flour | Eggs | Mushroom | Tomato/Tamatar,Prepare the matched ingredients together and serve as a balanced meal.,30
R01199,Indian Eggs Corn Curry Roti,Dinner,Indian,Non-Vegetarian,Whole Wheat Flour | Eggs | Corn | Tomato/Tamatar,Prepare the matched ingredients together and serve as a balanced meal.,30
R01200,Indian Eggs Methi Leaves Curry Roti,Dinner,Indian,Non-Vegetarian,Whole Wheat Flour | Eggs | Methi Leaves | Tomato/Tamatar,Prepare the matched ingredients together and serve as a balanced meal.,30
R01201,Indian Chicken Breast Potato/Aloo Curry Roti,Dinner,Indian,Non-Vegetarian,Whole Wheat Flour | Chicken Breast | Potato/Aloo | Tomato/Tamatar,Prepare the matched ingredients together and serve as a balanced meal.,30
R01202,Indian Chicken Breast Carrot/Gajar Curry Roti,Dinner,Indian,Non-Vegetarian,Whole Wheat Flour | Chicken Breast | Carrot/Gajar | Tomato/Tamatar,Prepare the matched ingredients together and serve as a balanced meal.,30
R01203,Indian Chicken Breast Green Peas Fresh Curry Roti,Dinner,Indian,Non-Vegetarian,Whole Wheat Flour | Chicken Breast | Green Peas Fresh | Tomato/Tamatar,Prepare the matched ingredients together and serve as a balanced meal.,30
R01204,Indian Chicken Breast Spinach/Palak Curry Roti,Dinner,Indian,Non-Vegetarian,Whole Wheat Flour | Chicken Breast | Spinach/Palak | Tomato/Tamatar,Prepare the matched ingredients together and serve as a balanced meal.,30
R01205,Indian Chicken Breast Cauliflower/Gobhi Curry Roti,Dinner,Indian,Non-Vegetarian,Whole Wheat Flour | Chicken Breast | Cauliflower/Gobhi | Tomato/Tamatar,Prepare the matched ingredients together and serve as a balanced meal.,30
R01206,Indian Chicken Breast Okra/Bhindi Curry Roti,Dinner,Indian,Non-Vegetarian,Whole Wheat Flour | Chicken Breast | Okra/Bhindi | Tomato/Tamatar,Prepare the matched ingredients together and serve as a balanced meal.,30
R01207,Indian Chicken Breast Brinjal/Baingan Curry Roti,Dinner,Indian,Non-Vegetarian,Whole Wheat Flour | Chicken Breast | Brinjal/Baingan | Tomato/Tamatar,Prepare the matched ingredients together and serve as a balanced meal.,30
R01208,Indian Chicken Breast Capsicum/Bell Pepper Curry Roti,Dinner,Indian,Non-Vegetarian,Whole Wheat Flour | Chicken Breast | Capsicum/Bell Pepper | Tomato/Tamatar,Prepare the matched ingredients together and serve as a balanced meal.,30
R01209,Indian Chicken Breast Tomato/Tamatar Curry Roti,Dinner,Indian,Non-Vegetarian,Whole Wheat Flour | Chicken Breast | Tomato/Tamatar,Prepare the matched ingredients together and serve as a balanced meal.,30
R01210,Indian Chicken Breast Onion/Pyaz Curry Roti,Dinner,Indian,Non-Vegetarian,Whole Wheat Flour | Chicken Breast | Onion/Pyaz | Tomato/Tamatar,Prepare the matched ingredients together and serve as a balanced meal.,30
R01211,Indian Chicken Breast Cucumber/Kheera Curry Roti,Dinner,Indian,Non-Vegetarian,Whole Wheat Flour | Chicken Breast | Cucumber/Kheera | Tomato/Tamatar,Prepare the matched ingredients together and serve as a balanced meal.,30
R01212,Indian Chicken Breast Broccoli Curry Roti,Dinner,Indian,Non-Vegetarian,Whole Wheat Flour | Chicken Breast | Broccoli | Tomato/Tamatar,Prepare the matched ingredients together and serve as a balanced meal.,30
R01213,Indian Chicken Breast Mushroom Curry Roti,Dinner,Indian,Non-Vegetarian,Whole Wheat Flour | Chicken Breast | Mushroom | Tomato/Tamatar,Prepare the matched ingredients together and serve as a balanced meal.,30
R01214,Indian Chicken Breast Corn Curry Roti,Dinner,Indian,Non-Vegetarian,Whole Wheat Flour | Chicken Breast | Corn | Tomato/Tamatar,Prepare the matched ingredients together and serve as a balanced meal.,30
R01215,Indian Chicken Breast Methi Leaves Curry Roti,Dinner,Indian,Non-Vegetarian,Whole Wheat Flour | Chicken Breast | Methi Leaves | Tomato/Tamatar,Prepare the matched ingredients together and serve as a balanced meal.,30
R01216,Indian Rohu Fish Potato/Aloo Curry Roti,Dinner,Indian,Non-Vegetarian,Whole Wheat Flour | Rohu Fish | Potato/Aloo | Tomato/Tamatar,Prepare the matched ingredients together and serve as a balanced meal.,30
R01217,Indian Rohu Fish Carrot/Gajar Curry Roti,Dinner,Indian,Non-Vegetarian,Whole Wheat Flour | Rohu Fish | Carrot/Gajar | Tomato/Tamatar,Prepare the matched ingredients together and serve as a balanced meal.,30
R01218,Indian Rohu Fish Green Peas Fresh Curry Roti,Dinner,Indian,Non-Vegetarian,Whole Wheat Flour | Rohu Fish | Green Peas Fresh | Tomato/Tamatar,Prepare the matched ingredients together and serve as a balanced meal.,30
R01219,Indian Rohu Fish Spinach/Palak Curry Roti,Dinner,Indian,Non-Vegetarian,Whole Wheat Flour | Rohu Fish | Spinach/Palak | Tomato/Tamatar,Prepare the matched ingredients together and serve as a balanced meal.,30
R01220,Indian Rohu Fish Cauliflower/Gobhi Curry Roti,Dinner,Indian,Non-Vegetarian,Whole Wheat Flour | Rohu Fish | Cauliflower/Gobhi | Tomato/Tamatar,Prepare the matched ingredients together and serve as a balanced meal.,30
R01221,Indian Rohu Fish Okra/Bhindi Curry Roti,Dinner,Indian,Non-Vegetarian,Whole Wheat Flour | Rohu Fish | Okra/Bhindi | Tomato/Tamatar,Prepare the matched ingredients together and serve as a balanced meal.,30
R01222,Indian Rohu Fish Brinjal/Baingan Curry Roti,Dinner,Indian,Non-Vegetarian,Whole Wheat Flour | Rohu Fish | Brinjal/Baingan | Tomato/Tamatar,Prepare the matched ingredients together and serve as a balanced meal.,30
R01223,Indian Rohu Fish Capsicum/Bell Pepper Curry Roti,Dinner,Indian,Non-Vegetarian,Whole Wheat Flour | Rohu Fish | Capsicum/Bell Pepper | Tomato/Tamatar,Prepare the matched ingredients together and serve as a balanced meal.,30
R01224,Indian Rohu Fish Tomato/Tamatar Curry Roti,Dinner,Indian,Non-Vegetarian,Whole Wheat Flour | Rohu Fish | Tomato/Tamatar,Prepare the matched ingredients together and serve as a balanced meal.,30
R01225,Indian Rohu Fish Onion/Pyaz Curry Roti,Dinner,Indian,Non-Vegetarian,Whole Wheat Flour | Rohu Fish | Onion/Pyaz | Tomato/Tamatar,Prepare the matched ingredients together and serve as a balanced meal.,30
R01226,Indian Rohu Fish Cucumber/Kheera Curry Roti,Dinner,Indian,Non-Vegetarian,Whole Wheat Flour | Rohu Fish | Cucumber/Kheera | Tomato/Tamatar,Prepare the matched ingredients together and serve as a balanced meal.,30
R01227,Indian Rohu Fish Broccoli Curry Roti,Dinner,Indian,Non-Vegetarian,Whole Wheat Flour | Rohu Fish | Broccoli | Tomato/Tamatar,Prepare the matched ingredients together and serve as a balanced meal.,30
R01228,Indian Rohu Fish Mushroom Curry Roti,Dinner,Indian,Non-Vegetarian,Whole Wheat Flour | Rohu Fish | Mushroom | Tomato/Tamatar,Prepare the matched ingredients together and serve as a balanced meal.,30
R01229,Indian Rohu Fish Corn Curry Roti,Dinner,Indian,Non-Vegetarian,Whole Wheat Flour | Rohu Fish | Corn | Tomato/Tamatar,Prepare the matched ingredients together and serve as a balanced meal.,30
R01230,Indian Rohu Fish Methi Leaves Curry Roti,Dinner,Indian,Non-Vegetarian,Whole Wheat Flour | Rohu Fish | Methi Leaves | Tomato/Tamatar,Prepare the matched ingredients together and serve as a balanced meal.,30
R01231,Indian Prawns Potato/Aloo Curry Roti,Dinner,Indian,Non-Vegetarian,Whole Wheat Flour | Prawns | Potato/Aloo | Tomato/Tamatar,Prepare the matched ingredients together and serve as a balanced meal.,30
R01232,Indian Prawns Carrot/Gajar Curry Roti,Dinner,Indian,Non-Vegetarian,Whole Wheat Flour | Prawns | Carrot/Gajar | Tomato/Tamatar,Prepare the matched ingredients together and serve as a balanced meal.,30
R01233,Indian Prawns Green Peas Fresh Curry Roti,Dinner,Indian,Non-Vegetarian,Whole Wheat Flour | Prawns | Green Peas Fresh | Tomato/Tamatar,Prepare the matched ingredients together and serve as a balanced meal.,30
R01234,Indian Prawns Spinach/Palak Curry Roti,Dinner,Indian,Non-Vegetarian,Whole Wheat Flour | Prawns | Spinach/Palak | Tomato/Tamatar,Prepare the matched ingredients together and serve as a balanced meal.,30
R01235,Indian Prawns Cauliflower/Gobhi Curry Roti,Dinner,Indian,Non-Vegetarian,Whole Wheat Flour | Prawns | Cauliflower/Gobhi | Tomato/Tamatar,Prepare the matched ingredients together and serve as a balanced meal.,30
R01236,Indian Prawns Okra/Bhindi Curry Roti,Dinner,Indian,Non-Vegetarian,Whole Wheat Flour | Prawns | Okra/Bhindi | Tomato/Tamatar,Prepare the matched ingredients together and serve as a balanced meal.,30
R01237,Indian Prawns Brinjal/Baingan Curry Roti,Dinner,Indian,Non-Vegetarian,Whole Wheat Flour | Prawns | Brinjal/Baingan | Tomato/Tamatar,Prepare the matched ingredients together and serve as a balanced meal.,30
R01238,Indian Prawns Capsicum/Bell Pepper Curry Roti,Dinner,Indian,Non-Vegetarian,Whole Wheat Flour | Prawns | Capsicum/Bell Pepper | Tomato/Tamatar,Prepare the matched ingredients together and serve as a balanced meal.,30
R01239,Indian Prawns Tomato/Tamatar Curry Roti,Dinner,Indian,Non-Vegetarian,Whole Wheat Flour | Prawns | Tomato/Tamatar,Prepare the matched ingredients together and serve as a balanced meal.,30
R01240,Indian Prawns Onion/Pyaz Curry Roti,Dinner,Indian,Non-Vegetarian,Whole Wheat Flour | Prawns | Onion/Pyaz | Tomato/Tamatar,Prepare the matched ingredients together and serve as a balanced meal.,30
R01241,Indian Prawns Cucumber/Kheera Curry Roti,Dinner,Indian,Non-Vegetarian,Whole Wheat Flour | Prawns | Cucumber/Kheera | Tomato/Tamatar,Prepare the matched ingredients together and serve as a balanced meal.,30
R01242,Indian Prawns Broccoli Curry Roti,Dinner,Indian,Non-Vegetarian,Whole Wheat Flour | Prawns | Broccoli | Tomato/Tamatar,Prepare the matched ingredients together and serve as a balanced meal.,30
R01243,Indian Prawns Mushroom Curry Roti,Dinner,Indian,Non-Vegetarian,Whole Wheat Flour | Prawns | Mushroom | Tomato/Tamatar,Prepare the matched ingredients together and serve as a balanced meal.,30
R01244,Indian Prawns Corn Curry Roti,Dinner,Indian,Non-Vegetarian,Whole Wheat Flour | Prawns | Corn | Tomato/Tamatar,Prepare the matched ingredients together and serve as a balanced meal.,30
R01245,Indian Prawns Methi Leaves Curry Roti,Dinner,Indian,Non-Vegetarian,Whole Wheat Flour | Prawns | Methi Leaves | Tomato/Tamatar,Prepare the matched ingredients together and serve as a balanced meal.,30
R01246,Indian Toor Dal Potato/Aloo Dinner Bowl,Dinner,Indian,Vegan,Brown Rice | Toor Dal | Potato/Aloo,Prepare the matched ingredients together and serve as a balanced meal.,30
R01247,Indian Toor Dal Carrot/Gajar Dinner Bowl,Dinner,Indian,Vegan,Brown Rice | Toor Dal | Carrot/Gajar,Prepare the matched ingredients together and serve as a balanced meal.,30
R01248,Indian Toor Dal Green Peas Fresh Dinner Bowl,Dinner,Indian,Vegan,Brown Rice | Toor Dal | Green Peas Fresh,Prepare the matched ingredients together and serve as a balanced meal.,30
R01249,Indian Toor Dal Spinach/Palak Dinner Bowl,Dinner,Indian,Vegan,Brown Rice | Toor Dal | Spinach/Palak,Prepare the matched ingredients together and serve as a balanced meal.,30
R01250,Indian Toor Dal Cauliflower/Gobhi Dinner Bowl,Dinner,Indian,Vegan,Brown Rice | Toor Dal | Cauliflower/Gobhi,Prepare the matched ingredients together and serve as a balanced meal.,30
R01251,Indian Toor Dal Okra/Bhindi Dinner Bowl,Dinner,Indian,Vegan,Brown Rice | Toor Dal | Okra/Bhindi,Prepare the matched ingredients together and serve as a balanced meal.,30
R01252,Indian Toor Dal Brinjal/Baingan Dinner Bowl,Dinner,Indian,Vegan,Brown Rice | Toor Dal | Brinjal/Baingan,Prepare the matched ingredients together and serve as a balanced meal.,30
R01253,Indian Toor Dal Capsicum/Bell Pepper Dinner Bowl,Dinner,Indian,Vegan,Brown Rice | Toor Dal | Capsicum/Bell Pepper,Prepare the matched ingredients together and serve as a balanced meal.,30
R01254,Indian Toor Dal Tomato/Tamatar Dinner Bowl,Dinner,Indian,Vegan,Brown Rice | Toor Dal | Tomato/Tamatar,Prepare the matched ingredients together and serve as a balanced meal.,30
R01255,Indian Toor Dal Onion/Pyaz Dinner Bowl,Dinner,Indian,Vegan,Brown Rice | Toor Dal | Onion/Pyaz,Prepare the matched ingredients together and serve as a balanced meal.,30
R01256,Indian Toor Dal Cucumber/Kheera Dinner Bowl,Dinner,Indian,Vegan,Brown Rice | Toor Dal | Cucumber/Kheera,Prepare the matched ingredients together and serve as a balanced meal.,30
R01257,Indian Toor Dal Broccoli Dinner Bowl,Dinner,Indian,Vegan,Brown Rice | Toor Dal | Broccoli,Prepare the matched ingredients together and serve as a balanced meal.,30
R01258,Indian Toor Dal Mushroom Dinner Bowl,Dinner,Indian,Vegan,Brown Rice | Toor Dal | Mushroom,Prepare the matched ingredients together and serve as a balanced meal.,30
R01259,Indian Toor Dal Corn Dinner Bowl,Dinner,Indian,Vegan,Brown Rice | Toor Dal | Corn,Prepare the matched ingredients together and serve as a balanced meal.,30
R01260,Indian Toor Dal Methi Leaves Dinner Bowl,Dinner,Indian,Vegan,Brown Rice | Toor Dal | Methi Leaves,Prepare the matched ingredients together and serve as a balanced meal.,30
R01261,Indian Moong Dal Potato/Aloo Dinner Bowl,Dinner,Indian,Vegan,Brown Rice | Moong Dal | Potato/Aloo,Prepare the matched ingredients together and serve as a balanced meal.,30
R01262,Indian Moong Dal Carrot/Gajar Dinner Bowl,Dinner,Indian,Vegan,Brown Rice | Moong Dal | Carrot/Gajar,Prepare the matched ingredients together and serve as a balanced meal.,30
R01263,Indian Moong Dal Green Peas Fresh Dinner Bowl,Dinner,Indian,Vegan,Brown Rice | Moong Dal | Green Peas Fresh,Prepare the matched ingredients together and serve as a balanced meal.,30
R01264,Indian Moong Dal Spinach/Palak Dinner Bowl,Dinner,Indian,Vegan,Brown Rice | Moong Dal | Spinach/Palak,Prepare the matched ingredients together and serve as a balanced meal.,30
R01265,Indian Moong Dal Cauliflower/Gobhi Dinner Bowl,Dinner,Indian,Vegan,Brown Rice | Moong Dal | Cauliflower/Gobhi,Prepare the matched ingredients together and serve as a balanced meal.,30
R01266,Indian Moong Dal Okra/Bhindi Dinner Bowl,Dinner,Indian,Vegan,Brown Rice | Moong Dal | Okra/Bhindi,Prepare the matched ingredients together and serve as a balanced meal.,30
R01267,Indian Moong Dal Brinjal/Baingan Dinner Bowl,Dinner,Indian,Vegan,Brown Rice | Moong Dal | Brinjal/Baingan,Prepare the matched ingredients together and serve as a balanced meal.,30
R01268,Indian Moong Dal Capsicum/Bell Pepper Dinner Bowl,Dinner,Indian,Vegan,Brown Rice | Moong Dal | Capsicum/Bell Pepper,Prepare the matched ingredients together and serve as a balanced meal.,30
R01269,Indian Moong Dal Tomato/Tamatar Dinner Bowl,Dinner,Indian,Vegan,Brown Rice | Moong Dal | Tomato/Tamatar,Prepare the matched ingredients together and serve as a balanced meal.,30
R01270,Indian Moong Dal Onion/Pyaz Dinner Bowl,Dinner,Indian,Vegan,Brown Rice | Moong Dal | Onion/Pyaz,Prepare the matched ingredients together and serve as a balanced meal.,30
R01271,Indian Moong Dal Cucumber/Kheera Dinner Bowl,Dinner,Indian,Vegan,Brown Rice | Moong Dal | Cucumber/Kheera,Prepare the matched ingredients together and serve as a balanced meal.,30
R01272,Indian Moong Dal Broccoli Dinner Bowl,Dinner,Indian,Vegan,Brown Rice | Moong Dal | Broccoli,Prepare the matched ingredients together and serve as a balanced meal.,30
R01273,Indian Moong Dal Mushroom Dinner Bowl,Dinner,Indian,Vegan,Brown Rice | Moong Dal | Mushroom,Prepare the matched ingredients together and serve as a balanced meal.,30
R01274,Indian Moong Dal Corn Dinner Bowl,Dinner,Indian,Vegan,Brown Rice | Moong Dal | Corn,Prepare the matched ingredients together and serve as a balanced meal.,30
R01275,Indian Moong Dal Methi Leaves Dinner Bowl,Dinner,Indian,Vegan,Brown Rice | Moong Dal | Methi Leaves,Prepare the matched ingredients together and serve as a balanced meal.,30
R01276,Indian Masoor Dal Potato/Aloo Dinner Bowl,Dinner,Indian,Vegan,Brown Rice | Masoor Dal | Potato/Aloo,Prepare the matched ingredients together and serve as a balanced meal.,30
R01277,Indian Masoor Dal Carrot/Gajar Dinner Bowl,Dinner,Indian,Vegan,Brown Rice | Masoor Dal | Carrot/Gajar,Prepare the matched ingredients together and serve as a balanced meal.,30
R01278,Indian Masoor Dal Green Peas Fresh Dinner Bowl,Dinner,Indian,Vegan,Brown Rice | Masoor Dal | Green Peas Fresh,Prepare the matched ingredients together and serve as a balanced meal.,30
R01279,Indian Masoor Dal Spinach/Palak Dinner Bowl,Dinner,Indian,Vegan,Brown Rice | Masoor Dal | Spinach/Palak,Prepare the matched ingredients together and serve as a balanced meal.,30
R01280,Indian Masoor Dal Cauliflower/Gobhi Dinner Bowl,Dinner,Indian,Vegan,Brown Rice | Masoor Dal | Cauliflower/Gobhi,Prepare the matched ingredients together and serve as a balanced meal.,30
R01281,Indian Masoor Dal Okra/Bhindi Dinner Bowl,Dinner,Indian,Vegan,Brown Rice | Masoor Dal | Okra/Bhindi,Prepare the matched ingredients together and serve as a balanced meal.,30
R01282,Indian Masoor Dal Brinjal/Baingan Dinner Bowl,Dinner,Indian,Vegan,Brown Rice | Masoor Dal | Brinjal/Baingan,Prepare the matched ingredients together and serve as a balanced meal.,30
R01283,Indian Masoor Dal Capsicum/Bell Pepper Dinner Bowl,Dinner,Indian,Vegan,Brown Rice | Masoor Dal | Capsicum/Bell Pepper,Prepare the matched ingredients together and serve as a balanced meal.,30
R01284,Indian Masoor Dal Tomato/Tamatar Dinner Bowl,Dinner,Indian,Vegan,Brown Rice | Masoor Dal | Tomato/Tamatar,Prepare the matched ingredients together and serve as a balanced meal.,30
R01285,Indian Masoor Dal Onion/Pyaz Dinner Bowl,Dinner,Indian,Vegan,Brown Rice | Masoor Dal | Onion/Pyaz,Prepare the matched ingredients together and serve as a balanced meal.,30
R01286,Indian Masoor Dal Cucumber/Kheera Dinner Bowl,Dinner,Indian,Vegan,Brown Rice | Masoor Dal | Cucumber/Kheera,Prepare the matched ingredients together and serve as a balanced meal.,30
R01287,Indian Masoor Dal Broccoli Dinner Bowl,Dinner,Indian,Vegan,Brown Rice | Masoor Dal | Broccoli,Prepare the matched ingredients together and serve as a balanced meal.,30
R01288,Indian Masoor Dal Mushroom Dinner Bowl,Dinner,Indian,Vegan,Brown Rice | Masoor Dal | Mushroom,Prepare the matched ingredients together and serve as a balanced meal.,30
R01289,Indian Masoor Dal Corn Dinner Bowl,Dinner,Indian,Vegan,Brown Rice | Masoor Dal | Corn,Prepare the matched ingredients together and serve as a balanced meal.,30
R01290,Indian Masoor Dal Methi Leaves Dinner Bowl,Dinner,Indian,Vegan,Brown Rice | Masoor Dal | Methi Leaves,Prepare the matched ingredients together and serve as a balanced meal.,30
R01291,Indian Chana Dal Potato/Aloo Dinner Bowl,Dinner,Indian,Vegan,Brown Rice | Chana Dal | Potato/Aloo,Prepare the matched ingredients together and serve as a balanced meal.,30
R01292,Indian Chana Dal Carrot/Gajar Dinner Bowl,Dinner,Indian,Vegan,Brown Rice | Chana Dal | Carrot/Gajar,Prepare the matched ingredients together and serve as a balanced meal.,30
R01293,Indian Chana Dal Green Peas Fresh Dinner Bowl,Dinner,Indian,Vegan,Brown Rice | Chana Dal | Green Peas Fresh,Prepare the matched ingredients together and serve as a balanced meal.,30
R01294,Indian Chana Dal Spinach/Palak Dinner Bowl,Dinner,Indian,Vegan,Brown Rice | Chana Dal | Spinach/Palak,Prepare the matched ingredients together and serve as a balanced meal.,30
R01295,Indian Chana Dal Cauliflower/Gobhi Dinner Bowl,Dinner,Indian,Vegan,Brown Rice | Chana Dal | Cauliflower/Gobhi,Prepare the matched ingredients together and serve as a balanced meal.,30
R01296,Indian Chana Dal Okra/Bhindi Dinner Bowl,Dinner,Indian,Vegan,Brown Rice | Chana Dal | Okra/Bhindi,Prepare the matched ingredients together and serve as a balanced meal.,30
R01297,Indian Chana Dal Brinjal/Baingan Dinner Bowl,Dinner,Indian,Vegan,Brown Rice | Chana Dal | Brinjal/Baingan,Prepare the matched ingredients together and serve as a balanced meal.,30
R01298,Indian Chana Dal Capsicum/Bell Pepper Dinner Bowl,Dinner,Indian,Vegan,Brown Rice | Chana Dal | Capsicum/Bell Pepper,Prepare the matched ingredients together and serve as a balanced meal.,30
R01299,Indian Chana Dal Tomato/Tamatar Dinner Bowl,Dinner,Indian,Vegan,Brown Rice | Chana Dal | Tomato/Tamatar,Prepare the matched ingredients together and serve as a balanced meal.,30
R01300,Indian Chana Dal Onion/Pyaz Dinner Bowl,Dinner,Indian,Vegan,Brown Rice | Chana Dal | Onion/Pyaz,Prepare the matched ingredients together and serve as a balanced meal.,30
R01301,Indian Chana Dal Cucumber/Kheera Dinner Bowl,Dinner,Indian,Vegan,Brown Rice | Chana Dal | Cucumber/Kheera,Prepare the matched ingredients together and serve as a balanced meal.,30
R01302,Indian Chana Dal Broccoli Dinner Bowl,Dinner,Indian,Vegan,Brown Rice | Chana Dal | Broccoli,Prepare the matched ingredients together and serve as a balanced meal.,30
R01303,Indian Chana Dal Mushroom Dinner Bowl,Dinner,Indian,Vegan,Brown Rice | Chana Dal | Mushroom,Prepare the matched ingredients together and serve as a balanced meal.,30
R01304,Indian Chana Dal Corn Dinner Bowl,Dinner,Indian,Vegan,Brown Rice | Chana Dal | Corn,Prepare the matched ingredients together and serve as a balanced meal.,30
R01305,Indian Chana Dal Methi Leaves Dinner Bowl,Dinner,Indian,Vegan,Brown Rice | Chana Dal | Methi Leaves,Prepare the matched ingredients together and serve as a balanced meal.,30
R01306,Indian Rajma Potato/Aloo Dinner Bowl,Dinner,Indian,Vegan,Brown Rice | Rajma | Potato/Aloo,Prepare the matched ingredients together and serve as a balanced meal.,30
R01307,Indian Rajma Carrot/Gajar Dinner Bowl,Dinner,Indian,Vegan,Brown Rice | Rajma | Carrot/Gajar,Prepare the matched ingredients together and serve as a balanced meal.,30
R01308,Indian Rajma Green Peas Fresh Dinner Bowl,Dinner,Indian,Vegan,Brown Rice | Rajma | Green Peas Fresh,Prepare the matched ingredients together and serve as a balanced meal.,30
R01309,Indian Rajma Spinach/Palak Dinner Bowl,Dinner,Indian,Vegan,Brown Rice | Rajma | Spinach/Palak,Prepare the matched ingredients together and serve as a balanced meal.,30
R01310,Indian Rajma Cauliflower/Gobhi Dinner Bowl,Dinner,Indian,Vegan,Brown Rice | Rajma | Cauliflower/Gobhi,Prepare the matched ingredients together and serve as a balanced meal.,30
R01311,Indian Rajma Okra/Bhindi Dinner Bowl,Dinner,Indian,Vegan,Brown Rice | Rajma | Okra/Bhindi,Prepare the matched ingredients together and serve as a balanced meal.,30
R01312,Indian Rajma Brinjal/Baingan Dinner Bowl,Dinner,Indian,Vegan,Brown Rice | Rajma | Brinjal/Baingan,Prepare the matched ingredients together and serve as a balanced meal.,30
R01313,Indian Rajma Capsicum/Bell Pepper Dinner Bowl,Dinner,Indian,Vegan,Brown Rice | Rajma | Capsicum/Bell Pepper,Prepare the matched ingredients together and serve as a balanced meal.,30
R01314,Indian Rajma Tomato/Tamatar Dinner Bowl,Dinner,Indian,Vegan,Brown Rice | Rajma | Tomato/Tamatar,Prepare the matched ingredients together and serve as a balanced meal.,30
R01315,Indian Rajma Onion/Pyaz Dinner Bowl,Dinner,Indian,Vegan,Brown Rice | Rajma | Onion/Pyaz,Prepare the matched ingredients together and serve as a balanced meal.,30
R01316,Indian Rajma Cucumber/Kheera Dinner Bowl,Dinner,Indian,Vegan,Brown Rice | Rajma | Cucumber/Kheera,Prepare the matched ingredients together and serve as a balanced meal.,30
R01317,Indian Rajma Broccoli Dinner Bowl,Dinner,Indian,Vegan,Brown Rice | Rajma | Broccoli,Prepare the matched ingredients together and serve as a balanced meal.,30
R01318,Indian Rajma Mushroom Dinner Bowl,Dinner,Indian,Vegan,Brown Rice | Rajma | Mushroom,Prepare the matched ingredients together and serve as a balanced meal.,30
R01319,Indian Rajma Corn Dinner Bowl,Dinner,Indian,Vegan,Brown Rice | Rajma | Corn,Prepare the matched ingredients together and serve as a balanced meal.,30
R01320,Indian Rajma Methi Leaves Dinner Bowl,Dinner,Indian,Vegan,Brown Rice | Rajma | Methi Leaves,Prepare the matched ingredients together and serve as a balanced meal.,30
R01321,Indian Chickpeas/Kabuli Chana Potato/Aloo Dinner Bowl,Dinner,Indian,Vegan,Brown Rice | Chickpeas/Kabuli Chana | Potato/Aloo,Prepare the matched ingredients together and serve as a balanced meal.,30
R01322,Indian Chickpeas/Kabuli Chana Carrot/Gajar Dinner Bowl,Dinner,Indian,Vegan,Brown Rice | Chickpeas/Kabuli Chana | Carrot/Gajar,Prepare the matched ingredients together and serve as a balanced meal.,30
R01323,Indian Chickpeas/Kabuli Chana Green Peas Fresh Dinner Bowl,Dinner,Indian,Vegan,Brown Rice | Chickpeas/Kabuli Chana | Green Peas Fresh,Prepare the matched ingredients together and serve as a balanced meal.,30
R01324,Indian Chickpeas/Kabuli Chana Spinach/Palak Dinner Bowl,Dinner,Indian,Vegan,Brown Rice | Chickpeas/Kabuli Chana | Spinach/Palak,Prepare the matched ingredients together and serve as a balanced meal.,30
R01325,Indian Chickpeas/Kabuli Chana Cauliflower/Gobhi Dinner Bowl,Dinner,Indian,Vegan,Brown Rice | Chickpeas/Kabuli Chana | Cauliflower/Gobhi,Prepare the matched ingredients together and serve as a balanced meal.,30
R01326,Indian Chickpeas/Kabuli Chana Okra/Bhindi Dinner Bowl,Dinner,Indian,Vegan,Brown Rice | Chickpeas/Kabuli Chana | Okra/Bhindi,Prepare the matched ingredients together and serve as a balanced meal.,30
R01327,Indian Chickpeas/Kabuli Chana Brinjal/Baingan Dinner Bowl,Dinner,Indian,Vegan,Brown Rice | Chickpeas/Kabuli Chana | Brinjal/Baingan,Prepare the matched ingredients together and serve as a balanced meal.,30
R01328,Indian Chickpeas/Kabuli Chana Capsicum/Bell Pepper Dinner Bowl,Dinner,Indian,Vegan,Brown Rice | Chickpeas/Kabuli Chana | Capsicum/Bell Pepper,Prepare the matched ingredients together and serve as a balanced meal.,30
R01329,Indian Chickpeas/Kabuli Chana Tomato/Tamatar Dinner Bowl,Dinner,Indian,Vegan,Brown Rice | Chickpeas/Kabuli Chana | Tomato/Tamatar,Prepare the matched ingredients together and serve as a balanced meal.,30
R01330,Indian Chickpeas/Kabuli Chana Onion/Pyaz Dinner Bowl,Dinner,Indian,Vegan,Brown Rice | Chickpeas/Kabuli Chana | Onion/Pyaz,Prepare the matched ingredients together and serve as a balanced meal.,30
R01331,Indian Chickpeas/Kabuli Chana Cucumber/Kheera Dinner Bowl,Dinner,Indian,Vegan,Brown Rice | Chickpeas/Kabuli Chana | Cucumber/Kheera,Prepare the matched ingredients together and serve as a balanced meal.,30
R01332,Indian Chickpeas/Kabuli Chana Broccoli Dinner Bowl,Dinner,Indian,Vegan,Brown Rice | Chickpeas/Kabuli Chana | Broccoli,Prepare the matched ingredients together and serve as a balanced meal.,30
R01333,Indian Chickpeas/Kabuli Chana Mushroom Dinner Bowl,Dinner,Indian,Vegan,Brown Rice | Chickpeas/Kabuli Chana | Mushroom,Prepare the matched ingredients together and serve as a balanced meal.,30
R01334,Indian Chickpeas/Kabuli Chana Corn Dinner Bowl,Dinner,Indian,Vegan,Brown Rice | Chickpeas/Kabuli Chana | Corn,Prepare the matched ingredients together and serve as a balanced meal.,30
R01335,Indian Chickpeas/Kabuli Chana Methi Leaves Dinner Bowl,Dinner,Indian,Vegan,Brown Rice | Chickpeas/Kabuli Chana | Methi Leaves,Prepare the matched ingredients together and serve as a balanced meal.,30
R01336,Indian Lobia Potato/Aloo Dinner Bowl,Dinner,Indian,Vegan,Brown Rice | Lobia | Potato/Aloo,Prepare the matched ingredients together and serve as a balanced meal.,30
R01337,Indian Lobia Carrot/Gajar Dinner Bowl,Dinner,Indian,Vegan,Brown Rice | Lobia | Carrot/Gajar,Prepare the matched ingredients together and serve as a balanced meal.,30
R01338,Indian Lobia Green Peas Fresh Dinner Bowl,Dinner,Indian,Vegan,Brown Rice | Lobia | Green Peas Fresh,Prepare the matched ingredients together and serve as a balanced meal.,30
R01339,Indian Lobia Spinach/Palak Dinner Bowl,Dinner,Indian,Vegan,Brown Rice | Lobia | Spinach/Palak,Prepare the matched ingredients together and serve as a balanced meal.,30
R01340,Indian Lobia Cauliflower/Gobhi Dinner Bowl,Dinner,Indian,Vegan,Brown Rice | Lobia | Cauliflower/Gobhi,Prepare the matched ingredients together and serve as a balanced meal.,30
R01341,Indian Lobia Okra/Bhindi Dinner Bowl,Dinner,Indian,Vegan,Brown Rice | Lobia | Okra/Bhindi,Prepare the matched ingredients together and serve as a balanced meal.,30
R01342,Indian Lobia Brinjal/Baingan Dinner Bowl,Dinner,Indian,Vegan,Brown Rice | Lobia | Brinjal/Baingan,Prepare the matched ingredients together and serve as a balanced meal.,30
R01343,Indian Lobia Capsicum/Bell Pepper Dinner Bowl,Dinner,Indian,Vegan,Brown Rice | Lobia | Capsicum/Bell Pepper,Prepare the matched ingredients together and serve as a balanced meal.,30
R01344,Indian Lobia Tomato/Tamatar Dinner Bowl,Dinner,Indian,Vegan,Brown Rice | Lobia | Tomato/Tamatar,Prepare the matched ingredients together and serve as a balanced meal.,30
R01345,Indian Lobia Onion/Pyaz Dinner Bowl,Dinner,Indian,Vegan,Brown Rice | Lobia | Onion/Pyaz,Prepare the matched ingredients together and serve as a balanced meal.,30
R01346,Indian Lobia Cucumber/Kheera Dinner Bowl,Dinner,Indian,Vegan,Brown Rice | Lobia | Cucumber/Kheera,Prepare the matched ingredients together and serve as a balanced meal.,30
R01347,Indian Lobia Broccoli Dinner Bowl,Dinner,Indian,Vegan,Brown Rice | Lobia | Broccoli,Prepare the matched ingredients together and serve as a balanced meal.,30
R01348,Indian Lobia Mushroom Dinner Bowl,Dinner,Indian,Vegan,Brown Rice | Lobia | Mushroom,Prepare the matched ingredients together and serve as a balanced meal.,30
R01349,Indian Lobia Corn Dinner Bowl,Dinner,Indian,Vegan,Brown Rice | Lobia | Corn,Prepare the matched ingredients together and serve as a balanced meal.,30
R01350,Indian Lobia Methi Leaves Dinner Bowl,Dinner,Indian,Vegan,Brown Rice | Lobia | Methi Leaves,Prepare the matched ingredients together and serve as a balanced meal.,30
R01351,Indian Paneer Potato/Aloo Dinner Bowl,Dinner,Indian,Vegetarian,Brown Rice | Paneer | Potato/Aloo,Prepare the matched ingredients together and serve as a balanced meal.,30
R01352,Indian Paneer Carrot/Gajar Dinner Bowl,Dinner,Indian,Vegetarian,Brown Rice | Paneer | Carrot/Gajar,Prepare the matched ingredients together and serve as a balanced meal.,30
R01353,Indian Paneer Green Peas Fresh Dinner Bowl,Dinner,Indian,Vegetarian,Brown Rice | Paneer | Green Peas Fresh,Prepare the matched ingredients together and serve as a balanced meal.,30
R01354,Indian Paneer Spinach/Palak Dinner Bowl,Dinner,Indian,Vegetarian,Brown Rice | Paneer | Spinach/Palak,Prepare the matched ingredients together and serve as a balanced meal.,30
R01355,Indian Paneer Cauliflower/Gobhi Dinner Bowl,Dinner,Indian,Vegetarian,Brown Rice | Paneer | Cauliflower/Gobhi,Prepare the matched ingredients together and serve as a balanced meal.,30
R01356,Indian Paneer Okra/Bhindi Dinner Bowl,Dinner,Indian,Vegetarian,Brown Rice | Paneer | Okra/Bhindi,Prepare the matched ingredients together and serve as a balanced meal.,30
R01357,Indian Paneer Brinjal/Baingan Dinner Bowl,Dinner,Indian,Vegetarian,Brown Rice | Paneer | Brinjal/Baingan,Prepare the matched ingredients together and serve as a balanced meal.,30
R01358,Indian Paneer Capsicum/Bell Pepper Dinner Bowl,Dinner,Indian,Vegetarian,Brown Rice | Paneer | Capsicum/Bell Pepper,Prepare the matched ingredients together and serve as a balanced meal.,30
R01359,Indian Paneer Tomato/Tamatar Dinner Bowl,Dinner,Indian,Vegetarian,Brown Rice | Paneer | Tomato/Tamatar,Prepare the matched ingredients together and serve as a balanced meal.,30
R01360,Indian Paneer Onion/Pyaz Dinner Bowl,Dinner,Indian,Vegetarian,Brown Rice | Paneer | Onion/Pyaz,Prepare the matched ingredients together and serve as a balanced meal.,30
R01361,Indian Paneer Cucumber/Kheera Dinner Bowl,Dinner,Indian,Vegetarian,Brown Rice | Paneer | Cucumber/Kheera,Prepare the matched ingredients together and serve as a balanced meal.,30
R01362,Indian Paneer Broccoli Dinner Bowl,Dinner,Indian,Vegetarian,Brown Rice | Paneer | Broccoli,Prepare the matched ingredients together and serve as a balanced meal.,30
R01363,Indian Paneer Mushroom Dinner Bowl,Dinner,Indian,Vegetarian,Brown Rice | Paneer | Mushroom,Prepare the matched ingredients together and serve as a balanced meal.,30
R01364,Indian Paneer Corn Dinner Bowl,Dinner,Indian,Vegetarian,Brown Rice | Paneer | Corn,Prepare the matched ingredients together and serve as a balanced meal.,30
R01365,Indian Paneer Methi Leaves Dinner Bowl,Dinner,Indian,Vegetarian,Brown Rice | Paneer | Methi Leaves,Prepare the matched ingredients together and serve as a balanced meal.,30
R01366,Indian Tofu Potato/Aloo Dinner Bowl,Dinner,Indian,Vegan,Brown Rice | Tofu | Potato/Aloo,Prepare the matched ingredients together and serve as a balanced meal.,30
R01367,Indian Tofu Carrot/Gajar Dinner Bowl,Dinner,Indian,Vegan,Brown Rice | Tofu | Carrot/Gajar,Prepare the matched ingredients together and serve as a balanced meal.,30
R01368,Indian Tofu Green Peas Fresh Dinner Bowl,Dinner,Indian,Vegan,Brown Rice | Tofu | Green Peas Fresh,Prepare the matched ingredients together and serve as a balanced meal.,30
R01369,Indian Tofu Spinach/Palak Dinner Bowl,Dinner,Indian,Vegan,Brown Rice | Tofu | Spinach/Palak,Prepare the matched ingredients together and serve as a balanced meal.,30
R01370,Indian Tofu Cauliflower/Gobhi Dinner Bowl,Dinner,Indian,Vegan,Brown Rice | Tofu | Cauliflower/Gobhi,Prepare the matched ingredients together and serve as a balanced meal.,30
R01371,Indian Tofu Okra/Bhindi Dinner Bowl,Dinner,Indian,Vegan,Brown Rice | Tofu | Okra/Bhindi,Prepare the matched ingredients together and serve as a balanced meal.,30
R01372,Indian Tofu Brinjal/Baingan Dinner Bowl,Dinner,Indian,Vegan,Brown Rice | Tofu | Brinjal/Baingan,Prepare the matched ingredients together and serve as a balanced meal.,30
R01373,Indian Tofu Capsicum/Bell Pepper Dinner Bowl,Dinner,Indian,Vegan,Brown Rice | Tofu | Capsicum/Bell Pepper,Prepare the matched ingredients together and serve as a balanced meal.,30
R01374,Indian Tofu Tomato/Tamatar Dinner Bowl,Dinner,Indian,Vegan,Brown Rice | Tofu | Tomato/Tamatar,Prepare the matched ingredients together and serve as a balanced meal.,30
R01375,Indian Tofu Onion/Pyaz Dinner Bowl,Dinner,Indian,Vegan,Brown Rice | Tofu | Onion/Pyaz,Prepare the matched ingredients together and serve as a balanced meal.,30
R01376,Indian Tofu Cucumber/Kheera Dinner Bowl,Dinner,Indian,Vegan,Brown Rice | Tofu | Cucumber/Kheera,Prepare the matched ingredients together and serve as a balanced meal.,30
R01377,Indian Tofu Broccoli Dinner Bowl,Dinner,Indian,Vegan,Brown Rice | Tofu | Broccoli,Prepare the matched ingredients together and serve as a balanced meal.,30
R01378,Indian Tofu Mushroom Dinner Bowl,Dinner,Indian,Vegan,Brown Rice | Tofu | Mushroom,Prepare the matched ingredients together and serve as a balanced meal.,30
R01379,Indian Tofu Corn Dinner Bowl,Dinner,Indian,Vegan,Brown Rice | Tofu | Corn,Prepare the matched ingredients together and serve as a balanced meal.,30
R01380,Indian Tofu Methi Leaves Dinner Bowl,Dinner,Indian,Vegan,Brown Rice | Tofu | Methi Leaves,Prepare the matched ingredients together and serve as a balanced meal.,30
R01381,Indian Soya Chunks Potato/Aloo Dinner Bowl,Dinner,Indian,Vegan,Brown Rice | Soya Chunks | Potato/Aloo,Prepare the matched ingredients together and serve as a balanced meal.,30
R01382,Indian Soya Chunks Carrot/Gajar Dinner Bowl,Dinner,Indian,Vegan,Brown Rice | Soya Chunks | Carrot/Gajar,Prepare the matched ingredients together and serve as a balanced meal.,30
R01383,Indian Soya Chunks Green Peas Fresh Dinner Bowl,Dinner,Indian,Vegan,Brown Rice | Soya Chunks | Green Peas Fresh,Prepare the matched ingredients together and serve as a balanced meal.,30
R01384,Indian Soya Chunks Spinach/Palak Dinner Bowl,Dinner,Indian,Vegan,Brown Rice | Soya Chunks | Spinach/Palak,Prepare the matched ingredients together and serve as a balanced meal.,30
R01385,Indian Soya Chunks Cauliflower/Gobhi Dinner Bowl,Dinner,Indian,Vegan,Brown Rice | Soya Chunks | Cauliflower/Gobhi,Prepare the matched ingredients together and serve as a balanced meal.,30
R01386,Indian Soya Chunks Okra/Bhindi Dinner Bowl,Dinner,Indian,Vegan,Brown Rice | Soya Chunks | Okra/Bhindi,Prepare the matched ingredients together and serve as a balanced meal.,30
R01387,Indian Soya Chunks Brinjal/Baingan Dinner Bowl,Dinner,Indian,Vegan,Brown Rice | Soya Chunks | Brinjal/Baingan,Prepare the matched ingredients together and serve as a balanced meal.,30
R01388,Indian Soya Chunks Capsicum/Bell Pepper Dinner Bowl,Dinner,Indian,Vegan,Brown Rice | Soya Chunks | Capsicum/Bell Pepper,Prepare the matched ingredients together and serve as a balanced meal.,30
R01389,Indian Soya Chunks Tomato/Tamatar Dinner Bowl,Dinner,Indian,Vegan,Brown Rice | Soya Chunks | Tomato/Tamatar,Prepare the matched ingredients together and serve as a balanced meal.,30
R01390,Indian Soya Chunks Onion/Pyaz Dinner Bowl,Dinner,Indian,Vegan,Brown Rice | Soya Chunks | Onion/Pyaz,Prepare the matched ingredients together and serve as a balanced meal.,30
R01391,Indian Soya Chunks Cucumber/Kheera Dinner Bowl,Dinner,Indian,Vegan,Brown Rice | Soya Chunks | Cucumber/Kheera,Prepare the matched ingredients together and serve as a balanced meal.,30
R01392,Indian Soya Chunks Broccoli Dinner Bowl,Dinner,Indian,Vegan,Brown Rice | Soya Chunks | Broccoli,Prepare the matched ingredients together and serve as a balanced meal.,30
R01393,Indian Soya Chunks Mushroom Dinner Bowl,Dinner,Indian,Vegan,Brown Rice | Soya Chunks | Mushroom,Prepare the matched ingredients together and serve as a balanced meal.,30
R01394,Indian Soya Chunks Corn Dinner Bowl,Dinner,Indian,Vegan,Brown Rice | Soya Chunks | Corn,Prepare the matched ingredients together and serve as a balanced meal.,30
R01395,Indian Soya Chunks Methi Leaves Dinner Bowl,Dinner,Indian,Vegan,Brown Rice | Soya Chunks | Methi Leaves,Prepare the matched ingredients together and serve as a balanced meal.,30
R01396,Indian Eggs Potato/Aloo Dinner Bowl,Dinner,Indian,Non-Vegetarian,Brown Rice | Eggs | Potato/Aloo,Prepare the matched ingredients together and serve as a balanced meal.,30
R01397,Indian Eggs Carrot/Gajar Dinner Bowl,Dinner,Indian,Non-Vegetarian,Brown Rice | Eggs | Carrot/Gajar,Prepare the matched ingredients together and serve as a balanced meal.,30
R01398,Indian Eggs Green Peas Fresh Dinner Bowl,Dinner,Indian,Non-Vegetarian,Brown Rice | Eggs | Green Peas Fresh,Prepare the matched ingredients together and serve as a balanced meal.,30
R01399,Indian Eggs Spinach/Palak Dinner Bowl,Dinner,Indian,Non-Vegetarian,Brown Rice | Eggs | Spinach/Palak,Prepare the matched ingredients together and serve as a balanced meal.,30
R01400,Indian Eggs Cauliflower/Gobhi Dinner Bowl,Dinner,Indian,Non-Vegetarian,Brown Rice | Eggs | Cauliflower/Gobhi,Prepare the matched ingredients together and serve as a balanced meal.,30
R01401,Indian Eggs Okra/Bhindi Dinner Bowl,Dinner,Indian,Non-Vegetarian,Brown Rice | Eggs | Okra/Bhindi,Prepare the matched ingredients together and serve as a balanced meal.,30
R01402,Indian Eggs Brinjal/Baingan Dinner Bowl,Dinner,Indian,Non-Vegetarian,Brown Rice | Eggs | Brinjal/Baingan,Prepare the matched ingredients together and serve as a balanced meal.,30
R01403,Indian Eggs Capsicum/Bell Pepper Dinner Bowl,Dinner,Indian,Non-Vegetarian,Brown Rice | Eggs | Capsicum/Bell Pepper,Prepare the matched ingredients together and serve as a balanced meal.,30
R01404,Indian Eggs Tomato/Tamatar Dinner Bowl,Dinner,Indian,Non-Vegetarian,Brown Rice | Eggs | Tomato/Tamatar,Prepare the matched ingredients together and serve as a balanced meal.,30
R01405,Indian Eggs Onion/Pyaz Dinner Bowl,Dinner,Indian,Non-Vegetarian,Brown Rice | Eggs | Onion/Pyaz,Prepare the matched ingredients together and serve as a balanced meal.,30
R01406,Indian Eggs Cucumber/Kheera Dinner Bowl,Dinner,Indian,Non-Vegetarian,Brown Rice | Eggs | Cucumber/Kheera,Prepare the matched ingredients together and serve as a balanced meal.,30
R01407,Indian Eggs Broccoli Dinner Bowl,Dinner,Indian,Non-Vegetarian,Brown Rice | Eggs | Broccoli,Prepare the matched ingredients together and serve as a balanced meal.,30
R01408,Indian Eggs Mushroom Dinner Bowl,Dinner,Indian,Non-Vegetarian,Brown Rice | Eggs | Mushroom,Prepare the matched ingredients together and serve as a balanced meal.,30
R01409,Indian Eggs Corn Dinner Bowl,Dinner,Indian,Non-Vegetarian,Brown Rice | Eggs | Corn,Prepare the matched ingredients together and serve as a balanced meal.,30
R01410,Indian Eggs Methi Leaves Dinner Bowl,Dinner,Indian,Non-Vegetarian,Brown Rice | Eggs | Methi Leaves,Prepare the matched ingredients together and serve as a balanced meal.,30
R01411,Indian Chicken Breast Potato/Aloo Dinner Bowl,Dinner,Indian,Non-Vegetarian,Brown Rice | Chicken Breast | Potato/Aloo,Prepare the matched ingredients together and serve as a balanced meal.,30
R01412,Indian Chicken Breast Carrot/Gajar Dinner Bowl,Dinner,Indian,Non-Vegetarian,Brown Rice | Chicken Breast | Carrot/Gajar,Prepare the matched ingredients together and serve as a balanced meal.,30
R01413,Indian Chicken Breast Green Peas Fresh Dinner Bowl,Dinner,Indian,Non-Vegetarian,Brown Rice | Chicken Breast | Green Peas Fresh,Prepare the matched ingredients together and serve as a balanced meal.,30
R01414,Indian Chicken Breast Spinach/Palak Dinner Bowl,Dinner,Indian,Non-Vegetarian,Brown Rice | Chicken Breast | Spinach/Palak,Prepare the matched ingredients together and serve as a balanced meal.,30
R01415,Indian Chicken Breast Cauliflower/Gobhi Dinner Bowl,Dinner,Indian,Non-Vegetarian,Brown Rice | Chicken Breast | Cauliflower/Gobhi,Prepare the matched ingredients together and serve as a balanced meal.,30
R01416,Indian Chicken Breast Okra/Bhindi Dinner Bowl,Dinner,Indian,Non-Vegetarian,Brown Rice | Chicken Breast | Okra/Bhindi,Prepare the matched ingredients together and serve as a balanced meal.,30
R01417,Indian Chicken Breast Brinjal/Baingan Dinner Bowl,Dinner,Indian,Non-Vegetarian,Brown Rice | Chicken Breast | Brinjal/Baingan,Prepare the matched ingredients together and serve as a balanced meal.,30
R01418,Indian Chicken Breast Capsicum/Bell Pepper Dinner Bowl,Dinner,Indian,Non-Vegetarian,Brown Rice | Chicken Breast | Capsicum/Bell Pepper,Prepare the matched ingredients together and serve as a balanced meal.,30
R01419,Indian Chicken Breast Tomato/Tamatar Dinner Bowl,Dinner,Indian,Non-Vegetarian,Brown Rice | Chicken Breast | Tomato/Tamatar,Prepare the matched ingredients together and serve as a balanced meal.,30
R01420,Indian Chicken Breast Onion/Pyaz Dinner Bowl,Dinner,Indian,Non-Vegetarian,Brown Rice | Chicken Breast | Onion/Pyaz,Prepare the matched ingredients together and serve as a balanced meal.,30
R01421,Indian Chicken Breast Cucumber/Kheera Dinner Bowl,Dinner,Indian,Non-Vegetarian,Brown Rice | Chicken Breast | Cucumber/Kheera,Prepare the matched ingredients together and serve as a balanced meal.,30
R01422,Indian Chicken Breast Broccoli Dinner Bowl,Dinner,Indian,Non-Vegetarian,Brown Rice | Chicken Breast | Broccoli,Prepare the matched ingredients together and serve as a balanced meal.,30
R01423,Indian Chicken Breast Mushroom Dinner Bowl,Dinner,Indian,Non-Vegetarian,Brown Rice | Chicken Breast | Mushroom,Prepare the matched ingredients together and serve as a balanced meal.,30
R01424,Indian Chicken Breast Corn Dinner Bowl,Dinner,Indian,Non-Vegetarian,Brown Rice | Chicken Breast | Corn,Prepare the matched ingredients together and serve as a balanced meal.,30
R01425,Indian Chicken Breast Methi Leaves Dinner Bowl,Dinner,Indian,Non-Vegetarian,Brown Rice | Chicken Breast | Methi Leaves,Prepare the matched ingredients together and serve as a balanced meal.,30
R01426,Indian Rohu Fish Potato/Aloo Dinner Bowl,Dinner,Indian,Non-Vegetarian,Brown Rice | Rohu Fish | Potato/Aloo,Prepare the matched ingredients together and serve as a balanced meal.,30
R01427,Indian Rohu Fish Carrot/Gajar Dinner Bowl,Dinner,Indian,Non-Vegetarian,Brown Rice | Rohu Fish | Carrot/Gajar,Prepare the matched ingredients together and serve as a balanced meal.,30
R01428,Indian Rohu Fish Green Peas Fresh Dinner Bowl,Dinner,Indian,Non-Vegetarian,Brown Rice | Rohu Fish | Green Peas Fresh,Prepare the matched ingredients together and serve as a balanced meal.,30
R01429,Indian Rohu Fish Spinach/Palak Dinner Bowl,Dinner,Indian,Non-Vegetarian,Brown Rice | Rohu Fish | Spinach/Palak,Prepare the matched ingredients together and serve as a balanced meal.,30
R01430,Indian Rohu Fish Cauliflower/Gobhi Dinner Bowl,Dinner,Indian,Non-Vegetarian,Brown Rice | Rohu Fish | Cauliflower/Gobhi,Prepare the matched ingredients together and serve as a balanced meal.,30
R01431,Indian Rohu Fish Okra/Bhindi Dinner Bowl,Dinner,Indian,Non-Vegetarian,Brown Rice | Rohu Fish | Okra/Bhindi,Prepare the matched ingredients together and serve as a balanced meal.,30
R01432,Indian Rohu Fish Brinjal/Baingan Dinner Bowl,Dinner,Indian,Non-Vegetarian,Brown Rice | Rohu Fish | Brinjal/Baingan,Prepare the matched ingredients together and serve as a balanced meal.,30
R01433,Indian Rohu Fish Capsicum/Bell Pepper Dinner Bowl,Dinner,Indian,Non-Vegetarian,Brown Rice | Rohu Fish | Capsicum/Bell Pepper,Prepare the matched ingredients together and serve as a balanced meal.,30
R01434,Indian Rohu Fish Tomato/Tamatar Dinner Bowl,Dinner,Indian,Non-Vegetarian,Brown Rice | Rohu Fish | Tomato/Tamatar,Prepare the matched ingredients together and serve as a balanced meal.,30
R01435,Indian Rohu Fish Onion/Pyaz Dinner Bowl,Dinner,Indian,Non-Vegetarian,Brown Rice | Rohu Fish | Onion/Pyaz,Prepare the matched ingredients together and serve as a balanced meal.,30
R01436,Indian Rohu Fish Cucumber/Kheera Dinner Bowl,Dinner,Indian,Non-Vegetarian,Brown Rice | Rohu Fish | Cucumber/Kheera,Prepare the matched ingredients together and serve as a balanced meal.,30
R01437,Indian Rohu Fish Broccoli Dinner Bowl,Dinner,Indian,Non-Vegetarian,Brown Rice | Rohu Fish | Broccoli,Prepare the matched ingredients together and serve as a balanced meal.,30
R01438,Indian Rohu Fish Mushroom Dinner Bowl,Dinner,Indian,Non-Vegetarian,Brown Rice | Rohu Fish | Mushroom,Prepare the matched ingredients together and serve as a balanced meal.,30
R01439,Indian Rohu Fish Corn Dinner Bowl,Dinner,Indian,Non-Vegetarian,Brown Rice | Rohu Fish | Corn,Prepare the matched ingredients together and serve as a balanced meal.,30
R01440,Indian Rohu Fish Methi Leaves Dinner Bowl,Dinner,Indian,Non-Vegetarian,Brown Rice | Rohu Fish | Methi Leaves,Prepare the matched ingredients together and serve as a balanced meal.,30
R01441,Indian Prawns Potato/Aloo Dinner Bowl,Dinner,Indian,Non-Vegetarian,Brown Rice | Prawns | Potato/Aloo,Prepare the matched ingredients together and serve as a balanced meal.,30
R01442,Indian Prawns Carrot/Gajar Dinner Bowl,Dinner,Indian,Non-Vegetarian,Brown Rice | Prawns | Carrot/Gajar,Prepare the matched ingredients together and serve as a balanced meal.,30
R01443,Indian Prawns Green Peas Fresh Dinner Bowl,Dinner,Indian,Non-Vegetarian,Brown Rice | Prawns | Green Peas Fresh,Prepare the matched ingredients together and serve as a balanced meal.,30
R01444,Indian Prawns Spinach/Palak Dinner Bowl,Dinner,Indian,Non-Vegetarian,Brown Rice | Prawns | Spinach/Palak,Prepare the matched ingredients together and serve as a balanced meal.,30
R01445,Indian Prawns Cauliflower/Gobhi Dinner Bowl,Dinner,Indian,Non-Vegetarian,Brown Rice | Prawns | Cauliflower/Gobhi,Prepare the matched ingredients together and serve as a balanced meal.,30
R01446,Indian Prawns Okra/Bhindi Dinner Bowl,Dinner,Indian,Non-Vegetarian,Brown Rice | Prawns | Okra/Bhindi,Prepare the matched ingredients together and serve as a balanced meal.,30
R01447,Indian Prawns Brinjal/Baingan Dinner Bowl,Dinner,Indian,Non-Vegetarian,Brown Rice | Prawns | Brinjal/Baingan,Prepare the matched ingredients together and serve as a balanced meal.,30
R01448,Indian Prawns Capsicum/Bell Pepper Dinner Bowl,Dinner,Indian,Non-Vegetarian,Brown Rice | Prawns | Capsicum/Bell Pepper,Prepare the matched ingredients together and serve as a balanced meal.,30
R01449,Indian Prawns Tomato/Tamatar Dinner Bowl,Dinner,Indian,Non-Vegetarian,Brown Rice | Prawns | Tomato/Tamatar,Prepare the matched ingredients together and serve as a balanced meal.,30
R01450,Indian Prawns Onion/Pyaz Dinner Bowl,Dinner,Indian,Non-Vegetarian,Brown Rice | Prawns | Onion/Pyaz,Prepare the matched ingredients together and serve as a balanced meal.,30
R01451,Indian Prawns Cucumber/Kheera Dinner Bowl,Dinner,Indian,Non-Vegetarian,Brown Rice | Prawns | Cucumber/Kheera,Prepare the matched ingredients together and serve as a balanced meal.,30
R01452,Indian Prawns Broccoli Dinner Bowl,Dinner,Indian,Non-Vegetarian,Brown Rice | Prawns | Broccoli,Prepare the matched ingredients together and serve as a balanced meal.,30
R01453,Indian Prawns Mushroom Dinner Bowl,Dinner,Indian,Non-Vegetarian,Brown Rice | Prawns | Mushroom,Prepare the matched ingredients together and serve as a balanced meal.,30
R01454,Indian Prawns Corn Dinner Bowl,Dinner,Indian,Non-Vegetarian,Brown Rice | Prawns | Corn,Prepare the matched ingredients together and serve as a balanced meal.,30
R01455,Indian Prawns Methi Leaves Dinner Bowl,Dinner,Indian,Non-Vegetarian,Brown Rice | Prawns | Methi Leaves,Prepare the matched ingredients together and serve as a balanced meal.,30
R01456,Indian Toor Dal Potato/Aloo Dinner Rice,Dinner,Indian,Vegan,Rice | Toor Dal | Potato/Aloo,Prepare the matched ingredients together and serve as a balanced meal.,30
R01457,Indian Toor Dal Carrot/Gajar Dinner Rice,Dinner,Indian,Vegan,Rice | Toor Dal | Carrot/Gajar,Prepare the matched ingredients together and serve as a balanced meal.,30
R01458,Indian Toor Dal Green Peas Fresh Dinner Rice,Dinner,Indian,Vegan,Rice | Toor Dal | Green Peas Fresh,Prepare the matched ingredients together and serve as a balanced meal.,30
R01459,Indian Toor Dal Spinach/Palak Dinner Rice,Dinner,Indian,Vegan,Rice | Toor Dal | Spinach/Palak,Prepare the matched ingredients together and serve as a balanced meal.,30
R01460,Indian Toor Dal Cauliflower/Gobhi Dinner Rice,Dinner,Indian,Vegan,Rice | Toor Dal | Cauliflower/Gobhi,Prepare the matched ingredients together and serve as a balanced meal.,30
R01461,Indian Toor Dal Okra/Bhindi Dinner Rice,Dinner,Indian,Vegan,Rice | Toor Dal | Okra/Bhindi,Prepare the matched ingredients together and serve as a balanced meal.,30
R01462,Indian Toor Dal Brinjal/Baingan Dinner Rice,Dinner,Indian,Vegan,Rice | Toor Dal | Brinjal/Baingan,Prepare the matched ingredients together and serve as a balanced meal.,30
R01463,Indian Toor Dal Capsicum/Bell Pepper Dinner Rice,Dinner,Indian,Vegan,Rice | Toor Dal | Capsicum/Bell Pepper,Prepare the matched ingredients together and serve as a balanced meal.,30
R01464,Indian Toor Dal Tomato/Tamatar Dinner Rice,Dinner,Indian,Vegan,Rice | Toor Dal | Tomato/Tamatar,Prepare the matched ingredients together and serve as a balanced meal.,30
R01465,Indian Toor Dal Onion/Pyaz Dinner Rice,Dinner,Indian,Vegan,Rice | Toor Dal | Onion/Pyaz,Prepare the matched ingredients together and serve as a balanced meal.,30
R01466,Indian Toor Dal Cucumber/Kheera Dinner Rice,Dinner,Indian,Vegan,Rice | Toor Dal | Cucumber/Kheera,Prepare the matched ingredients together and serve as a balanced meal.,30
R01467,Indian Toor Dal Broccoli Dinner Rice,Dinner,Indian,Vegan,Rice | Toor Dal | Broccoli,Prepare the matched ingredients together and serve as a balanced meal.,30
R01468,Indian Toor Dal Mushroom Dinner Rice,Dinner,Indian,Vegan,Rice | Toor Dal | Mushroom,Prepare the matched ingredients together and serve as a balanced meal.,30
R01469,Indian Toor Dal Corn Dinner Rice,Dinner,Indian,Vegan,Rice | Toor Dal | Corn,Prepare the matched ingredients together and serve as a balanced meal.,30
R01470,Indian Toor Dal Methi Leaves Dinner Rice,Dinner,Indian,Vegan,Rice | Toor Dal | Methi Leaves,Prepare the matched ingredients together and serve as a balanced meal.,30
R01471,Indian Moong Dal Potato/Aloo Dinner Rice,Dinner,Indian,Vegan,Rice | Moong Dal | Potato/Aloo,Prepare the matched ingredients together and serve as a balanced meal.,30
R01472,Indian Moong Dal Carrot/Gajar Dinner Rice,Dinner,Indian,Vegan,Rice | Moong Dal | Carrot/Gajar,Prepare the matched ingredients together and serve as a balanced meal.,30
R01473,Indian Moong Dal Green Peas Fresh Dinner Rice,Dinner,Indian,Vegan,Rice | Moong Dal | Green Peas Fresh,Prepare the matched ingredients together and serve as a balanced meal.,30
R01474,Indian Moong Dal Spinach/Palak Dinner Rice,Dinner,Indian,Vegan,Rice | Moong Dal | Spinach/Palak,Prepare the matched ingredients together and serve as a balanced meal.,30
R01475,Indian Moong Dal Cauliflower/Gobhi Dinner Rice,Dinner,Indian,Vegan,Rice | Moong Dal | Cauliflower/Gobhi,Prepare the matched ingredients together and serve as a balanced meal.,30
R01476,Indian Moong Dal Okra/Bhindi Dinner Rice,Dinner,Indian,Vegan,Rice | Moong Dal | Okra/Bhindi,Prepare the matched ingredients together and serve as a balanced meal.,30
R01477,Indian Moong Dal Brinjal/Baingan Dinner Rice,Dinner,Indian,Vegan,Rice | Moong Dal | Brinjal/Baingan,Prepare the matched ingredients together and serve as a balanced meal.,30
R01478,Indian Moong Dal Capsicum/Bell Pepper Dinner Rice,Dinner,Indian,Vegan,Rice | Moong Dal | Capsicum/Bell Pepper,Prepare the matched ingredients together and serve as a balanced meal.,30
R01479,Indian Moong Dal Tomato/Tamatar Dinner Rice,Dinner,Indian,Vegan,Rice | Moong Dal | Tomato/Tamatar,Prepare the matched ingredients together and serve as a balanced meal.,30
R01480,Indian Moong Dal Onion/Pyaz Dinner Rice,Dinner,Indian,Vegan,Rice | Moong Dal | Onion/Pyaz,Prepare the matched ingredients together and serve as a balanced meal.,30
R01481,Indian Moong Dal Cucumber/Kheera Dinner Rice,Dinner,Indian,Vegan,Rice | Moong Dal | Cucumber/Kheera,Prepare the matched ingredients together and serve as a balanced meal.,30
R01482,Indian Moong Dal Broccoli Dinner Rice,Dinner,Indian,Vegan,Rice | Moong Dal | Broccoli,Prepare the matched ingredients together and serve as a balanced meal.,30
R01483,Indian Moong Dal Mushroom Dinner Rice,Dinner,Indian,Vegan,Rice | Moong Dal | Mushroom,Prepare the matched ingredients together and serve as a balanced meal.,30
R01484,Indian Moong Dal Corn Dinner Rice,Dinner,Indian,Vegan,Rice | Moong Dal | Corn,Prepare the matched ingredients together and serve as a balanced meal.,30
R01485,Indian Moong Dal Methi Leaves Dinner Rice,Dinner,Indian,Vegan,Rice | Moong Dal | Methi Leaves,Prepare the matched ingredients together and serve as a balanced meal.,30
R01486,Indian Masoor Dal Potato/Aloo Dinner Rice,Dinner,Indian,Vegan,Rice | Masoor Dal | Potato/Aloo,Prepare the matched ingredients together and serve as a balanced meal.,30
R01487,Indian Masoor Dal Carrot/Gajar Dinner Rice,Dinner,Indian,Vegan,Rice | Masoor Dal | Carrot/Gajar,Prepare the matched ingredients together and serve as a balanced meal.,30
R01488,Indian Masoor Dal Green Peas Fresh Dinner Rice,Dinner,Indian,Vegan,Rice | Masoor Dal | Green Peas Fresh,Prepare the matched ingredients together and serve as a balanced meal.,30
R01489,Indian Masoor Dal Spinach/Palak Dinner Rice,Dinner,Indian,Vegan,Rice | Masoor Dal | Spinach/Palak,Prepare the matched ingredients together and serve as a balanced meal.,30
R01490,Indian Masoor Dal Cauliflower/Gobhi Dinner Rice,Dinner,Indian,Vegan,Rice | Masoor Dal | Cauliflower/Gobhi,Prepare the matched ingredients together and serve as a balanced meal.,30
R01491,Indian Masoor Dal Okra/Bhindi Dinner Rice,Dinner,Indian,Vegan,Rice | Masoor Dal | Okra/Bhindi,Prepare the matched ingredients together and serve as a balanced meal.,30
R01492,Indian Masoor Dal Brinjal/Baingan Dinner Rice,Dinner,Indian,Vegan,Rice | Masoor Dal | Brinjal/Baingan,Prepare the matched ingredients together and serve as a balanced meal.,30
R01493,Indian Masoor Dal Capsicum/Bell Pepper Dinner Rice,Dinner,Indian,Vegan,Rice | Masoor Dal | Capsicum/Bell Pepper,Prepare the matched ingredients together and serve as a balanced meal.,30
R01494,Indian Masoor Dal Tomato/Tamatar Dinner Rice,Dinner,Indian,Vegan,Rice | Masoor Dal | Tomato/Tamatar,Prepare the matched ingredients together and serve as a balanced meal.,30
R01495,Indian Masoor Dal Onion/Pyaz Dinner Rice,Dinner,Indian,Vegan,Rice | Masoor Dal | Onion/Pyaz,Prepare the matched ingredients together and serve as a balanced meal.,30
R01496,Indian Masoor Dal Cucumber/Kheera Dinner Rice,Dinner,Indian,Vegan,Rice | Masoor Dal | Cucumber/Kheera,Prepare the matched ingredients together and serve as a balanced meal.,30
R01497,Indian Masoor Dal Broccoli Dinner Rice,Dinner,Indian,Vegan,Rice | Masoor Dal | Broccoli,Prepare the matched ingredients together and serve as a balanced meal.,30
R01498,Indian Masoor Dal Mushroom Dinner Rice,Dinner,Indian,Vegan,Rice | Masoor Dal | Mushroom,Prepare the matched ingredients together and serve as a balanced meal.,30
R01499,Indian Masoor Dal Corn Dinner Rice,Dinner,Indian,Vegan,Rice | Masoor Dal | Corn,Prepare the matched ingredients together and serve as a balanced meal.,30
R01500,Indian Masoor Dal Methi Leaves Dinner Rice,Dinner,Indian,Vegan,Rice | Masoor Dal | Methi Leaves,Prepare the matched ingredients together and serve as a balanced meal.,30
R01501,Indian Chana Dal Potato/Aloo Dinner Rice,Dinner,Indian,Vegan,Rice | Chana Dal | Potato/Aloo,Prepare the matched ingredients together and serve as a balanced meal.,30
R01502,Indian Chana Dal Carrot/Gajar Dinner Rice,Dinner,Indian,Vegan,Rice | Chana Dal | Carrot/Gajar,Prepare the matched ingredients together and serve as a balanced meal.,30
R01503,Indian Chana Dal Green Peas Fresh Dinner Rice,Dinner,Indian,Vegan,Rice | Chana Dal | Green Peas Fresh,Prepare the matched ingredients together and serve as a balanced meal.,30
R01504,Indian Chana Dal Spinach/Palak Dinner Rice,Dinner,Indian,Vegan,Rice | Chana Dal | Spinach/Palak,Prepare the matched ingredients together and serve as a balanced meal.,30
R01505,Indian Chana Dal Cauliflower/Gobhi Dinner Rice,Dinner,Indian,Vegan,Rice | Chana Dal | Cauliflower/Gobhi,Prepare the matched ingredients together and serve as a balanced meal.,30
R01506,Indian Chana Dal Okra/Bhindi Dinner Rice,Dinner,Indian,Vegan,Rice | Chana Dal | Okra/Bhindi,Prepare the matched ingredients together and serve as a balanced meal.,30
R01507,Indian Chana Dal Brinjal/Baingan Dinner Rice,Dinner,Indian,Vegan,Rice | Chana Dal | Brinjal/Baingan,Prepare the matched ingredients together and serve as a balanced meal.,30
R01508,Indian Chana Dal Capsicum/Bell Pepper Dinner Rice,Dinner,Indian,Vegan,Rice | Chana Dal | Capsicum/Bell Pepper,Prepare the matched ingredients together and serve as a balanced meal.,30
R01509,Indian Chana Dal Tomato/Tamatar Dinner Rice,Dinner,Indian,Vegan,Rice | Chana Dal | Tomato/Tamatar,Prepare the matched ingredients together and serve as a balanced meal.,30
R01510,Indian Chana Dal Onion/Pyaz Dinner Rice,Dinner,Indian,Vegan,Rice | Chana Dal | Onion/Pyaz,Prepare the matched ingredients together and serve as a balanced meal.,30
R01511,Indian Chana Dal Cucumber/Kheera Dinner Rice,Dinner,Indian,Vegan,Rice | Chana Dal | Cucumber/Kheera,Prepare the matched ingredients together and serve as a balanced meal.,30
R01512,Indian Toor Dal Potato/Aloo Chaat,Snack,Indian,Vegan,Toor Dal | Potato/Aloo | Tomato/Tamatar | Onion/Pyaz,Prepare the matched ingredients together and serve as a balanced meal.,15
R01513,Indian Toor Dal Carrot/Gajar Chaat,Snack,Indian,Vegan,Toor Dal | Carrot/Gajar | Tomato/Tamatar | Onion/Pyaz,Prepare the matched ingredients together and serve as a balanced meal.,15
R01514,Indian Toor Dal Green Peas Fresh Chaat,Snack,Indian,Vegan,Toor Dal | Green Peas Fresh | Tomato/Tamatar | Onion/Pyaz,Prepare the matched ingredients together and serve as a balanced meal.,15
R01515,Indian Toor Dal Spinach/Palak Chaat,Snack,Indian,Vegan,Toor Dal | Spinach/Palak | Tomato/Tamatar | Onion/Pyaz,Prepare the matched ingredients together and serve as a balanced meal.,15
R01516,Indian Toor Dal Cauliflower/Gobhi Chaat,Snack,Indian,Vegan,Toor Dal | Cauliflower/Gobhi | Tomato/Tamatar | Onion/Pyaz,Prepare the matched ingredients together and serve as a balanced meal.,15
R01517,Indian Toor Dal Okra/Bhindi Chaat,Snack,Indian,Vegan,Toor Dal | Okra/Bhindi | Tomato/Tamatar | Onion/Pyaz,Prepare the matched ingredients together and serve as a balanced meal.,15
R01518,Indian Toor Dal Brinjal/Baingan Chaat,Snack,Indian,Vegan,Toor Dal | Brinjal/Baingan | Tomato/Tamatar | Onion/Pyaz,Prepare the matched ingredients together and serve as a balanced meal.,15
R01519,Indian Toor Dal Capsicum/Bell Pepper Chaat,Snack,Indian,Vegan,Toor Dal | Capsicum/Bell Pepper | Tomato/Tamatar | Onion/Pyaz,Prepare the matched ingredients together and serve as a balanced meal.,15
R01520,Indian Toor Dal Tomato/Tamatar Chaat,Snack,Indian,Vegan,Toor Dal | Tomato/Tamatar | Onion/Pyaz,Prepare the matched ingredients together and serve as a balanced meal.,15
R01521,Indian Toor Dal Onion/Pyaz Chaat,Snack,Indian,Vegan,Toor Dal | Onion/Pyaz | Tomato/Tamatar,Prepare the matched ingredients together and serve as a balanced meal.,15
R01522,Indian Toor Dal Cucumber/Kheera Chaat,Snack,Indian,Vegan,Toor Dal | Cucumber/Kheera | Tomato/Tamatar | Onion/Pyaz,Prepare the matched ingredients together and serve as a balanced meal.,15
R01523,Indian Toor Dal Broccoli Chaat,Snack,Indian,Vegan,Toor Dal | Broccoli | Tomato/Tamatar | Onion/Pyaz,Prepare the matched ingredients together and serve as a balanced meal.,15
R01524,Indian Toor Dal Mushroom Chaat,Snack,Indian,Vegan,Toor Dal | Mushroom | Tomato/Tamatar | Onion/Pyaz,Prepare the matched ingredients together and serve as a balanced meal.,15
R01525,Indian Toor Dal Corn Chaat,Snack,Indian,Vegan,Toor Dal | Corn | Tomato/Tamatar | Onion/Pyaz,Prepare the matched ingredients together and serve as a balanced meal.,15
R01526,Indian Toor Dal Methi Leaves Chaat,Snack,Indian,Vegan,Toor Dal | Methi Leaves | Tomato/Tamatar | Onion/Pyaz,Prepare the matched ingredients together and serve as a balanced meal.,15
R01527,Indian Moong Dal Potato/Aloo Chaat,Snack,Indian,Vegan,Moong Dal | Potato/Aloo | Tomato/Tamatar | Onion/Pyaz,Prepare the matched ingredients together and serve as a balanced meal.,15
R01528,Indian Moong Dal Carrot/Gajar Chaat,Snack,Indian,Vegan,Moong Dal | Carrot/Gajar | Tomato/Tamatar | Onion/Pyaz,Prepare the matched ingredients together and serve as a balanced meal.,15
R01529,Indian Moong Dal Green Peas Fresh Chaat,Snack,Indian,Vegan,Moong Dal | Green Peas Fresh | Tomato/Tamatar | Onion/Pyaz,Prepare the matched ingredients together and serve as a balanced meal.,15
R01530,Indian Moong Dal Spinach/Palak Chaat,Snack,Indian,Vegan,Moong Dal | Spinach/Palak | Tomato/Tamatar | Onion/Pyaz,Prepare the matched ingredients together and serve as a balanced meal.,15
R01531,Indian Moong Dal Cauliflower/Gobhi Chaat,Snack,Indian,Vegan,Moong Dal | Cauliflower/Gobhi | Tomato/Tamatar | Onion/Pyaz,Prepare the matched ingredients together and serve as a balanced meal.,15
R01532,Indian Moong Dal Okra/Bhindi Chaat,Snack,Indian,Vegan,Moong Dal | Okra/Bhindi | Tomato/Tamatar | Onion/Pyaz,Prepare the matched ingredients together and serve as a balanced meal.,15
R01533,Indian Moong Dal Brinjal/Baingan Chaat,Snack,Indian,Vegan,Moong Dal | Brinjal/Baingan | Tomato/Tamatar | Onion/Pyaz,Prepare the matched ingredients together and serve as a balanced meal.,15
R01534,Indian Moong Dal Capsicum/Bell Pepper Chaat,Snack,Indian,Vegan,Moong Dal | Capsicum/Bell Pepper | Tomato/Tamatar | Onion/Pyaz,Prepare the matched ingredients together and serve as a balanced meal.,15
R01535,Indian Moong Dal Tomato/Tamatar Chaat,Snack,Indian,Vegan,Moong Dal | Tomato/Tamatar | Onion/Pyaz,Prepare the matched ingredients together and serve as a balanced meal.,15
R01536,Indian Moong Dal Onion/Pyaz Chaat,Snack,Indian,Vegan,Moong Dal | Onion/Pyaz | Tomato/Tamatar,Prepare the matched ingredients together and serve as a balanced meal.,15
R01537,Indian Moong Dal Cucumber/Kheera Chaat,Snack,Indian,Vegan,Moong Dal | Cucumber/Kheera | Tomato/Tamatar | Onion/Pyaz,Prepare the matched ingredients together and serve as a balanced meal.,15
R01538,Indian Moong Dal Broccoli Chaat,Snack,Indian,Vegan,Moong Dal | Broccoli | Tomato/Tamatar | Onion/Pyaz,Prepare the matched ingredients together and serve as a balanced meal.,15
R01539,Indian Moong Dal Mushroom Chaat,Snack,Indian,Vegan,Moong Dal | Mushroom | Tomato/Tamatar | Onion/Pyaz,Prepare the matched ingredients together and serve as a balanced meal.,15
R01540,Indian Moong Dal Corn Chaat,Snack,Indian,Vegan,Moong Dal | Corn | Tomato/Tamatar | Onion/Pyaz,Prepare the matched ingredients together and serve as a balanced meal.,15
R01541,Indian Moong Dal Methi Leaves Chaat,Snack,Indian,Vegan,Moong Dal | Methi Leaves | Tomato/Tamatar | Onion/Pyaz,Prepare the matched ingredients together and serve as a balanced meal.,15
R01542,Indian Masoor Dal Potato/Aloo Chaat,Snack,Indian,Vegan,Masoor Dal | Potato/Aloo | Tomato/Tamatar | Onion/Pyaz,Prepare the matched ingredients together and serve as a balanced meal.,15
R01543,Indian Masoor Dal Carrot/Gajar Chaat,Snack,Indian,Vegan,Masoor Dal | Carrot/Gajar | Tomato/Tamatar | Onion/Pyaz,Prepare the matched ingredients together and serve as a balanced meal.,15
R01544,Indian Masoor Dal Green Peas Fresh Chaat,Snack,Indian,Vegan,Masoor Dal | Green Peas Fresh | Tomato/Tamatar | Onion/Pyaz,Prepare the matched ingredients together and serve as a balanced meal.,15
R01545,Indian Masoor Dal Spinach/Palak Chaat,Snack,Indian,Vegan,Masoor Dal | Spinach/Palak | Tomato/Tamatar | Onion/Pyaz,Prepare the matched ingredients together and serve as a balanced meal.,15
R01546,Indian Masoor Dal Cauliflower/Gobhi Chaat,Snack,Indian,Vegan,Masoor Dal | Cauliflower/Gobhi | Tomato/Tamatar | Onion/Pyaz,Prepare the matched ingredients together and serve as a balanced meal.,15
R01547,Indian Masoor Dal Okra/Bhindi Chaat,Snack,Indian,Vegan,Masoor Dal | Okra/Bhindi | Tomato/Tamatar | Onion/Pyaz,Prepare the matched ingredients together and serve as a balanced meal.,15
R01548,Indian Masoor Dal Brinjal/Baingan Chaat,Snack,Indian,Vegan,Masoor Dal | Brinjal/Baingan | Tomato/Tamatar | Onion/Pyaz,Prepare the matched ingredients together and serve as a balanced meal.,15
R01549,Indian Masoor Dal Capsicum/Bell Pepper Chaat,Snack,Indian,Vegan,Masoor Dal | Capsicum/Bell Pepper | Tomato/Tamatar | Onion/Pyaz,Prepare the matched ingredients together and serve as a balanced meal.,15
R01550,Indian Masoor Dal Tomato/Tamatar Chaat,Snack,Indian,Vegan,Masoor Dal | Tomato/Tamatar | Onion/Pyaz,Prepare the matched ingredients together and serve as a balanced meal.,15
R01551,Indian Masoor Dal Onion/Pyaz Chaat,Snack,Indian,Vegan,Masoor Dal | Onion/Pyaz | Tomato/Tamatar,Prepare the matched ingredients together and serve as a balanced meal.,15
R01552,Indian Masoor Dal Cucumber/Kheera Chaat,Snack,Indian,Vegan,Masoor Dal | Cucumber/Kheera | Tomato/Tamatar | Onion/Pyaz,Prepare the matched ingredients together and serve as a balanced meal.,15
R01553,Indian Masoor Dal Broccoli Chaat,Snack,Indian,Vegan,Masoor Dal | Broccoli | Tomato/Tamatar | Onion/Pyaz,Prepare the matched ingredients together and serve as a balanced meal.,15
R01554,Indian Masoor Dal Mushroom Chaat,Snack,Indian,Vegan,Masoor Dal | Mushroom | Tomato/Tamatar | Onion/Pyaz,Prepare the matched ingredients together and serve as a balanced meal.,15
R01555,Indian Masoor Dal Corn Chaat,Snack,Indian,Vegan,Masoor Dal | Corn | Tomato/Tamatar | Onion/Pyaz,Prepare the matched ingredients together and serve as a balanced meal.,15
R01556,Indian Masoor Dal Methi Leaves Chaat,Snack,Indian,Vegan,Masoor Dal | Methi Leaves | Tomato/Tamatar | Onion/Pyaz,Prepare the matched ingredients together and serve as a balanced meal.,15
R01557,Indian Chana Dal Potato/Aloo Chaat,Snack,Indian,Vegan,Chana Dal | Potato/Aloo | Tomato/Tamatar | Onion/Pyaz,Prepare the matched ingredients together and serve as a balanced meal.,15
R01558,Indian Chana Dal Carrot/Gajar Chaat,Snack,Indian,Vegan,Chana Dal | Carrot/Gajar | Tomato/Tamatar | Onion/Pyaz,Prepare the matched ingredients together and serve as a balanced meal.,15
R01559,Indian Chana Dal Green Peas Fresh Chaat,Snack,Indian,Vegan,Chana Dal | Green Peas Fresh | Tomato/Tamatar | Onion/Pyaz,Prepare the matched ingredients together and serve as a balanced meal.,15
R01560,Indian Chana Dal Spinach/Palak Chaat,Snack,Indian,Vegan,Chana Dal | Spinach/Palak | Tomato/Tamatar | Onion/Pyaz,Prepare the matched ingredients together and serve as a balanced meal.,15
R01561,Indian Chana Dal Cauliflower/Gobhi Chaat,Snack,Indian,Vegan,Chana Dal | Cauliflower/Gobhi | Tomato/Tamatar | Onion/Pyaz,Prepare the matched ingredients together and serve as a balanced meal.,15
R01562,Indian Chana Dal Okra/Bhindi Chaat,Snack,Indian,Vegan,Chana Dal | Okra/Bhindi | Tomato/Tamatar | Onion/Pyaz,Prepare the matched ingredients together and serve as a balanced meal.,15
R01563,Indian Chana Dal Brinjal/Baingan Chaat,Snack,Indian,Vegan,Chana Dal | Brinjal/Baingan | Tomato/Tamatar | Onion/Pyaz,Prepare the matched ingredients together and serve as a balanced meal.,15
R01564,Indian Chana Dal Capsicum/Bell Pepper Chaat,Snack,Indian,Vegan,Chana Dal | Capsicum/Bell Pepper | Tomato/Tamatar | Onion/Pyaz,Prepare the matched ingredients together and serve as a balanced meal.,15
R01565,Indian Chana Dal Tomato/Tamatar Chaat,Snack,Indian,Vegan,Chana Dal | Tomato/Tamatar | Onion/Pyaz,Prepare the matched ingredients together and serve as a balanced meal.,15
R01566,Indian Chana Dal Onion/Pyaz Chaat,Snack,Indian,Vegan,Chana Dal | Onion/Pyaz | Tomato/Tamatar,Prepare the matched ingredients together and serve as a balanced meal.,15
R01567,Indian Chana Dal Cucumber/Kheera Chaat,Snack,Indian,Vegan,Chana Dal | Cucumber/Kheera | Tomato/Tamatar | Onion/Pyaz,Prepare the matched ingredients together and serve as a balanced meal.,15
R01568,Indian Chana Dal Broccoli Chaat,Snack,Indian,Vegan,Chana Dal | Broccoli | Tomato/Tamatar | Onion/Pyaz,Prepare the matched ingredients together and serve as a balanced meal.,15
R01569,Indian Chana Dal Mushroom Chaat,Snack,Indian,Vegan,Chana Dal | Mushroom | Tomato/Tamatar | Onion/Pyaz,Prepare the matched ingredients together and serve as a balanced meal.,15
R01570,Indian Chana Dal Corn Chaat,Snack,Indian,Vegan,Chana Dal | Corn | Tomato/Tamatar | Onion/Pyaz,Prepare the matched ingredients together and serve as a balanced meal.,15
R01571,Indian Chana Dal Methi Leaves Chaat,Snack,Indian,Vegan,Chana Dal | Methi Leaves | Tomato/Tamatar | Onion/Pyaz,Prepare the matched ingredients together and serve as a balanced meal.,15
R01572,Indian Rajma Potato/Aloo Chaat,Snack,Indian,Vegan,Rajma | Potato/Aloo | Tomato/Tamatar | Onion/Pyaz,Prepare the matched ingredients together and serve as a balanced meal.,15
R01573,Indian Rajma Carrot/Gajar Chaat,Snack,Indian,Vegan,Rajma | Carrot/Gajar | Tomato/Tamatar | Onion/Pyaz,Prepare the matched ingredients together and serve as a balanced meal.,15
R01574,Indian Rajma Green Peas Fresh Chaat,Snack,Indian,Vegan,Rajma | Green Peas Fresh | Tomato/Tamatar | Onion/Pyaz,Prepare the matched ingredients together and serve as a balanced meal.,15
R01575,Indian Rajma Spinach/Palak Chaat,Snack,Indian,Vegan,Rajma | Spinach/Palak | Tomato/Tamatar | Onion/Pyaz,Prepare the matched ingredients together and serve as a balanced meal.,15
R01576,Indian Rajma Cauliflower/Gobhi Chaat,Snack,Indian,Vegan,Rajma | Cauliflower/Gobhi | Tomato/Tamatar | Onion/Pyaz,Prepare the matched ingredients together and serve as a balanced meal.,15
R01577,Indian Rajma Okra/Bhindi Chaat,Snack,Indian,Vegan,Rajma | Okra/Bhindi | Tomato/Tamatar | Onion/Pyaz,Prepare the matched ingredients together and serve as a balanced meal.,15
R01578,Indian Rajma Brinjal/Baingan Chaat,Snack,Indian,Vegan,Rajma | Brinjal/Baingan | Tomato/Tamatar | Onion/Pyaz,Prepare the matched ingredients together and serve as a balanced meal.,15
R01579,Indian Rajma Capsicum/Bell Pepper Chaat,Snack,Indian,Vegan,Rajma | Capsicum/Bell Pepper | Tomato/Tamatar | Onion/Pyaz,Prepare the matched ingredients together and serve as a balanced meal.,15
R01580,Indian Rajma Tomato/Tamatar Chaat,Snack,Indian,Vegan,Rajma | Tomato/Tamatar | Onion/Pyaz,Prepare the matched ingredients together and serve as a balanced meal.,15
R01581,Indian Rajma Onion/Pyaz Chaat,Snack,Indian,Vegan,Rajma | Onion/Pyaz | Tomato/Tamatar,Prepare the matched ingredients together and serve as a balanced meal.,15
R01582,Indian Rajma Cucumber/Kheera Chaat,Snack,Indian,Vegan,Rajma | Cucumber/Kheera | Tomato/Tamatar | Onion/Pyaz,Prepare the matched ingredients together and serve as a balanced meal.,15
R01583,Indian Rajma Broccoli Chaat,Snack,Indian,Vegan,Rajma | Broccoli | Tomato/Tamatar | Onion/Pyaz,Prepare the matched ingredients together and serve as a balanced meal.,15
R01584,Indian Rajma Mushroom Chaat,Snack,Indian,Vegan,Rajma | Mushroom | Tomato/Tamatar | Onion/Pyaz,Prepare the matched ingredients together and serve as a balanced meal.,15
R01585,Indian Rajma Corn Chaat,Snack,Indian,Vegan,Rajma | Corn | Tomato/Tamatar | Onion/Pyaz,Prepare the matched ingredients together and serve as a balanced meal.,15
R01586,Indian Rajma Methi Leaves Chaat,Snack,Indian,Vegan,Rajma | Methi Leaves | Tomato/Tamatar | Onion/Pyaz,Prepare the matched ingredients together and serve as a balanced meal.,15
R01587,Indian Chickpeas/Kabuli Chana Potato/Aloo Chaat,Snack,Indian,Vegan,Chickpeas/Kabuli Chana | Potato/Aloo | Tomato/Tamatar | Onion/Pyaz,Prepare the matched ingredients together and serve as a balanced meal.,15
R01588,Indian Chickpeas/Kabuli Chana Carrot/Gajar Chaat,Snack,Indian,Vegan,Chickpeas/Kabuli Chana | Carrot/Gajar | Tomato/Tamatar | Onion/Pyaz,Prepare the matched ingredients together and serve as a balanced meal.,15
R01589,Indian Chickpeas/Kabuli Chana Green Peas Fresh Chaat,Snack,Indian,Vegan,Chickpeas/Kabuli Chana | Green Peas Fresh | Tomato/Tamatar | Onion/Pyaz,Prepare the matched ingredients together and serve as a balanced meal.,15
R01590,Indian Chickpeas/Kabuli Chana Spinach/Palak Chaat,Snack,Indian,Vegan,Chickpeas/Kabuli Chana | Spinach/Palak | Tomato/Tamatar | Onion/Pyaz,Prepare the matched ingredients together and serve as a balanced meal.,15
R01591,Indian Chickpeas/Kabuli Chana Cauliflower/Gobhi Chaat,Snack,Indian,Vegan,Chickpeas/Kabuli Chana | Cauliflower/Gobhi | Tomato/Tamatar | Onion/Pyaz,Prepare the matched ingredients together and serve as a balanced meal.,15
R01592,Indian Chickpeas/Kabuli Chana Okra/Bhindi Chaat,Snack,Indian,Vegan,Chickpeas/Kabuli Chana | Okra/Bhindi | Tomato/Tamatar | Onion/Pyaz,Prepare the matched ingredients together and serve as a balanced meal.,15
R01593,Indian Chickpeas/Kabuli Chana Brinjal/Baingan Chaat,Snack,Indian,Vegan,Chickpeas/Kabuli Chana | Brinjal/Baingan | Tomato/Tamatar | Onion/Pyaz,Prepare the matched ingredients together and serve as a balanced meal.,15
R01594,Indian Chickpeas/Kabuli Chana Capsicum/Bell Pepper Chaat,Snack,Indian,Vegan,Chickpeas/Kabuli Chana | Capsicum/Bell Pepper | Tomato/Tamatar | Onion/Pyaz,Prepare the matched ingredients together and serve as a balanced meal.,15
R01595,Indian Chickpeas/Kabuli Chana Tomato/Tamatar Chaat,Snack,Indian,Vegan,Chickpeas/Kabuli Chana | Tomato/Tamatar | Onion/Pyaz,Prepare the matched ingredients together and serve as a balanced meal.,15
R01596,Indian Chickpeas/Kabuli Chana Onion/Pyaz Chaat,Snack,Indian,Vegan,Chickpeas/Kabuli Chana | Onion/Pyaz | Tomato/Tamatar,Prepare the matched ingredients together and serve as a balanced meal.,15
R01597,Indian Chickpeas/Kabuli Chana Cucumber/Kheera Chaat,Snack,Indian,Vegan,Chickpeas/Kabuli Chana | Cucumber/Kheera | Tomato/Tamatar | Onion/Pyaz,Prepare the matched ingredients together and serve as a balanced meal.,15
R01598,Indian Chickpeas/Kabuli Chana Broccoli Chaat,Snack,Indian,Vegan,Chickpeas/Kabuli Chana | Broccoli | Tomato/Tamatar | Onion/Pyaz,Prepare the matched ingredients together and serve as a balanced meal.,15
R01599,Indian Chickpeas/Kabuli Chana Mushroom Chaat,Snack,Indian,Vegan,Chickpeas/Kabuli Chana | Mushroom | Tomato/Tamatar | Onion/Pyaz,Prepare the matched ingredients together and serve as a balanced meal.,15
R01600,Indian Chickpeas/Kabuli Chana Corn Chaat,Snack,Indian,Vegan,Chickpeas/Kabuli Chana | Corn | Tomato/Tamatar | Onion/Pyaz,Prepare the matched ingredients together and serve as a balanced meal.,15
R01601,Indian Chickpeas/Kabuli Chana Methi Leaves Chaat,Snack,Indian,Vegan,Chickpeas/Kabuli Chana | Methi Leaves | Tomato/Tamatar | Onion/Pyaz,Prepare the matched ingredients together and serve as a balanced meal.,15
R01602,Indian Lobia Potato/Aloo Chaat,Snack,Indian,Vegan,Lobia | Potato/Aloo | Tomato/Tamatar | Onion/Pyaz,Prepare the matched ingredients together and serve as a balanced meal.,15
R01603,Indian Lobia Carrot/Gajar Chaat,Snack,Indian,Vegan,Lobia | Carrot/Gajar | Tomato/Tamatar | Onion/Pyaz,Prepare the matched ingredients together and serve as a balanced meal.,15
R01604,Indian Lobia Green Peas Fresh Chaat,Snack,Indian,Vegan,Lobia | Green Peas Fresh | Tomato/Tamatar | Onion/Pyaz,Prepare the matched ingredients together and serve as a balanced meal.,15
R01605,Indian Lobia Spinach/Palak Chaat,Snack,Indian,Vegan,Lobia | Spinach/Palak | Tomato/Tamatar | Onion/Pyaz,Prepare the matched ingredients together and serve as a balanced meal.,15
R01606,Indian Lobia Cauliflower/Gobhi Chaat,Snack,Indian,Vegan,Lobia | Cauliflower/Gobhi | Tomato/Tamatar | Onion/Pyaz,Prepare the matched ingredients together and serve as a balanced meal.,15
R01607,Indian Lobia Okra/Bhindi Chaat,Snack,Indian,Vegan,Lobia | Okra/Bhindi | Tomato/Tamatar | Onion/Pyaz,Prepare the matched ingredients together and serve as a balanced meal.,15
R01608,Indian Lobia Brinjal/Baingan Chaat,Snack,Indian,Vegan,Lobia | Brinjal/Baingan | Tomato/Tamatar | Onion/Pyaz,Prepare the matched ingredients together and serve as a balanced meal.,15
R01609,Indian Lobia Capsicum/Bell Pepper Chaat,Snack,Indian,Vegan,Lobia | Capsicum/Bell Pepper | Tomato/Tamatar | Onion/Pyaz,Prepare the matched ingredients together and serve as a balanced meal.,15
R01610,Indian Lobia Tomato/Tamatar Chaat,Snack,Indian,Vegan,Lobia | Tomato/Tamatar | Onion/Pyaz,Prepare the matched ingredients together and serve as a balanced meal.,15
R01611,Indian Lobia Onion/Pyaz Chaat,Snack,Indian,Vegan,Lobia | Onion/Pyaz | Tomato/Tamatar,Prepare the matched ingredients together and serve as a balanced meal.,15
R01612,Indian Lobia Cucumber/Kheera Chaat,Snack,Indian,Vegan,Lobia | Cucumber/Kheera | Tomato/Tamatar | Onion/Pyaz,Prepare the matched ingredients together and serve as a balanced meal.,15
R01613,Indian Lobia Broccoli Chaat,Snack,Indian,Vegan,Lobia | Broccoli | Tomato/Tamatar | Onion/Pyaz,Prepare the matched ingredients together and serve as a balanced meal.,15
R01614,Indian Lobia Mushroom Chaat,Snack,Indian,Vegan,Lobia | Mushroom | Tomato/Tamatar | Onion/Pyaz,Prepare the matched ingredients together and serve as a balanced meal.,15
R01615,Indian Lobia Corn Chaat,Snack,Indian,Vegan,Lobia | Corn | Tomato/Tamatar | Onion/Pyaz,Prepare the matched ingredients together and serve as a balanced meal.,15
R01616,Indian Lobia Methi Leaves Chaat,Snack,Indian,Vegan,Lobia | Methi Leaves | Tomato/Tamatar | Onion/Pyaz,Prepare the matched ingredients together and serve as a balanced meal.,15
R01617,Indian Paneer Potato/Aloo Chaat,Snack,Indian,Vegan,Paneer | Potato/Aloo | Tomato/Tamatar | Onion/Pyaz,Prepare the matched ingredients together and serve as a balanced meal.,15
R01618,Indian Paneer Carrot/Gajar Chaat,Snack,Indian,Vegan,Paneer | Carrot/Gajar | Tomato/Tamatar | Onion/Pyaz,Prepare the matched ingredients together and serve as a balanced meal.,15
R01619,Indian Paneer Green Peas Fresh Chaat,Snack,Indian,Vegan,Paneer | Green Peas Fresh | Tomato/Tamatar | Onion/Pyaz,Prepare the matched ingredients together and serve as a balanced meal.,15
R01620,Indian Paneer Spinach/Palak Chaat,Snack,Indian,Vegan,Paneer | Spinach/Palak | Tomato/Tamatar | Onion/Pyaz,Prepare the matched ingredients together and serve as a balanced meal.,15
R01621,Indian Paneer Cauliflower/Gobhi Chaat,Snack,Indian,Vegan,Paneer | Cauliflower/Gobhi | Tomato/Tamatar | Onion/Pyaz,Prepare the matched ingredients together and serve as a balanced meal.,15
R01622,Indian Paneer Okra/Bhindi Chaat,Snack,Indian,Vegan,Paneer | Okra/Bhindi | Tomato/Tamatar | Onion/Pyaz,Prepare the matched ingredients together and serve as a balanced meal.,15
R01623,Indian Paneer Brinjal/Baingan Chaat,Snack,Indian,Vegan,Paneer | Brinjal/Baingan | Tomato/Tamatar | Onion/Pyaz,Prepare the matched ingredients together and serve as a balanced meal.,15
R01624,Indian Paneer Capsicum/Bell Pepper Chaat,Snack,Indian,Vegan,Paneer | Capsicum/Bell Pepper | Tomato/Tamatar | Onion/Pyaz,Prepare the matched ingredients together and serve as a balanced meal.,15
R01625,Indian Paneer Tomato/Tamatar Chaat,Snack,Indian,Vegan,Paneer | Tomato/Tamatar | Onion/Pyaz,Prepare the matched ingredients together and serve as a balanced meal.,15
R01626,Indian Paneer Onion/Pyaz Chaat,Snack,Indian,Vegan,Paneer | Onion/Pyaz | Tomato/Tamatar,Prepare the matched ingredients together and serve as a balanced meal.,15
R01627,Indian Paneer Cucumber/Kheera Chaat,Snack,Indian,Vegan,Paneer | Cucumber/Kheera | Tomato/Tamatar | Onion/Pyaz,Prepare the matched ingredients together and serve as a balanced meal.,15
R01628,Indian Paneer Broccoli Chaat,Snack,Indian,Vegan,Paneer | Broccoli | Tomato/Tamatar | Onion/Pyaz,Prepare the matched ingredients together and serve as a balanced meal.,15
R01629,Indian Paneer Mushroom Chaat,Snack,Indian,Vegan,Paneer | Mushroom | Tomato/Tamatar | Onion/Pyaz,Prepare the matched ingredients together and serve as a balanced meal.,15
R01630,Indian Paneer Corn Chaat,Snack,Indian,Vegan,Paneer | Corn | Tomato/Tamatar | Onion/Pyaz,Prepare the matched ingredients together and serve as a balanced meal.,15
R01631,Indian Paneer Methi Leaves Chaat,Snack,Indian,Vegan,Paneer | Methi Leaves | Tomato/Tamatar | Onion/Pyaz,Prepare the matched ingredients together and serve as a balanced meal.,15
R01632,Indian Tofu Potato/Aloo Chaat,Snack,Indian,Vegan,Tofu | Potato/Aloo | Tomato/Tamatar | Onion/Pyaz,Prepare the matched ingredients together and serve as a balanced meal.,15
R01633,Indian Tofu Carrot/Gajar Chaat,Snack,Indian,Vegan,Tofu | Carrot/Gajar | Tomato/Tamatar | Onion/Pyaz,Prepare the matched ingredients together and serve as a balanced meal.,15
R01634,Indian Tofu Green Peas Fresh Chaat,Snack,Indian,Vegan,Tofu | Green Peas Fresh | Tomato/Tamatar | Onion/Pyaz,Prepare the matched ingredients together and serve as a balanced meal.,15
R01635,Indian Tofu Spinach/Palak Chaat,Snack,Indian,Vegan,Tofu | Spinach/Palak | Tomato/Tamatar | Onion/Pyaz,Prepare the matched ingredients together and serve as a balanced meal.,15
R01636,Indian Tofu Cauliflower/Gobhi Chaat,Snack,Indian,Vegan,Tofu | Cauliflower/Gobhi | Tomato/Tamatar | Onion/Pyaz,Prepare the matched ingredients together and serve as a balanced meal.,15
R01637,Indian Tofu Okra/Bhindi Chaat,Snack,Indian,Vegan,Tofu | Okra/Bhindi | Tomato/Tamatar | Onion/Pyaz,Prepare the matched ingredients together and serve as a balanced meal.,15
R01638,Indian Tofu Brinjal/Baingan Chaat,Snack,Indian,Vegan,Tofu | Brinjal/Baingan | Tomato/Tamatar | Onion/Pyaz,Prepare the matched ingredients together and serve as a balanced meal.,15
R01639,Indian Tofu Capsicum/Bell Pepper Chaat,Snack,Indian,Vegan,Tofu | Capsicum/Bell Pepper | Tomato/Tamatar | Onion/Pyaz,Prepare the matched ingredients together and serve as a balanced meal.,15
R01640,Indian Tofu Tomato/Tamatar Chaat,Snack,Indian,Vegan,Tofu | Tomato/Tamatar | Onion/Pyaz,Prepare the matched ingredients together and serve as a balanced meal.,15
R01641,Indian Tofu Onion/Pyaz Chaat,Snack,Indian,Vegan,Tofu | Onion/Pyaz | Tomato/Tamatar,Prepare the matched ingredients together and serve as a balanced meal.,15
R01642,Indian Tofu Cucumber/Kheera Chaat,Snack,Indian,Vegan,Tofu | Cucumber/Kheera | Tomato/Tamatar | Onion/Pyaz,Prepare the matched ingredients together and serve as a balanced meal.,15
R01643,Indian Tofu Broccoli Chaat,Snack,Indian,Vegan,Tofu | Broccoli | Tomato/Tamatar | Onion/Pyaz,Prepare the matched ingredients together and serve as a balanced meal.,15
R01644,Indian Tofu Mushroom Chaat,Snack,Indian,Vegan,Tofu | Mushroom | Tomato/Tamatar | Onion/Pyaz,Prepare the matched ingredients together and serve as a balanced meal.,15
R01645,Indian Tofu Corn Chaat,Snack,Indian,Vegan,Tofu | Corn | Tomato/Tamatar | Onion/Pyaz,Prepare the matched ingredients together and serve as a balanced meal.,15
R01646,Indian Tofu Methi Leaves Chaat,Snack,Indian,Vegan,Tofu | Methi Leaves | Tomato/Tamatar | Onion/Pyaz,Prepare the matched ingredients together and serve as a balanced meal.,15
R01647,Indian Soya Chunks Potato/Aloo Chaat,Snack,Indian,Vegan,Soya Chunks | Potato/Aloo | Tomato/Tamatar | Onion/Pyaz,Prepare the matched ingredients together and serve as a balanced meal.,15
R01648,Indian Soya Chunks Carrot/Gajar Chaat,Snack,Indian,Vegan,Soya Chunks | Carrot/Gajar | Tomato/Tamatar | Onion/Pyaz,Prepare the matched ingredients together and serve as a balanced meal.,15
R01649,Indian Soya Chunks Green Peas Fresh Chaat,Snack,Indian,Vegan,Soya Chunks | Green Peas Fresh | Tomato/Tamatar | Onion/Pyaz,Prepare the matched ingredients together and serve as a balanced meal.,15
R01650,Indian Soya Chunks Spinach/Palak Chaat,Snack,Indian,Vegan,Soya Chunks | Spinach/Palak | Tomato/Tamatar | Onion/Pyaz,Prepare the matched ingredients together and serve as a balanced meal.,15
R01651,Indian Soya Chunks Cauliflower/Gobhi Chaat,Snack,Indian,Vegan,Soya Chunks | Cauliflower/Gobhi | Tomato/Tamatar | Onion/Pyaz,Prepare the matched ingredients together and serve as a balanced meal.,15
R01652,Indian Soya Chunks Okra/Bhindi Chaat,Snack,Indian,Vegan,Soya Chunks | Okra/Bhindi | Tomato/Tamatar | Onion/Pyaz,Prepare the matched ingredients together and serve as a balanced meal.,15
R01653,Indian Soya Chunks Brinjal/Baingan Chaat,Snack,Indian,Vegan,Soya Chunks | Brinjal/Baingan | Tomato/Tamatar | Onion/Pyaz,Prepare the matched ingredients together and serve as a balanced meal.,15
R01654,Indian Soya Chunks Capsicum/Bell Pepper Chaat,Snack,Indian,Vegan,Soya Chunks | Capsicum/Bell Pepper | Tomato/Tamatar | Onion/Pyaz,Prepare the matched ingredients together and serve as a balanced meal.,15
R01655,Indian Soya Chunks Tomato/Tamatar Chaat,Snack,Indian,Vegan,Soya Chunks | Tomato/Tamatar | Onion/Pyaz,Prepare the matched ingredients together and serve as a balanced meal.,15
R01656,Indian Soya Chunks Onion/Pyaz Chaat,Snack,Indian,Vegan,Soya Chunks | Onion/Pyaz | Tomato/Tamatar,Prepare the matched ingredients together and serve as a balanced meal.,15
R01657,Indian Soya Chunks Cucumber/Kheera Chaat,Snack,Indian,Vegan,Soya Chunks | Cucumber/Kheera | Tomato/Tamatar | Onion/Pyaz,Prepare the matched ingredients together and serve as a balanced meal.,15
R01658,Indian Soya Chunks Broccoli Chaat,Snack,Indian,Vegan,Soya Chunks | Broccoli | Tomato/Tamatar | Onion/Pyaz,Prepare the matched ingredients together and serve as a balanced meal.,15
R01659,Indian Soya Chunks Mushroom Chaat,Snack,Indian,Vegan,Soya Chunks | Mushroom | Tomato/Tamatar | Onion/Pyaz,Prepare the matched ingredients together and serve as a balanced meal.,15
R01660,Indian Soya Chunks Corn Chaat,Snack,Indian,Vegan,Soya Chunks | Corn | Tomato/Tamatar | Onion/Pyaz,Prepare the matched ingredients together and serve as a balanced meal.,15
R01661,Indian Soya Chunks Methi Leaves Chaat,Snack,Indian,Vegan,Soya Chunks | Methi Leaves | Tomato/Tamatar | Onion/Pyaz,Prepare the matched ingredients together and serve as a balanced meal.,15
R01662,Indian Eggs Potato/Aloo Chaat,Snack,Indian,Non-Vegetarian,Eggs | Potato/Aloo | Tomato/Tamatar | Onion/Pyaz,Prepare the matched ingredients together and serve as a balanced meal.,15
R01663,Indian Eggs Carrot/Gajar Chaat,Snack,Indian,Non-Vegetarian,Eggs | Carrot/Gajar | Tomato/Tamatar | Onion/Pyaz,Prepare the matched ingredients together and serve as a balanced meal.,15
R01664,Indian Eggs Green Peas Fresh Chaat,Snack,Indian,Non-Vegetarian,Eggs | Green Peas Fresh | Tomato/Tamatar | Onion/Pyaz,Prepare the matched ingredients together and serve as a balanced meal.,15
R01665,Indian Eggs Spinach/Palak Chaat,Snack,Indian,Non-Vegetarian,Eggs | Spinach/Palak | Tomato/Tamatar | Onion/Pyaz,Prepare the matched ingredients together and serve as a balanced meal.,15
R01666,Indian Eggs Cauliflower/Gobhi Chaat,Snack,Indian,Non-Vegetarian,Eggs | Cauliflower/Gobhi | Tomato/Tamatar | Onion/Pyaz,Prepare the matched ingredients together and serve as a balanced meal.,15
R01667,Indian Eggs Okra/Bhindi Chaat,Snack,Indian,Non-Vegetarian,Eggs | Okra/Bhindi | Tomato/Tamatar | Onion/Pyaz,Prepare the matched ingredients together and serve as a balanced meal.,15
R01668,Indian Eggs Brinjal/Baingan Chaat,Snack,Indian,Non-Vegetarian,Eggs | Brinjal/Baingan | Tomato/Tamatar | Onion/Pyaz,Prepare the matched ingredients together and serve as a balanced meal.,15
R01669,Indian Eggs Capsicum/Bell Pepper Chaat,Snack,Indian,Non-Vegetarian,Eggs | Capsicum/Bell Pepper | Tomato/Tamatar | Onion/Pyaz,Prepare the matched ingredients together and serve as a balanced meal.,15
R01670,Indian Eggs Tomato/Tamatar Chaat,Snack,Indian,Non-Vegetarian,Eggs | Tomato/Tamatar | Onion/Pyaz,Prepare the matched ingredients together and serve as a balanced meal.,15
R01671,Indian Eggs Onion/Pyaz Chaat,Snack,Indian,Non-Vegetarian,Eggs | Onion/Pyaz | Tomato/Tamatar,Prepare the matched ingredients together and serve as a balanced meal.,15
R01672,Indian Eggs Cucumber/Kheera Chaat,Snack,Indian,Non-Vegetarian,Eggs | Cucumber/Kheera | Tomato/Tamatar | Onion/Pyaz,Prepare the matched ingredients together and serve as a balanced meal.,15
R01673,Indian Eggs Broccoli Chaat,Snack,Indian,Non-Vegetarian,Eggs | Broccoli | Tomato/Tamatar | Onion/Pyaz,Prepare the matched ingredients together and serve as a balanced meal.,15
R01674,Indian Eggs Mushroom Chaat,Snack,Indian,Non-Vegetarian,Eggs | Mushroom | Tomato/Tamatar | Onion/Pyaz,Prepare the matched ingredients together and serve as a balanced meal.,15
R01675,Indian Eggs Corn Chaat,Snack,Indian,Non-Vegetarian,Eggs | Corn | Tomato/Tamatar | Onion/Pyaz,Prepare the matched ingredients together and serve as a balanced meal.,15
R01676,Indian Eggs Methi Leaves Chaat,Snack,Indian,Non-Vegetarian,Eggs | Methi Leaves | Tomato/Tamatar | Onion/Pyaz,Prepare the matched ingredients together and serve as a balanced meal.,15
R01677,Indian Chicken Breast Potato/Aloo Chaat,Snack,Indian,Non-Vegetarian,Chicken Breast | Potato/Aloo | Tomato/Tamatar | Onion/Pyaz,Prepare the matched ingredients together and serve as a balanced meal.,15
R01678,Indian Chicken Breast Carrot/Gajar Chaat,Snack,Indian,Non-Vegetarian,Chicken Breast | Carrot/Gajar | Tomato/Tamatar | Onion/Pyaz,Prepare the matched ingredients together and serve as a balanced meal.,15
R01679,Indian Chicken Breast Green Peas Fresh Chaat,Snack,Indian,Non-Vegetarian,Chicken Breast | Green Peas Fresh | Tomato/Tamatar | Onion/Pyaz,Prepare the matched ingredients together and serve as a balanced meal.,15
R01680,Indian Chicken Breast Spinach/Palak Chaat,Snack,Indian,Non-Vegetarian,Chicken Breast | Spinach/Palak | Tomato/Tamatar | Onion/Pyaz,Prepare the matched ingredients together and serve as a balanced meal.,15
R01681,Indian Chicken Breast Cauliflower/Gobhi Chaat,Snack,Indian,Non-Vegetarian,Chicken Breast | Cauliflower/Gobhi | Tomato/Tamatar | Onion/Pyaz,Prepare the matched ingredients together and serve as a balanced meal.,15
R01682,Indian Chicken Breast Okra/Bhindi Chaat,Snack,Indian,Non-Vegetarian,Chicken Breast | Okra/Bhindi | Tomato/Tamatar | Onion/Pyaz,Prepare the matched ingredients together and serve as a balanced meal.,15
R01683,Indian Chicken Breast Brinjal/Baingan Chaat,Snack,Indian,Non-Vegetarian,Chicken Breast | Brinjal/Baingan | Tomato/Tamatar | Onion/Pyaz,Prepare the matched ingredients together and serve as a balanced meal.,15
R01684,Indian Chicken Breast Capsicum/Bell Pepper Chaat,Snack,Indian,Non-Vegetarian,Chicken Breast | Capsicum/Bell Pepper | Tomato/Tamatar | Onion/Pyaz,Prepare the matched ingredients together and serve as a balanced meal.,15
R01685,Indian Chicken Breast Tomato/Tamatar Chaat,Snack,Indian,Non-Vegetarian,Chicken Breast | Tomato/Tamatar | Onion/Pyaz,Prepare the matched ingredients together and serve as a balanced meal.,15
R01686,Indian Chicken Breast Onion/Pyaz Chaat,Snack,Indian,Non-Vegetarian,Chicken Breast | Onion/Pyaz | Tomato/Tamatar,Prepare the matched ingredients together and serve as a balanced meal.,15
R01687,Indian Chicken Breast Cucumber/Kheera Chaat,Snack,Indian,Non-Vegetarian,Chicken Breast | Cucumber/Kheera | Tomato/Tamatar | Onion/Pyaz,Prepare the matched ingredients together and serve as a balanced meal.,15
R01688,Indian Chicken Breast Broccoli Chaat,Snack,Indian,Non-Vegetarian,Chicken Breast | Broccoli | Tomato/Tamatar | Onion/Pyaz,Prepare the matched ingredients together and serve as a balanced meal.,15
R01689,Indian Chicken Breast Mushroom Chaat,Snack,Indian,Non-Vegetarian,Chicken Breast | Mushroom | Tomato/Tamatar | Onion/Pyaz,Prepare the matched ingredients together and serve as a balanced meal.,15
R01690,Indian Chicken Breast Corn Chaat,Snack,Indian,Non-Vegetarian,Chicken Breast | Corn | Tomato/Tamatar | Onion/Pyaz,Prepare the matched ingredients together and serve as a balanced meal.,15
R01691,Indian Chicken Breast Methi Leaves Chaat,Snack,Indian,Non-Vegetarian,Chicken Breast | Methi Leaves | Tomato/Tamatar | Onion/Pyaz,Prepare the matched ingredients together and serve as a balanced meal.,15
R01692,Indian Rohu Fish Potato/Aloo Chaat,Snack,Indian,Non-Vegetarian,Rohu Fish | Potato/Aloo | Tomato/Tamatar | Onion/Pyaz,Prepare the matched ingredients together and serve as a balanced meal.,15
R01693,Indian Rohu Fish Carrot/Gajar Chaat,Snack,Indian,Non-Vegetarian,Rohu Fish | Carrot/Gajar | Tomato/Tamatar | Onion/Pyaz,Prepare the matched ingredients together and serve as a balanced meal.,15
R01694,Indian Rohu Fish Green Peas Fresh Chaat,Snack,Indian,Non-Vegetarian,Rohu Fish | Green Peas Fresh | Tomato/Tamatar | Onion/Pyaz,Prepare the matched ingredients together and serve as a balanced meal.,15
R01695,Indian Rohu Fish Spinach/Palak Chaat,Snack,Indian,Non-Vegetarian,Rohu Fish | Spinach/Palak | Tomato/Tamatar | Onion/Pyaz,Prepare the matched ingredients together and serve as a balanced meal.,15
R01696,Indian Rohu Fish Cauliflower/Gobhi Chaat,Snack,Indian,Non-Vegetarian,Rohu Fish | Cauliflower/Gobhi | Tomato/Tamatar | Onion/Pyaz,Prepare the matched ingredients together and serve as a balanced meal.,15
R01697,Indian Rohu Fish Okra/Bhindi Chaat,Snack,Indian,Non-Vegetarian,Rohu Fish | Okra/Bhindi | Tomato/Tamatar | Onion/Pyaz,Prepare the matched ingredients together and serve as a balanced meal.,15
R01698,Indian Rohu Fish Brinjal/Baingan Chaat,Snack,Indian,Non-Vegetarian,Rohu Fish | Brinjal/Baingan | Tomato/Tamatar | Onion/Pyaz,Prepare the matched ingredients together and serve as a balanced meal.,15
R01699,Indian Rohu Fish Capsicum/Bell Pepper Chaat,Snack,Indian,Non-Vegetarian,Rohu Fish | Capsicum/Bell Pepper | Tomato/Tamatar | Onion/Pyaz,Prepare the matched ingredients together and serve as a balanced meal.,15
R01700,Indian Rohu Fish Tomato/Tamatar Chaat,Snack,Indian,Non-Vegetarian,Rohu Fish | Tomato/Tamatar | Onion/Pyaz,Prepare the matched ingredients together and serve as a balanced meal.,15
R01701,Indian Rohu Fish Onion/Pyaz Chaat,Snack,Indian,Non-Vegetarian,Rohu Fish | Onion/Pyaz | Tomato/Tamatar,Prepare the matched ingredients together and serve as a balanced meal.,15
R01702,Indian Rohu Fish Cucumber/Kheera Chaat,Snack,Indian,Non-Vegetarian,Rohu Fish | Cucumber/Kheera | Tomato/Tamatar | Onion/Pyaz,Prepare the matched ingredients together and serve as a balanced meal.,15
R01703,Indian Rohu Fish Broccoli Chaat,Snack,Indian,Non-Vegetarian,Rohu Fish | Broccoli | Tomato/Tamatar | Onion/Pyaz,Prepare the matched ingredients together and serve as a balanced meal.,15
R01704,Indian Rohu Fish Mushroom Chaat,Snack,Indian,Non-Vegetarian,Rohu Fish | Mushroom | Tomato/Tamatar | Onion/Pyaz,Prepare the matched ingredients together and serve as a balanced meal.,15
R01705,Indian Rohu Fish Corn Chaat,Snack,Indian,Non-Vegetarian,Rohu Fish | Corn | Tomato/Tamatar | Onion/Pyaz,Prepare the matched ingredients together and serve as a balanced meal.,15
R01706,Indian Rohu Fish Methi Leaves Chaat,Snack,Indian,Non-Vegetarian,Rohu Fish | Methi Leaves | Tomato/Tamatar | Onion/Pyaz,Prepare the matched ingredients together and serve as a balanced meal.,15
R01707,Indian Prawns Potato/Aloo Chaat,Snack,Indian,Non-Vegetarian,Prawns | Potato/Aloo | Tomato/Tamatar | Onion/Pyaz,Prepare the matched ingredients together and serve as a balanced meal.,15
R01708,Indian Prawns Carrot/Gajar Chaat,Snack,Indian,Non-Vegetarian,Prawns | Carrot/Gajar | Tomato/Tamatar | Onion/Pyaz,Prepare the matched ingredients together and serve as a balanced meal.,15
R01709,Indian Prawns Green Peas Fresh Chaat,Snack,Indian,Non-Vegetarian,Prawns | Green Peas Fresh | Tomato/Tamatar | Onion/Pyaz,Prepare the matched ingredients together and serve as a balanced meal.,15
R01710,Indian Prawns Spinach/Palak Chaat,Snack,Indian,Non-Vegetarian,Prawns | Spinach/Palak | Tomato/Tamatar | Onion/Pyaz,Prepare the matched ingredients together and serve as a balanced meal.,15
R01711,Indian Prawns Cauliflower/Gobhi Chaat,Snack,Indian,Non-Vegetarian,Prawns | Cauliflower/Gobhi | Tomato/Tamatar | Onion/Pyaz,Prepare the matched ingredients together and serve as a balanced meal.,15
R01712,Indian Prawns Okra/Bhindi Chaat,Snack,Indian,Non-Vegetarian,Prawns | Okra/Bhindi | Tomato/Tamatar | Onion/Pyaz,Prepare the matched ingredients together and serve as a balanced meal.,15
R01713,Indian Prawns Brinjal/Baingan Chaat,Snack,Indian,Non-Vegetarian,Prawns | Brinjal/Baingan | Tomato/Tamatar | Onion/Pyaz,Prepare the matched ingredients together and serve as a balanced meal.,15
R01714,Indian Prawns Capsicum/Bell Pepper Chaat,Snack,Indian,Non-Vegetarian,Prawns | Capsicum/Bell Pepper | Tomato/Tamatar | Onion/Pyaz,Prepare the matched ingredients together and serve as a balanced meal.,15
R01715,Indian Prawns Tomato/Tamatar Chaat,Snack,Indian,Non-Vegetarian,Prawns | Tomato/Tamatar | Onion/Pyaz,Prepare the matched ingredients together and serve as a balanced meal.,15
R01716,Indian Prawns Onion/Pyaz Chaat,Snack,Indian,Non-Vegetarian,Prawns | Onion/Pyaz | Tomato/Tamatar,Prepare the matched ingredients together and serve as a balanced meal.,15
R01717,Indian Prawns Cucumber/Kheera Chaat,Snack,Indian,Non-Vegetarian,Prawns | Cucumber/Kheera | Tomato/Tamatar | Onion/Pyaz,Prepare the matched ingredients together and serve as a balanced meal.,15
R01718,Indian Prawns Broccoli Chaat,Snack,Indian,Non-Vegetarian,Prawns | Broccoli | Tomato/Tamatar | Onion/Pyaz,Prepare the matched ingredients together and serve as a balanced meal.,15
R01719,Indian Prawns Mushroom Chaat,Snack,Indian,Non-Vegetarian,Prawns | Mushroom | Tomato/Tamatar | Onion/Pyaz,Prepare the matched ingredients together and serve as a balanced meal.,15
R01720,Indian Prawns Corn Chaat,Snack,Indian,Non-Vegetarian,Prawns | Corn | Tomato/Tamatar | Onion/Pyaz,Prepare the matched ingredients together and serve as a balanced meal.,15
R01721,Indian Prawns Methi Leaves Chaat,Snack,Indian,Non-Vegetarian,Prawns | Methi Leaves | Tomato/Tamatar | Onion/Pyaz,Prepare the matched ingredients together and serve as a balanced meal.,15
R01722,Indian Toor Dal Potato/Aloo Snack Bowl,Snack,Indian,Vegan,Toor Dal | Potato/Aloo | Peanuts,Prepare the matched ingredients together and serve as a balanced meal.,15
R01723,Indian Toor Dal Carrot/Gajar Snack Bowl,Snack,Indian,Vegan,Toor Dal | Carrot/Gajar | Peanuts,Prepare the matched ingredients together and serve as a balanced meal.,15
R01724,Indian Toor Dal Green Peas Fresh Snack Bowl,Snack,Indian,Vegan,Toor Dal | Green Peas Fresh | Peanuts,Prepare the matched ingredients together and serve as a balanced meal.,15
R01725,Indian Toor Dal Spinach/Palak Snack Bowl,Snack,Indian,Vegan,Toor Dal | Spinach/Palak | Peanuts,Prepare the matched ingredients together and serve as a balanced meal.,15
R01726,Indian Toor Dal Cauliflower/Gobhi Snack Bowl,Snack,Indian,Vegan,Toor Dal | Cauliflower/Gobhi | Peanuts,Prepare the matched ingredients together and serve as a balanced meal.,15
R01727,Indian Toor Dal Okra/Bhindi Snack Bowl,Snack,Indian,Vegan,Toor Dal | Okra/Bhindi | Peanuts,Prepare the matched ingredients together and serve as a balanced meal.,15
R01728,Indian Toor Dal Brinjal/Baingan Snack Bowl,Snack,Indian,Vegan,Toor Dal | Brinjal/Baingan | Peanuts,Prepare the matched ingredients together and serve as a balanced meal.,15
R01729,Indian Toor Dal Capsicum/Bell Pepper Snack Bowl,Snack,Indian,Vegan,Toor Dal | Capsicum/Bell Pepper | Peanuts,Prepare the matched ingredients together and serve as a balanced meal.,15
R01730,Indian Toor Dal Tomato/Tamatar Snack Bowl,Snack,Indian,Vegan,Toor Dal | Tomato/Tamatar | Peanuts,Prepare the matched ingredients together and serve as a balanced meal.,15
R01731,Indian Toor Dal Onion/Pyaz Snack Bowl,Snack,Indian,Vegan,Toor Dal | Onion/Pyaz | Peanuts,Prepare the matched ingredients together and serve as a balanced meal.,15
R01732,Indian Toor Dal Cucumber/Kheera Snack Bowl,Snack,Indian,Vegan,Toor Dal | Cucumber/Kheera | Peanuts,Prepare the matched ingredients together and serve as a balanced meal.,15
R01733,Indian Toor Dal Broccoli Snack Bowl,Snack,Indian,Vegan,Toor Dal | Broccoli | Peanuts,Prepare the matched ingredients together and serve as a balanced meal.,15
R01734,Indian Toor Dal Mushroom Snack Bowl,Snack,Indian,Vegan,Toor Dal | Mushroom | Peanuts,Prepare the matched ingredients together and serve as a balanced meal.,15
R01735,Indian Toor Dal Corn Snack Bowl,Snack,Indian,Vegan,Toor Dal | Corn | Peanuts,Prepare the matched ingredients together and serve as a balanced meal.,15
R01736,Indian Toor Dal Methi Leaves Snack Bowl,Snack,Indian,Vegan,Toor Dal | Methi Leaves | Peanuts,Prepare the matched ingredients together and serve as a balanced meal.,15
R01737,Indian Moong Dal Potato/Aloo Snack Bowl,Snack,Indian,Vegan,Moong Dal | Potato/Aloo | Peanuts,Prepare the matched ingredients together and serve as a balanced meal.,15
R01738,Indian Moong Dal Carrot/Gajar Snack Bowl,Snack,Indian,Vegan,Moong Dal | Carrot/Gajar | Peanuts,Prepare the matched ingredients together and serve as a balanced meal.,15
R01739,Indian Moong Dal Green Peas Fresh Snack Bowl,Snack,Indian,Vegan,Moong Dal | Green Peas Fresh | Peanuts,Prepare the matched ingredients together and serve as a balanced meal.,15
R01740,Indian Moong Dal Spinach/Palak Snack Bowl,Snack,Indian,Vegan,Moong Dal | Spinach/Palak | Peanuts,Prepare the matched ingredients together and serve as a balanced meal.,15
R01741,Indian Moong Dal Cauliflower/Gobhi Snack Bowl,Snack,Indian,Vegan,Moong Dal | Cauliflower/Gobhi | Peanuts,Prepare the matched ingredients together and serve as a balanced meal.,15
R01742,Indian Moong Dal Okra/Bhindi Snack Bowl,Snack,Indian,Vegan,Moong Dal | Okra/Bhindi | Peanuts,Prepare the matched ingredients together and serve as a balanced meal.,15
R01743,Indian Moong Dal Brinjal/Baingan Snack Bowl,Snack,Indian,Vegan,Moong Dal | Brinjal/Baingan | Peanuts,Prepare the matched ingredients together and serve as a balanced meal.,15
R01744,Indian Moong Dal Capsicum/Bell Pepper Snack Bowl,Snack,Indian,Vegan,Moong Dal | Capsicum/Bell Pepper | Peanuts,Prepare the matched ingredients together and serve as a balanced meal.,15
R01745,Indian Moong Dal Tomato/Tamatar Snack Bowl,Snack,Indian,Vegan,Moong Dal | Tomato/Tamatar | Peanuts,Prepare the matched ingredients together and serve as a balanced meal.,15
R01746,Indian Moong Dal Onion/Pyaz Snack Bowl,Snack,Indian,Vegan,Moong Dal | Onion/Pyaz | Peanuts,Prepare the matched ingredients together and serve as a balanced meal.,15
R01747,Indian Moong Dal Cucumber/Kheera Snack Bowl,Snack,Indian,Vegan,Moong Dal | Cucumber/Kheera | Peanuts,Prepare the matched ingredients together and serve as a balanced meal.,15
R01748,Indian Moong Dal Broccoli Snack Bowl,Snack,Indian,Vegan,Moong Dal | Broccoli | Peanuts,Prepare the matched ingredients together and serve as a balanced meal.,15
R01749,Indian Moong Dal Mushroom Snack Bowl,Snack,Indian,Vegan,Moong Dal | Mushroom | Peanuts,Prepare the matched ingredients together and serve as a balanced meal.,15
R01750,Indian Moong Dal Corn Snack Bowl,Snack,Indian,Vegan,Moong Dal | Corn | Peanuts,Prepare the matched ingredients together and serve as a balanced meal.,15
R01751,Mediterranean Quinoa Bowl,Lunch,Mediterranean,Vegan,Quinoa | Chickpeas/Kabuli Chana | Cucumber/Kheera | Tomato/Tamatar,Combine the ingredients and serve.,15
R01752,Mexican Bean Rice Bowl,Lunch,Mexican,Vegan,Brown Rice | Black Beans | Corn | Tomato/Tamatar,Combine the ingredients and serve.,15
R01753,Overnight Oats,Breakfast,International,Vegetarian,Rolled Oats | Toned Milk | Banana/Kela | Chia Seeds,Combine the ingredients and serve.,15
R01754,Greek Yogurt Berry Bowl,Breakfast,Mediterranean,Vegetarian,Greek Yogurt | Strawberries | Blueberries | Chia Seeds,Combine the ingredients and serve.,15
R01755,Vegetable Omelette,Breakfast,European,Vegetarian,Eggs | Mushroom | Tomato/Tamatar | Capsicum/Bell Pepper,Prepare the ingredients and serve as a balanced meal.,20
R01756,Granola Yogurt Bowl,Breakfast,International,Vegetarian,Granola | Greek Yogurt | Banana/Kela,Prepare the ingredients and serve as a balanced meal.,20
R01757,Apple Cinnamon Oats,Breakfast,American,Vegetarian,Rolled Oats | Apple/Seb | Toned Milk,Prepare the ingredients and serve as a balanced meal.,20
R01758,Berry Oatmeal,Breakfast,International,Vegetarian,Rolled Oats | Strawberries | Blueberries | Toned Milk,Prepare the ingredients and serve as a balanced meal.,20
R01759,Greek Chickpea Salad,Lunch,Greek,Vegan,Chickpeas/Kabuli Chana | Cucumber/Kheera | Tomato/Tamatar | Feta Cheese,Prepare the ingredients and serve as a balanced meal.,20
R01760,Mexican Chicken Rice Bowl,Lunch,Mexican,Non-Vegetarian,Brown Rice | Chicken Breast | Corn | Tomato/Tamatar,Prepare the ingredients and serve as a balanced meal.,20
R01761,Vegetable Burrito Bowl,Lunch,Mexican,Vegetarian,Brown Rice | Black Beans | Corn | Avocado,Prepare the ingredients and serve as a balanced meal.,20
R01762,Mediterranean Falafel Bowl,Lunch,Mediterranean,Vegan,Falafel | Hummus | Cucumber/Kheera | Tomato/Tamatar,Prepare the ingredients and serve as a balanced meal.,20
R01763,Asian Tofu Rice Bowl,Lunch,Asian,Vegan,Tofu | Rice | Carrot/Gajar | Broccoli,Prepare the ingredients and serve as a balanced meal.,20
R01764,Teriyaki Chicken Rice Bowl,Lunch,Japanese,Non-Vegetarian,Chicken Breast | Rice | Broccoli | Carrot/Gajar,Prepare the ingredients and serve as a balanced meal.,20
R01765,Thai Vegetable Rice Bowl,Lunch,Thai,Vegan,Rice | Tofu | Broccoli | Carrot/Gajar,Prepare the ingredients and serve as a balanced meal.,20
R01766,Mediterranean Chicken Quinoa Bowl,Lunch,Mediterranean,Non-Vegetarian,Quinoa | Chicken Breast | Cucumber/Kheera | Tomato/Tamatar,Prepare the ingredients and serve as a balanced meal.,20
R01767,Vegetable Fried Rice,Dinner,Chinese,Vegan,Rice | Carrot/Gajar | Green Peas Fresh | Eggs,Prepare the ingredients and serve as a balanced meal.,20
R01768,Chicken Fried Rice,Dinner,Chinese,Non-Vegetarian,Rice | Chicken Breast | Carrot/Gajar | Eggs,Prepare the ingredients and serve as a balanced meal.,20
R01769,Vegetable Stir Fry,Dinner,Asian,Vegan,Broccoli | Carrot/Gajar | Capsicum/Bell Pepper | Tofu,Prepare the ingredients and serve as a balanced meal.,20
R01770,Tofu Teriyaki Bowl,Dinner,Japanese,Vegan,Tofu | Rice | Broccoli | Carrot/Gajar,Prepare the ingredients and serve as a balanced meal.,20
R01771,Chicken Teriyaki Bowl,Dinner,Japanese,Non-Vegetarian,Chicken Breast | Rice | Broccoli | Carrot/Gajar,Prepare the ingredients and serve as a balanced meal.,20
R01772,Thai Coconut Vegetable Curry,Dinner,Thai,Vegan,Coconut Milk | Tofu | Broccoli | Carrot/Gajar,Prepare the ingredients and serve as a balanced meal.,20
R01773,Mediterranean Fish Bowl,Dinner,Mediterranean,Non-Vegetarian,Rohu Fish | Quinoa | Cucumber/Kheera | Tomato/Tamatar,Prepare the ingredients and serve as a balanced meal.,20
R01774,Hummus with Vegetables,Snack,Middle Eastern,Vegan,Hummus | Cucumber/Kheera | Carrot/Gajar,Prepare the ingredients and serve as a balanced meal.,20
R01775,Guacamole with Crackers,Snack,Mexican,Vegan,Avocado | Whole Grain Crackers | Tomato/Tamatar,Prepare the ingredients and serve as a balanced meal.,20
R01776,Greek Yogurt with Berries,Snack,Mediterranean,Vegetarian,Greek Yogurt | Strawberries | Blueberries,Prepare the ingredients and serve as a balanced meal.,20
R01777,Apple Peanut Butter Snack,Snack,American,Vegetarian,Apple/Seb | Peanut Butter,Prepare the ingredients and serve as a balanced meal.,20
R01778,Edamame Bowl,Snack,Japanese,Vegan,Edamame | Sesame Seeds | Soy Sauce,Prepare the ingredients and serve as a balanced meal.,20
R01779,Falafel Bites,Snack,Middle Eastern,Vegan,Falafel | Hummus,Prepare the ingredients and serve as a balanced meal.,20
R01780,Fruit Yogurt Bowl,Snack,International,Vegetarian,Greek Yogurt | Apple/Seb | Banana/Kela,Prepare the ingredients and serve as a balanced meal.,20
R01781,Oat Energy Bowl,Snack,International,Vegetarian,Rolled Oats | Peanut Butter | Banana/Kela,Prepare the ingredients and serve as a balanced meal.,20
R01782,American Chickpeas/Kabuli Chana Carrot/Gajar Quinoa Bowl 1,Lunch,American,Vegan,Quinoa | Chickpeas/Kabuli Chana | Carrot/Gajar,Prepare the ingredients together and serve.,20
R01783,Asian Chickpeas/Kabuli Chana Broccoli Quinoa Bowl 2,Lunch,Asian,Vegan,Quinoa | Chickpeas/Kabuli Chana | Broccoli,Prepare the ingredients together and serve.,20
R01784,American Chickpeas/Kabuli Chana Cucumber/Kheera Quinoa Bowl 3,Lunch,American,Vegan,Quinoa | Chickpeas/Kabuli Chana | Cucumber/Kheera,Prepare the ingredients together and serve.,20
R01785,Italian Chickpeas/Kabuli Chana Tomato/Tamatar Quinoa Bowl 4,Lunch,Italian,Vegan,Quinoa | Chickpeas/Kabuli Chana | Tomato/Tamatar,Prepare the ingredients together and serve.,20
R01786,Italian Chickpeas/Kabuli Chana Capsicum/Bell Pepper Quinoa Bowl 5,Lunch,Italian,Vegan,Quinoa | Chickpeas/Kabuli Chana | Capsicum/Bell Pepper,Prepare the ingredients together and serve.,20
R01787,International Chickpeas/Kabuli Chana Spinach/Palak Quinoa Bowl 6,Dinner,International,Vegan,Quinoa | Chickpeas/Kabuli Chana | Spinach/Palak,Prepare the ingredients together and serve.,20
R01788,Mexican Chickpeas/Kabuli Chana Green Peas Fresh Quinoa Bowl 7,Dinner,Mexican,Vegan,Quinoa | Chickpeas/Kabuli Chana | Green Peas Fresh,Prepare the ingredients together and serve.,20
R01789,Asian Black Beans Carrot/Gajar Brown Rice Bowl 8,Dinner,Asian,Vegan,Brown Rice | Black Beans | Carrot/Gajar,Prepare the ingredients together and serve.,20
R01790,Mexican Black Beans Broccoli Brown Rice Bowl 9,Dinner,Mexican,Vegan,Brown Rice | Black Beans | Broccoli,Prepare the ingredients together and serve.,20
R01791,Mexican Black Beans Cucumber/Kheera Brown Rice Bowl 10,Lunch,Mexican,Vegan,Brown Rice | Black Beans | Cucumber/Kheera,Prepare the ingredients together and serve.,20
R01792,International Black Beans Tomato/Tamatar Brown Rice Bowl 11,Lunch,International,Vegan,Brown Rice | Black Beans | Tomato/Tamatar,Prepare the ingredients together and serve.,20
R01793,International Black Beans Capsicum/Bell Pepper Brown Rice Bowl 12,Lunch,International,Vegan,Brown Rice | Black Beans | Capsicum/Bell Pepper,Prepare the ingredients together and serve.,20
R01794,Italian Black Beans Spinach/Palak Brown Rice Bowl 13,Lunch,Italian,Vegan,Brown Rice | Black Beans | Spinach/Palak,Prepare the ingredients together and serve.,20
R01795,Italian Black Beans Green Peas Fresh Brown Rice Bowl 14,Lunch,Italian,Vegan,Brown Rice | Black Beans | Green Peas Fresh,Prepare the ingredients together and serve.,20
R01796,Japanese Tofu Carrot/Gajar Rice Bowl 15,Dinner,Japanese,Vegan,Rice | Tofu | Carrot/Gajar,Prepare the ingredients together and serve.,20
R01797,Italian Tofu Broccoli Rice Bowl 16,Dinner,Italian,Vegan,Rice | Tofu | Broccoli,Prepare the ingredients together and serve.,20
R01798,International Tofu Cucumber/Kheera Rice Bowl 17,Dinner,International,Vegan,Rice | Tofu | Cucumber/Kheera,Prepare the ingredients together and serve.,20
R01799,Japanese Tofu Tomato/Tamatar Rice Bowl 18,Lunch,Japanese,Vegan,Rice | Tofu | Tomato/Tamatar,Prepare the ingredients together and serve.,20
R01800,American Tofu Capsicum/Bell Pepper Rice Bowl 19,Lunch,American,Vegan,Rice | Tofu | Capsicum/Bell Pepper,Prepare the ingredients together and serve.,20
R01801,International Tofu Spinach/Palak Rice Bowl 20,Dinner,International,Vegan,Rice | Tofu | Spinach/Palak,Prepare the ingredients together and serve.,20
R01802,International Tofu Green Peas Fresh Rice Bowl 21,Lunch,International,Vegan,Rice | Tofu | Green Peas Fresh,Prepare the ingredients together and serve.,20
R01803,Mexican Chicken Breast Carrot/Gajar Rice Bowl 22,Dinner,Mexican,Non-Vegetarian,Rice | Chicken Breast | Carrot/Gajar,Prepare the ingredients together and serve.,20
R01804,Mediterranean Chicken Breast Broccoli Rice Bowl 23,Lunch,Mediterranean,Non-Vegetarian,Rice | Chicken Breast | Broccoli,Prepare the ingredients together and serve.,20
R01805,Mexican Chicken Breast Cucumber/Kheera Rice Bowl 24,Lunch,Mexican,Non-Vegetarian,Rice | Chicken Breast | Cucumber/Kheera,Prepare the ingredients together and serve.,20
R01806,Mediterranean Chicken Breast Tomato/Tamatar Rice Bowl 25,Lunch,Mediterranean,Non-Vegetarian,Rice | Chicken Breast | Tomato/Tamatar,Prepare the ingredients together and serve.,20
R01807,Mexican Chicken Breast Capsicum/Bell Pepper Rice Bowl 26,Dinner,Mexican,Non-Vegetarian,Rice | Chicken Breast | Capsicum/Bell Pepper,Prepare the ingredients together and serve.,20
R01808,International Chicken Breast Spinach/Palak Rice Bowl 27,Dinner,International,Non-Vegetarian,Rice | Chicken Breast | Spinach/Palak,Prepare the ingredients together and serve.,20
R01809,Italian Chicken Breast Green Peas Fresh Rice Bowl 28,Lunch,Italian,Non-Vegetarian,Rice | Chicken Breast | Green Peas Fresh,Prepare the ingredients together and serve.,20
R01810,Italian Mushroom Carrot/Gajar Whole Wheat Pasta Bowl 29,Dinner,Italian,Vegetarian,Whole Wheat Pasta | Mushroom | Carrot/Gajar,Prepare the ingredients together and serve.,20
R01811,Italian Mushroom Broccoli Whole Wheat Pasta Bowl 30,Lunch,Italian,Vegetarian,Whole Wheat Pasta | Mushroom | Broccoli,Prepare the ingredients together and serve.,20
R01812,International Mushroom Cucumber/Kheera Whole Wheat Pasta Bowl 31,Lunch,International,Vegetarian,Whole Wheat Pasta | Mushroom | Cucumber/Kheera,Prepare the ingredients together and serve.,20
R01813,Italian Mushroom Tomato/Tamatar Whole Wheat Pasta Bowl 32,Lunch,Italian,Vegetarian,Whole Wheat Pasta | Mushroom | Tomato/Tamatar,Prepare the ingredients together and serve.,20
R01814,Mediterranean Mushroom Capsicum/Bell Pepper Whole Wheat Pasta Bowl 33,Lunch,Mediterranean,Vegetarian,Whole Wheat Pasta | Mushroom | Capsicum/Bell Pepper,Prepare the ingredients together and serve.,20
R01815,Asian Mushroom Spinach/Palak Whole Wheat Pasta Bowl 34,Lunch,Asian,Vegetarian,Whole Wheat Pasta | Mushroom | Spinach/Palak,Prepare the ingredients together and serve.,20
R01816,International Mushroom Green Peas Fresh Whole Wheat Pasta Bowl 35,Lunch,International,Vegetarian,Whole Wheat Pasta | Mushroom | Green Peas Fresh,Prepare the ingredients together and serve.,20
R01817,Italian Chicken Breast Carrot/Gajar Whole Wheat Pasta Bowl 36,Dinner,Italian,Non-Vegetarian,Whole Wheat Pasta | Chicken Breast | Carrot/Gajar,Prepare the ingredients together and serve.,20
R01818,Italian Chicken Breast Broccoli Whole Wheat Pasta Bowl 37,Lunch,Italian,Non-Vegetarian,Whole Wheat Pasta | Chicken Breast | Broccoli,Prepare the ingredients together and serve.,20
R01819,Italian Chicken Breast Cucumber/Kheera Whole Wheat Pasta Bowl 38,Lunch,Italian,Non-Vegetarian,Whole Wheat Pasta | Chicken Breast | Cucumber/Kheera,Prepare the ingredients together and serve.,20
R01820,International Chicken Breast Tomato/Tamatar Whole Wheat Pasta Bowl 39,Dinner,International,Non-Vegetarian,Whole Wheat Pasta | Chicken Breast | Tomato/Tamatar,Prepare the ingredients together and serve.,20
R01821,American Chicken Breast Capsicum/Bell Pepper Whole Wheat Pasta Bowl 40,Lunch,American,Non-Vegetarian,Whole Wheat Pasta | Chicken Breast | Capsicum/Bell Pepper,Prepare the ingredients together and serve.,20
R01822,Mediterranean Chicken Breast Spinach/Palak Whole Wheat Pasta Bowl 41,Lunch,Mediterranean,Non-Vegetarian,Whole Wheat Pasta | Chicken Breast | Spinach/Palak,Prepare the ingredients together and serve.,20
R01823,Italian Chicken Breast Green Peas Fresh Whole Wheat Pasta Bowl 42,Lunch,Italian,Non-Vegetarian,Whole Wheat Pasta | Chicken Breast | Green Peas Fresh,Prepare the ingredients together and serve.,20
R01824,Japanese Tofu Carrot/Gajar Rice Noodles Bowl 43,Lunch,Japanese,Vegan,Rice Noodles | Tofu | Carrot/Gajar,Prepare the ingredients together and serve.,20
R01825,Mediterranean Tofu Broccoli Rice Noodles Bowl 44,Lunch,Mediterranean,Vegan,Rice Noodles | Tofu | Broccoli,Prepare the ingredients together and serve.,20
R01826,Mediterranean Tofu Cucumber/Kheera Rice Noodles Bowl 45,Lunch,Mediterranean,Vegan,Rice Noodles | Tofu | Cucumber/Kheera,Prepare the ingredients together and serve.,20
R01827,Asian Tofu Tomato/Tamatar Rice Noodles Bowl 46,Dinner,Asian,Vegan,Rice Noodles | Tofu | Tomato/Tamatar,Prepare the ingredients together and serve.,20
R01828,Mediterranean Tofu Capsicum/Bell Pepper Rice Noodles Bowl 47,Dinner,Mediterranean,Vegan,Rice Noodles | Tofu | Capsicum/Bell Pepper,Prepare the ingredients together and serve.,20
R01829,Asian Tofu Spinach/Palak Rice Noodles Bowl 48,Dinner,Asian,Vegan,Rice Noodles | Tofu | Spinach/Palak,Prepare the ingredients together and serve.,20
R01830,American Tofu Green Peas Fresh Rice Noodles Bowl 49,Dinner,American,Vegan,Rice Noodles | Tofu | Green Peas Fresh,Prepare the ingredients together and serve.,20
R01831,Italian Chicken Breast Carrot/Gajar Rice Noodles Bowl 50,Dinner,Italian,Non-Vegetarian,Rice Noodles | Chicken Breast | Carrot/Gajar,Prepare the ingredients together and serve.,20
R01832,American Chicken Breast Broccoli Rice Noodles Bowl 51,Lunch,American,Non-Vegetarian,Rice Noodles | Chicken Breast | Broccoli,Prepare the ingredients together and serve.,20
R01833,Asian Chicken Breast Cucumber/Kheera Rice Noodles Bowl 52,Dinner,Asian,Non-Vegetarian,Rice Noodles | Chicken Breast | Cucumber/Kheera,Prepare the ingredients together and serve.,20
R01834,International Chicken Breast Tomato/Tamatar Rice Noodles Bowl 53,Dinner,International,Non-Vegetarian,Rice Noodles | Chicken Breast | Tomato/Tamatar,Prepare the ingredients together and serve.,20
R01835,Asian Chicken Breast Capsicum/Bell Pepper Rice Noodles Bowl 54,Dinner,Asian,Non-Vegetarian,Rice Noodles | Chicken Breast | Capsicum/Bell Pepper,Prepare the ingredients together and serve.,20
R01836,Mexican Chicken Breast Spinach/Palak Rice Noodles Bowl 55,Lunch,Mexican,Non-Vegetarian,Rice Noodles | Chicken Breast | Spinach/Palak,Prepare the ingredients together and serve.,20
R01837,Asian Chicken Breast Green Peas Fresh Rice Noodles Bowl 56,Lunch,Asian,Non-Vegetarian,Rice Noodles | Chicken Breast | Green Peas Fresh,Prepare the ingredients together and serve.,20
R01838,Asian Greek Yogurt Carrot/Gajar Rolled Oats Bowl 57,Breakfast,Asian,Vegetarian,Rolled Oats | Greek Yogurt | Carrot/Gajar,Prepare the ingredients together and serve.,20
R01839,American Greek Yogurt Broccoli Rolled Oats Bowl 58,Breakfast,American,Vegetarian,Rolled Oats | Greek Yogurt | Broccoli,Prepare the ingredients together and serve.,20
R01840,International Greek Yogurt Cucumber/Kheera Rolled Oats Bowl 59,Breakfast,International,Vegetarian,Rolled Oats | Greek Yogurt | Cucumber/Kheera,Prepare the ingredients together and serve.,20
R01841,Italian Greek Yogurt Tomato/Tamatar Rolled Oats Bowl 60,Breakfast,Italian,Vegetarian,Rolled Oats | Greek Yogurt | Tomato/Tamatar,Prepare the ingredients together and serve.,20
R01842,Italian Greek Yogurt Capsicum/Bell Pepper Rolled Oats Bowl 61,Breakfast,Italian,Vegetarian,Rolled Oats | Greek Yogurt | Capsicum/Bell Pepper,Prepare the ingredients together and serve.,20
R01843,Mexican Greek Yogurt Spinach/Palak Rolled Oats Bowl 62,Breakfast,Mexican,Vegetarian,Rolled Oats | Greek Yogurt | Spinach/Palak,Prepare the ingredients together and serve.,20
R01844,American Greek Yogurt Green Peas Fresh Rolled Oats Bowl 63,Breakfast,American,Vegetarian,Rolled Oats | Greek Yogurt | Green Peas Fresh,Prepare the ingredients together and serve.,20
